#include "sm64.h"
#include "types.h"
#include "animation_data.h"

/* Graph 35+E II memory profile: exact SM64 animation data for the
 * animations reachable in the single flat-platform sandbox. Missing
 * level/cutscene-only animation IDs fall back to an original idle pose.
 */

static const u16 anim_01_02_indices[] = {
    0x0001, 0x0000, 0x0050, 0x0001, 0x0050, 0x0051, 0x0001, 0x0000, 0x0001, 0x00A1, 0x0001, 0x0000, 0x0050, 0x0BE8, 0x0050, 0x0C38,
    0x0050, 0x0C88, 0x0050, 0x0AF8, 0x0050, 0x0B48, 0x0050, 0x0B98, 0x0050, 0x0A08, 0x0050, 0x0A58, 0x0050, 0x0AA8, 0x0001, 0x09B5,
    0x0001, 0x09B6, 0x0001, 0x09B7, 0x0050, 0x01E2, 0x0050, 0x0232, 0x0050, 0x0282, 0x0001, 0x0000, 0x0001, 0x0000, 0x0050, 0x0192,
    0x0050, 0x00A2, 0x0050, 0x00F2, 0x0050, 0x0142, 0x0001, 0x0962, 0x0001, 0x0963, 0x0050, 0x0964, 0x0050, 0x0412, 0x0050, 0x0462,
    0x0050, 0x04B2, 0x0001, 0x0000, 0x0001, 0x0000, 0x0050, 0x03C2, 0x0050, 0x02D2, 0x0050, 0x0322, 0x0050, 0x0372, 0x0001, 0x0000,
    0x0001, 0x0000, 0x0001, 0x09B4, 0x0050, 0x0872, 0x0050, 0x08C2, 0x0050, 0x0912, 0x0001, 0x0000, 0x0001, 0x0000, 0x0050, 0x0822,
    0x0050, 0x0732, 0x0050, 0x0782, 0x0050, 0x07D2, 0x0001, 0x0000, 0x0001, 0x0000, 0x0050, 0x09B8, 0x0050, 0x0642, 0x0050, 0x0692,
    0x0050, 0x06E2, 0x0001, 0x0000, 0x0001, 0x0000, 0x0050, 0x05F2, 0x0050, 0x0502, 0x0050, 0x0552, 0x0050, 0x05A2,
};

static const s16 anim_01_02_values[] = {
    0x0000, 0x00A0, 0x009B, 0x008F, 0x007F, 0x006D, 0x005B, 0x004D, 0x0045, 0x0045, 0x0056, 0x0076, 0x009D, 0x00C5, 0x00E4, 0x00F3,
    0x00EE, 0x00DC, 0x00C0, 0x00A1, 0x0083, 0x006A, 0x005B, 0x005D, 0x006B, 0x007F, 0x0090, 0x0094, 0x0088, 0x0072, 0x005C, 0x004D,
    0x0051, 0x005E, 0x0063, 0x005D, 0x0054, 0x004D, 0x0050, 0x0057, 0x0056, 0x0052, 0x004E, 0x004C, 0x004B, 0x004B, 0x004A, 0x004A,
    0x004A, 0x0049, 0x0048, 0x0047, 0x0047, 0x0046, 0x0045, 0x0044, 0x0043, 0x0041, 0x003F, 0x003D, 0x003A, 0x0037, 0x0035, 0x0033,
    0x0033, 0x0034, 0x0043, 0x005A, 0x006F, 0x007E, 0x0084, 0x008B, 0x0092, 0x0098, 0x009E, 0x00A2, 0x00A5, 0x00A8, 0x00A9, 0x00AA,
    0x00AA, 0xFFDB, 0xFFDB, 0xFFDB, 0xFFDB, 0xFFDB, 0xFFDB, 0xFFDB, 0xFFDB, 0xFFDB, 0xFFDB, 0xFFDB, 0xFFDB, 0xFFDB, 0xFFDB, 0xFFDB,
    0xFFDB, 0xFFDB, 0xFFDB, 0xFFDB, 0xFFDB, 0xFFDB, 0xFFDB, 0xFFDB, 0xFFDB, 0xFFDB, 0xFFDB, 0xFFDB, 0xFFDB, 0xFFDB, 0xFFDB, 0xFFDB,
    0xFFDB, 0xFFDB, 0xFFDB, 0xFFDB, 0xFFDB, 0xFFDB, 0xFFDB, 0xFFDB, 0xFFDB, 0xFFDB, 0xFFDB, 0xFFDB, 0xFFDB, 0xFFDB, 0xFFDB, 0xFFDB,
    0xFFDB, 0xFFDB, 0xFFDB, 0xFFDB, 0xFFDB, 0xFFDB, 0xFFDB, 0xFFDB, 0xFFDB, 0xFFDB, 0xFFDB, 0xFFDB, 0xFFDB, 0xFFDB, 0xFFDB, 0xFFDB,
    0xFFDB, 0xFFDC, 0xFFDE, 0xFFE2, 0xFFF1, 0x0005, 0x0013, 0x001D, 0x001C, 0x001A, 0x0017, 0x0013, 0x000E, 0x0009, 0x0005, 0x0001,
    0x0000, 0x3FFF, 0x0000, 0x0000, 0x0000, 0x0000, 0x0000, 0x0000, 0x0000, 0x0000, 0x0000, 0x0000, 0x0000, 0x0000, 0x0000, 0x0000,
    0x0000, 0x0000, 0x0000, 0x0000, 0x0000, 0x0000, 0x0000, 0x0000, 0x0000, 0x0000, 0x0000, 0x0000, 0x0000, 0x0000, 0x0000, 0x0000,
    0x0000, 0x0000, 0x0000, 0x0003, 0x0009, 0x000A, 0x0000, 0xFFE9, 0xFFC8, 0xFFA0, 0xFF72, 0xFF40, 0xFF0A, 0xFED2, 0xFE9B, 0xFE64,
    0xFE30, 0xFDFF, 0xFDD4, 0xFDB0, 0xFD93, 0xFD81, 0xFD79, 0xFD7E, 0xFD90, 0xFDB1, 0xFDE4, 0xFE28, 0xFF08, 0x00C9, 0x0303, 0x054E,
    0x0740, 0x0872, 0x087C, 0x044D, 0xFCC6, 0xF75C, 0xFE60, 0xFF02, 0xFF7B, 0xFFD1, 0x0007, 0x0025, 0x0030, 0x002D, 0x0021, 0x0012,
    0x0005, 0x0000, 0xF97C, 0xF97C, 0xF97C, 0xF97C, 0xF97C, 0xF97C, 0xF97C, 0xF97C, 0xF97C, 0xF97C, 0xF97C, 0xF97C, 0xF97C, 0xF97C,
    0xF97C, 0xF97C, 0xF97C, 0xF97C, 0xF97C, 0xF97C, 0xF97C, 0xF97C, 0xF97C, 0xF97C, 0xF97C, 0xF97C, 0xF97C, 0xF97C, 0xF97C, 0xF97C,
    0xF97C, 0xF97C, 0xF97C, 0xF99C, 0xF9D1, 0xF9DC, 0xF97C, 0xF8CF, 0xF820, 0xF76E, 0xF6B9, 0xF601, 0xF547, 0xF489, 0xF3C8, 0xF304,
    0xF23D, 0xF172, 0xF0A4, 0xEFD3, 0xEEFE, 0xEE26, 0xED49, 0xEC69, 0xEB85, 0xEA9E, 0xE9B2, 0xE8C2, 0xE77D, 0xE5BE, 0xE3C7, 0xE1DE,
    0xE043, 0xDF3C, 0xDF0B, 0xE1DD, 0xE756, 0xEBE7, 0xEAC3, 0xEC0A, 0xED90, 0xEF3F, 0xF105, 0xF2CE, 0xF487, 0xF61B, 0xF778, 0xF889,
    0xF93C, 0xF97C, 0xED8C, 0xED8C, 0xED8C, 0xED8C, 0xED8C, 0xED8C, 0xED8C, 0xED8C, 0xED8C, 0xED8C, 0xED8C, 0xED8C, 0xED8C, 0xED8C,
    0xED8C, 0xED8C, 0xED8C, 0xED8C, 0xED8C, 0xED8C, 0xED8C, 0xED8C, 0xED8C, 0xED8C, 0xED8C, 0xED8C, 0xED8C, 0xED8C, 0xED8C, 0xED8C,
    0xED8C, 0xED8C, 0xED8C, 0xEDAB, 0xEDDE, 0xEDE9, 0xED8C, 0xECE2, 0xEC32, 0xEB7A, 0xEABD, 0xE9FB, 0xE935, 0xE86A, 0xE79D, 0xE6CD,
    0xE5FC, 0xE52A, 0xE458, 0xE386, 0xE2B6, 0xE1E8, 0xE11C, 0xE054, 0xDF90, 0xDED0, 0xDE17, 0xDD63, 0xDC81, 0xDB63, 0xDA44, 0xD95D,
    0xD8EA, 0xD925, 0xDA4A, 0xDFE6, 0xE8CC, 0xEE21, 0xDF53, 0xDF9D, 0xE07F, 0xE1D8, 0xE385, 0xE565, 0xE757, 0xE93A, 0xEAEB, 0xEC4B,
    0xED36, 0xED8C, 0xCA4F, 0xC9D0, 0xC950, 0xCA4F, 0xCE21, 0xD372, 0xD7C1, 0xDAB3, 0xDD8C, 0xE03A, 0xE2AF, 0xE4D9, 0xE6A8, 0xE80D,
    0xE8E8, 0xE93D, 0xE931, 0xE8E8, 0xE887, 0xE832, 0xE80D, 0xE80D, 0xE80D, 0xE80D, 0xE80D, 0xE80D, 0xE80D, 0xE80D, 0xE80D, 0xE80D,
    0xE80D, 0xE80D, 0xE80D, 0xE80D, 0xE80D, 0xE80D, 0xE80D, 0xE80D, 0xE80D, 0xE80D, 0xE80D, 0xE80D, 0xE80D, 0xE80D, 0xE80D, 0xE80D,
    0xE80D, 0xE80D, 0xE80D, 0xE80D, 0xE80D, 0xE80D, 0xE80D, 0xE80D, 0xE80D, 0xE80D, 0xE80D, 0xE80D, 0xE7C9, 0xE72A, 0xE674, 0xE5EB,
    0xE5D4, 0xE674, 0xE80D, 0xED64, 0xF61B, 0xFDC9, 0x0000, 0xFD1D, 0xF8AB, 0xF30E, 0xECA7, 0xE5DB, 0xDF0C, 0xD89C, 0xD2EF, 0xCE66,
    0xCB65, 0xCA4F, 0xCA38, 0xCC81, 0xCEC9, 0xCA38, 0xB678, 0x9BDE, 0x8C8F, 0x8B3E, 0x8DB2, 0x92A4, 0x98D1, 0x9EF4, 0xA3C8, 0xA608,
    0xA581, 0xA341, 0x9FE9, 0x9C19, 0x9872, 0x9595, 0x9421, 0x94BC, 0x9706, 0x9A1A, 0x9D11, 0x9F07, 0x9F16, 0x9B1B, 0x93C1, 0x8C5B,
    0x883A, 0x8F46, 0x96C9, 0x938A, 0x8D23, 0x8740, 0x858D, 0x875C, 0x8988, 0x8C0A, 0x8EDD, 0x91F9, 0x955A, 0x98F7, 0x9CCB, 0xA0D0,
    0xA4FF, 0xA952, 0xADC3, 0xB24A, 0xB783, 0xBDCE, 0xC4CD, 0xCC21, 0xD36D, 0xDA53, 0xE074, 0xE574, 0xE913, 0xEB8C, 0xED3A, 0xEE74,
    0xEF96, 0xF0F7, 0xF2F2, 0xF697, 0xFB05, 0xFFE9, 0x02D1, 0x02A7, 0x022F, 0x017B, 0x009B, 0xFFA0, 0xFE99, 0xFD99, 0xFCAF, 0xFBEB,
    0xFB60, 0xFB1D, 0xC607, 0xC60B, 0xC60F, 0xC607, 0xC55A, 0xC4A2, 0xC5A2, 0xC8AF, 0xCCA6, 0xD114, 0xD587, 0xD98B, 0xDCAD, 0xDE7A,
    0xDEA8, 0xDD84, 0xDB7E, 0xD909, 0xD695, 0xD494, 0xD378, 0xD374, 0xD435, 0xD55E, 0xD695, 0xD77D, 0xD7BB, 0xD6BA, 0xD4BA, 0xD2A3,
    0xD15C, 0xD2B0, 0xD449, 0xD3C9, 0xD2B8, 0xD1A8, 0xD127, 0xD11D, 0xD113, 0xD10C, 0xD109, 0xD10F, 0xD120, 0xD13F, 0xD16E, 0xD1B1,
    0xD20A, 0xD27C, 0xD30A, 0xD3B6, 0xD49B, 0xD5CA, 0xD739, 0xD8DC, 0xDAA9, 0xDC95, 0xDE97, 0xE0A2, 0xE301, 0xE5D8, 0xE8EA, 0xEBF5,
    0xEEBB, 0xF0FB, 0xF278, 0xEE96, 0xE9CD, 0xECD0, 0xEF55, 0xED2F, 0xEA64, 0xE723, 0xE39D, 0xE000, 0xDC7B, 0xD940, 0xD67C, 0xD460,
    0xD31B, 0xD2DC, 0xE105, 0xDEAC, 0xDC53, 0xE105, 0xF593, 0x112B, 0x2062, 0x204F, 0x1BF7, 0x14DB, 0x0C77, 0x044A, 0xFDD4, 0xFA90,
    0xFAD1, 0xFD5C, 0x0162, 0x0614, 0x0AA3, 0x0E3E, 0x1016, 0x0F74, 0x0CDD, 0x0959, 0x05F0, 0x03A9, 0x038E, 0x0805, 0x104A, 0x18A0,
    0x1D4A, 0x1575, 0x0D14, 0x1048, 0x16B9, 0x1D21, 0x2039, 0x206A, 0x204F, 0x1FF1, 0x1F54, 0x1E7F, 0x1D78, 0x1C46, 0x1AEF, 0x197A,
    0x17EC, 0x164C, 0x14A1, 0x12F0, 0x1103, 0x0EAD, 0x0C03, 0x091A, 0x0608, 0x02E2, 0xFFBD, 0xFCAC, 0xF9BD, 0xF6DC, 0xF3F1, 0xF0E5,
    0xED9F, 0xEA0A, 0xE60B, 0xDF38, 0xD69F, 0xCCE2, 0xC6F6, 0xC729, 0xC7F6, 0xC93C, 0xCADA, 0xCCAD, 0xCE95, 0xD06F, 0xD21B, 0xD376,
    0xD45E, 0xD4B4, 0x0000, 0x0000, 0x0000, 0x0000, 0x0000, 0x0000, 0x0000, 0x0000, 0x0000, 0x0000, 0x0000, 0x0000, 0x0000, 0x0000,
    0x0000, 0x0000, 0x0000, 0x0000, 0x0000, 0x0000, 0x0000, 0x0000, 0x0000, 0x0000, 0x0000, 0x0000, 0x0000, 0x0000, 0x0000, 0x0000,
    0x0000, 0x0000, 0x0000, 0x0000, 0x0000, 0x0000, 0x0000, 0xFFE5, 0xFF9C, 0xFF33, 0xFEB8, 0xFE38, 0xFDC1, 0xFD61, 0xFD26, 0xFD1D,
    0xFD53, 0xFDD8, 0xFEB8, 0x0000, 0x0248, 0x05D9, 0x0A4C, 0x0F3A, 0x143A, 0x18E7, 0x1CD9, 0x1FA9, 0x2160, 0x225E, 0x22B9, 0x228A,
    0x21E8, 0x20EA, 0x1FA9, 0x1C01, 0x163D, 0x1215, 0x0FF4, 0x0DD0, 0x0BB2, 0x09A4, 0x07B0, 0x05E0, 0x043C, 0x02CF, 0x01A3, 0x00C0,
    0x0031, 0x0000, 0x0000, 0x0000, 0x0000, 0x0000, 0x0000, 0x0000, 0x0000, 0x0000, 0x0000, 0x0000, 0x0000, 0x0000, 0x0000, 0x0000,
    0x0000, 0x0000, 0x0000, 0x0000, 0x0000, 0x0000, 0x0000, 0x0000, 0x0000, 0x0000, 0x0000, 0x0000, 0x0000, 0x0000, 0x0000, 0x0000,
    0x0000, 0x0000, 0x0000, 0x0000, 0x0000, 0x0000, 0x0000, 0xFFF9, 0xFFE5, 0xFFC7, 0xFFA5, 0xFF82, 0xFF61, 0xFF46, 0xFF36, 0xFF33,
    0xFF42, 0xFF67, 0xFFA5, 0x0000, 0x00A2, 0x01A0, 0x02DC, 0x043A, 0x059E, 0x06EA, 0x0803, 0x08CB, 0x093D, 0x0972, 0x0977, 0x095A,
    0x092B, 0x08F6, 0x08CB, 0x0884, 0x0808, 0x0775, 0x06D1, 0x0617, 0x054D, 0x047B, 0x03A7, 0x02D9, 0x0217, 0x0169, 0x00D5, 0x0063,
    0x001A, 0x0000, 0xF549, 0xF549, 0xF549, 0xF549, 0xF549, 0xF549, 0xF549, 0xF549, 0xF549, 0xF549, 0xF549, 0xF549, 0xF549, 0xF549,
    0xF549, 0xF549, 0xF549, 0xF549, 0xF549, 0xF549, 0xF549, 0xF549, 0xF549, 0xF549, 0xF549, 0xF549, 0xF549, 0xF549, 0xF549, 0xF549,
    0xF549, 0xF549, 0xF549, 0xF549, 0xF549, 0xF549, 0xF549, 0xF552, 0xF56A, 0xF58D, 0xF5B6, 0xF5E0, 0xF607, 0xF627, 0xF63A, 0xF63D,
    0xF62B, 0xF5FF, 0xF5B6, 0xF549, 0xF489, 0xF35C, 0xF1E4, 0xF045, 0xEE9E, 0xED14, 0xEBC7, 0xEADA, 0xEA52, 0xEA14, 0xEA0E, 0xEA2F,
    0xEA68, 0xEAA6, 0xEADA, 0xEB2E, 0xEBC0, 0xEC70, 0xED32, 0xEE0F, 0xEEFE, 0xEFF8, 0xF0F3, 0xF1E8, 0xF2CE, 0xF39C, 0xF44B, 0xF4D3,
    0xF52A, 0xF549, 0xC7DD, 0xC7DD, 0xC7DD, 0xC7DD, 0xC759, 0xC6D5, 0xC7DD, 0xCAA8, 0xCE29, 0xD210, 0xD607, 0xD9BD, 0xDCDE, 0xDF17,
    0xE058, 0xE0E9, 0xE0F1, 0xE09D, 0xE016, 0xDF85, 0xDF17, 0xDEA8, 0xDE08, 0xDD48, 0xDC7C, 0xDBB6, 0xDB07, 0xDA4D, 0xD987, 0xD8FE,
    0xD8FA, 0xDAEE, 0xDD0D, 0xDD6F, 0xDD64, 0xDD2E, 0xDD0D, 0xDD14, 0xDD27, 0xDD42, 0xDD62, 0xDD83, 0xDDA1, 0xDDBA, 0xDDC9, 0xDDCC,
    0xDDBD, 0xDD9B, 0xDD62, 0xDD0D, 0xDC91, 0xDBE7, 0xDB12, 0xDA15, 0xD8F5, 0xD7B6, 0xD65B, 0xD4E7, 0xD2DB, 0xD005, 0xCCDE, 0xC9E0,
    0xC787, 0xC64A, 0xC6A5, 0xCE01, 0xDA92, 0xE1FA, 0xE282, 0xE196, 0xDF98, 0xDCE8, 0xD9E6, 0xD6F3, 0xD46E, 0xD1BB, 0xCE71, 0xCB3E,
    0xC8D3, 0xC7DD, 0xFF43, 0xFF33, 0xFF24, 0xFF43, 0xFD80, 0xFBEB, 0x00E0, 0x0CEC, 0x1B9F, 0x2BE3, 0x3CA1, 0x4CC0, 0x5B29, 0x66C6,
    0x6FC1, 0x7724, 0x7D1D, 0x81E2, 0x859C, 0x887E, 0x8ABB, 0x8B81, 0x8A5A, 0x87F8, 0x850E, 0x824E, 0x806C, 0x7EC0, 0x7D0B, 0x7C8C,
    0x7E87, 0x8A78, 0x963C, 0x976C, 0x95C7, 0x9364, 0x925D, 0x928B, 0x9273, 0x922F, 0x91D8, 0x9189, 0x915C, 0x9168, 0x91CA, 0x9299,
    0x93F0, 0x95E8, 0x989C, 0x9C24, 0xA19E, 0xA99B, 0xB362, 0xBE3B, 0xC96F, 0xD445, 0xDE06, 0xE5F8, 0xEBCE, 0xF016, 0xF362, 0xF645,
    0xF953, 0xFD1E, 0x0239, 0x10BB, 0x223A, 0x2186, 0x0DE8, 0xF592, 0xD9B6, 0xBB84, 0x9C2F, 0x7CE6, 0x5EE0, 0x434C, 0x2B5A, 0x183E,
    0x0B29, 0x054B, 0x2D41, 0x2D42, 0x2D43, 0x2D41, 0x2D51, 0x2D5D, 0x2D1D, 0x2C69, 0x2B66, 0x2A45, 0x2937, 0x286B, 0x2813, 0x285E,
    0x29B9, 0x2C1B, 0x2F0B, 0x320A, 0x349F, 0x364C, 0x3695, 0x34C9, 0x311B, 0x2C6A, 0x2796, 0x237E, 0x2101, 0x2120, 0x235A, 0x2651,
    0x28A7, 0x29D4, 0x2A5E, 0x2A88, 0x2A84, 0x2A6D, 0x2A60, 0x2A6A, 0x2A84, 0x2AAA, 0x2AD6, 0x2B04, 0x2B2E, 0x2B51, 0x2B66, 0x2B69,
    0x2B55, 0x2B26, 0x2AD6, 0x2A60, 0x297C, 0x2809, 0x263A, 0x2445, 0x225D, 0x20B9, 0x1F8B, 0x1F09, 0x1F91, 0x2115, 0x232A, 0x2566,
    0x275E, 0x28A6, 0x28D5, 0x26EB, 0x2437, 0x23BF, 0x2691, 0x2B01, 0x2FFB, 0x346B, 0x36C5, 0x37D0, 0x3888, 0x37F2, 0x3530, 0x3125,
    0x2D79, 0x2BD6, 0x932C, 0x9357, 0x9383, 0x932C, 0x8FBE, 0x8BCE, 0x8E9C, 0x98CB, 0xA585, 0xB3CF, 0xC2B0, 0xD12B, 0xDE48, 0xE90B,
    0xF1D8, 0xF9AE, 0x007C, 0x0636, 0x0ACA, 0x0E28, 0x1042, 0x0FE8, 0x0CC1, 0x07FC, 0x02C8, 0xFE55, 0xFBCF, 0xFBF8, 0xFE21, 0x0155,
    0x04A2, 0x0962, 0x0DFA, 0x1082, 0x1298, 0x141A, 0x14E8, 0x1517, 0x14E4, 0x1468, 0x13BB, 0x12F5, 0x1230, 0x1184, 0x110A, 0x10D9,
    0x110C, 0x11B9, 0x12FA, 0x14E8, 0x1792, 0x1B07, 0x1F5D, 0x24A8, 0x2B00, 0x3279, 0x3B28, 0x4524, 0x516D, 0x6061, 0x7122, 0x82D6,
    0x9498, 0xA58E, 0xB4DB, 0xC665, 0xD52A, 0xD2F2, 0xC0E2, 0xAA60, 0x908C, 0x7483, 0x576E, 0x3A6A, 0x1E99, 0x051A, 0xEF11, 0xDD9C,
    0xD1DD, 0xCCF6, 0x0000, 0x0000, 0x0000, 0x0000, 0x0002, 0x0005, 0x0000, 0xFFF2, 0xFFDE, 0xFFC8, 0xFFB2, 0xFF9F, 0xFF92, 0xFF8D,
    0xFF93, 0xFFA3, 0xFFB8, 0xFFD0, 0xFFE6, 0xFFF7, 0xFFFD, 0xFFF4, 0xFFDF, 0xFFC3, 0xFFA8, 0xFF94, 0xFF8D, 0xFF9F, 0xFFC6, 0xFFF3,
    0x0013, 0x0019, 0x0013, 0x0013, 0x0013, 0x0013, 0x0013, 0x0013, 0x0013, 0x0013, 0x0013, 0x0013, 0x0013, 0x0013, 0x0013, 0x0013,
    0x0013, 0x0013, 0x0013, 0x0013, 0x0013, 0x0013, 0x0013, 0x0013, 0x0013, 0x0013, 0x0013, 0x0013, 0x0017, 0x0021, 0x002B, 0x0033,
    0x0035, 0x002B, 0x0013, 0xFFE2, 0xFF92, 0xFF29, 0xFEAD, 0xFB7D, 0xFA5F, 0xFD75, 0x00D3, 0x007F, 0xFF71, 0x003F, 0x0045, 0x002D,
    0x000F, 0x0000, 0xFF30, 0xFF30, 0xFF30, 0xFF30, 0xFF2F, 0xFF2E, 0xFF30, 0xFF34, 0xFF3A, 0xFF41, 0xFF48, 0xFF4E, 0xFF52, 0xFF53,
    0xFF51, 0xFF4C, 0xFF44, 0xFF3D, 0xFF36, 0xFF31, 0xFF30, 0xFF34, 0xFF3E, 0xFF49, 0xFF55, 0xFF5E, 0xFF61, 0xFF5B, 0xFF4D, 0xFF3D,
    0xFF31, 0xFF2F, 0xFF31, 0xFF31, 0xFF31, 0xFF31, 0xFF31, 0xFF31, 0xFF31, 0xFF31, 0xFF31, 0xFF31, 0xFF31, 0xFF31, 0xFF31, 0xFF31,
    0xFF31, 0xFF31, 0xFF31, 0xFF31, 0xFF31, 0xFF31, 0xFF31, 0xFF31, 0xFF31, 0xFF31, 0xFF31, 0xFF31, 0xFF33, 0xFF37, 0xFF3B, 0xFF3F,
    0xFF3F, 0xFF3B, 0xFF31, 0xFF20, 0xFF04, 0xFED8, 0xFE96, 0xFCD6, 0xFC2E, 0xFC60, 0xFCD9, 0xFD15, 0xFD54, 0xFDD1, 0xFE3D, 0xFEB0,
    0xFF0B, 0xFF30, 0xC9D8, 0xC9D8, 0xC9D8, 0xC9D8, 0xC94F, 0xC8C7, 0xC9D8, 0xCCF0, 0xD10D, 0xD5A4, 0xDA29, 0xDE12, 0xE0D4, 0xE1E3,
    0xE095, 0xDD2D, 0xD884, 0xD372, 0xCED0, 0xCB77, 0xCA40, 0xCC48, 0xD121, 0xD757, 0xDD77, 0xE20B, 0xE39F, 0xDFB6, 0xD726, 0xCD76,
    0xC62D, 0xC4F3, 0xC62D, 0xC62D, 0xC62D, 0xC62D, 0xC62D, 0xC62D, 0xC62D, 0xC62D, 0xC62D, 0xC62D, 0xC62D, 0xC62D, 0xC62D, 0xC62D,
    0xC62D, 0xC62D, 0xC62D, 0xC62D, 0xC62D, 0xC62D, 0xC62D, 0xC62D, 0xC62D, 0xC62D, 0xC62D, 0xC62D, 0xC636, 0xC649, 0xC660, 0xC671,
    0xC673, 0xC660, 0xC62D, 0xC62B, 0xC62D, 0xC572, 0xC338, 0xADE2, 0xA7EC, 0xA95D, 0xAE2F, 0xB2BA, 0xB7DA, 0xBD9D, 0xC18C, 0xC587,
    0xC89C, 0xC9D8, 0x1E4A, 0x1E4A, 0x1E4A, 0x1E4A, 0x1DF8, 0x1DA7, 0x1E4A, 0x202B, 0x22B6, 0x258E, 0x2853, 0x2AA9, 0x2C30, 0x2C8C,
    0x2B3E, 0x2870, 0x24BF, 0x20C9, 0x1D29, 0x1A7F, 0x1966, 0x1A5B, 0x1D00, 0x20AA, 0x24B0, 0x2868, 0x2B26, 0x2C9F, 0x2D42, 0x2D7F,
    0x2DC5, 0x2DE1, 0x2DC5, 0x2DFD, 0x2E59, 0x2E6C, 0x2DC5, 0x2C68, 0x2AB6, 0x28CB, 0x26C3, 0x24B9, 0x22C9, 0x2111, 0x1FAA, 0x1EB2,
    0x1E25, 0x1DE3, 0x1DDF, 0x1E07, 0x1E4F, 0x1EA6, 0x1EFD, 0x1F47, 0x1F73, 0x1F73, 0x1F37, 0x1EB2, 0x1D43, 0x1ABA, 0x17A9, 0x14A4,
    0x1240, 0x1110, 0x11A8, 0x1513, 0x1BB6, 0x2532, 0x3126, 0x4AF7, 0x491E, 0x44C9, 0x3E78, 0x381B, 0x3185, 0x2BFA, 0x2741, 0x22D5,
    0x1F90, 0x1E4A, 0x160A, 0x1561, 0x140E, 0x1310, 0x12F2, 0x1328, 0x1310, 0x129B, 0x1220, 0x1198, 0x10FE, 0x104C, 0x0F7C, 0x0E89,
    0x0D42, 0x0BA0, 0x09D0, 0x0806, 0x0670, 0x0540, 0x04A6, 0x0507, 0x0654, 0x0815, 0x09D2, 0x0B13, 0x0B5E, 0x09C7, 0x069F, 0x034E,
    0x013A, 0x030E, 0x056C, 0x04F5, 0x03C9, 0x0285, 0x01C2, 0x018D, 0x0181, 0x0190, 0x01AF, 0x01D1, 0x01E9, 0x01EC, 0x01CD, 0x017F,
    0x00F8, 0x003F, 0xFF62, 0xFE6B, 0xFD67, 0xFC64, 0xFB6F, 0xFA92, 0xF9DC, 0xF959, 0xF916, 0xF91E, 0xF9D4, 0xFB5D, 0xFD6F, 0xFFC1,
    0x0206, 0x03F7, 0x0548, 0x057D, 0x04BF, 0x03BB, 0x031D, 0x0B95, 0x1095, 0x0FB3, 0x0EF7, 0x140E, 0x1ACB, 0x1F19, 0x1F6F, 0x1DEE,
    0x1BFE, 0x1B09, 0x1789, 0x1810, 0x191D, 0x19E7, 0x1A3B, 0x1A4C, 0x19E7, 0x190A, 0x17EA, 0x16A8, 0x1568, 0x144B, 0x1373, 0x1303,
    0x1314, 0x1393, 0x1458, 0x153E, 0x161D, 0x16D0, 0x1730, 0x1725, 0x16CA, 0x1643, 0x15B7, 0x154B, 0x1525, 0x157D, 0x1638, 0x1706,
    0x1792, 0x1763, 0x170A, 0x171B, 0x1744, 0x1771, 0x178B, 0x1794, 0x179B, 0x17A0, 0x17A3, 0x17A4, 0x17A3, 0x179F, 0x1798, 0x178F,
    0x1787, 0x1783, 0x1782, 0x1781, 0x177F, 0x1779, 0x176F, 0x175D, 0x1743, 0x171F, 0x16EE, 0x16AF, 0x163C, 0x1586, 0x14AB, 0x13CC,
    0x1309, 0x1281, 0x1254, 0x12C6, 0x13E0, 0x156B, 0x1732, 0x18E8, 0x17B9, 0x16FF, 0x16CB, 0x17CD, 0x192B, 0x196C, 0x17B4, 0x14F3,
    0x1265, 0x1144, 0xA1EF, 0xA0C7, 0x9E76, 0x9CB9, 0x9B6F, 0x9AB8, 0x9CB9, 0xA1CC, 0xA85C, 0xAFAB, 0xB6FB, 0xBD8E, 0xC2A6, 0xC585,
    0xC59B, 0xC362, 0xBFA8, 0xBB3C, 0xB6ED, 0xB389, 0xB1DF, 0xB29A, 0xB534, 0xB8AF, 0xBC12, 0xBE5F, 0xBE9C, 0xB84D, 0xAD9B, 0xA74A,
    0xA64E, 0xA75F, 0xA876, 0xA8D9, 0xA957, 0xA9CB, 0xAA1E, 0xAA86, 0xAB00, 0xAB81, 0xABF9, 0xAC5D, 0xAC9F, 0xACB1, 0xAC86, 0xAC11,
    0xAB6F, 0xAAC2, 0xAA05, 0xA931, 0xA840, 0xA72E, 0xA5F2, 0xA489, 0xA2EB, 0xA113, 0x9EFB, 0x9C9D, 0x9963, 0x9505, 0x8FE9, 0x8A7B,
    0x8521, 0x8047, 0x7C51, 0x79AB, 0x783A, 0x77A9, 0x77A4, 0x8A66, 0x946C, 0x986B, 0x9AB5, 0x9F8D, 0xA4CB, 0xA89E, 0xAA99, 0xABB2,
    0xAC2A, 0xAC44, 0x0000, 0x0000, 0x0000, 0x0000, 0x0000, 0x0000, 0x0000, 0x0000, 0x0000, 0x0000, 0x0000, 0x0000, 0x0000, 0x0000,
    0x0000, 0x0000, 0x0000, 0x0000, 0x0000, 0x0000, 0x0000, 0x0000, 0x0000, 0x0000, 0x0000, 0x0000, 0x0000, 0x0000, 0x0000, 0x0000,
    0x0000, 0x0000, 0x0000, 0x0000, 0x0000, 0x0000, 0x0000, 0x0000, 0x0000, 0x0000, 0x0000, 0x0000, 0x0000, 0x0000, 0x0000, 0x0000,
    0x0000, 0x0000, 0x0000, 0x0000, 0x000F, 0x0036, 0x0066, 0x0092, 0x00AB, 0x00A4, 0x006F, 0x0000, 0xFF2F, 0xFDFA, 0xFC88, 0xFB01,
    0xF98B, 0xF84F, 0xF772, 0xF86B, 0xFA6A, 0xFBB8, 0xF904, 0xF925, 0xF69D, 0xF730, 0xF864, 0xF97F, 0xFAA4, 0xFBE5, 0xFD50, 0xFEA3,
    0xFF9E, 0x0000, 0x0000, 0x0000, 0x0000, 0x0000, 0x0000, 0x0000, 0x0000, 0x0000, 0x0000, 0x0000, 0x0000, 0x0000, 0x0000, 0x0000,
    0x0000, 0x0000, 0x0000, 0x0000, 0x0000, 0x0000, 0x0000, 0x0000, 0x0000, 0x0000, 0x0000, 0x0000, 0x0000, 0x0000, 0x0000, 0x0000,
    0x0000, 0x0000, 0x0000, 0x0000, 0x0000, 0x0000, 0x0000, 0x0000, 0x0000, 0x0000, 0x0000, 0x0000, 0x0000, 0x0000, 0x0000, 0x0000,
    0x0000, 0x0000, 0x0000, 0x0000, 0x0000, 0x0000, 0xFFFF, 0xFFFF, 0xFFFF, 0xFFFF, 0xFFFF, 0x0000, 0x0009, 0x001F, 0x0037, 0x004B,
    0x0051, 0x0042, 0x0015, 0xFF2C, 0xFDCE, 0xFCA1, 0xFB71, 0xFB65, 0xFBE9, 0xFCA9, 0xFD72, 0xFE4A, 0xFEF0, 0xFF48, 0xFF93, 0xFFCD,
    0xFFF3, 0x0000, 0xBF40, 0xBF40, 0xBF40, 0xBF40, 0xBEA3, 0xBE05, 0xBF40, 0xC2CD, 0xC780, 0xCCBE, 0xD1EB, 0xD66B, 0xD9A2, 0xDAF5,
    0xD9AF, 0xD620, 0xD12F, 0xCBC4, 0xC6C6, 0xC31E, 0xC1B2, 0xC337, 0xC71F, 0xCC6E, 0xD229, 0xD755, 0xDAF5, 0xDC60, 0xDC38, 0xDB6E,
    0xDAF5, 0xDAF5, 0xDAF5, 0xDAF1, 0xDAEC, 0xDAEA, 0xDAF5, 0xDB09, 0xDB1F, 0xDB38, 0xDB52, 0xDB6D, 0xDB89, 0xDBA5, 0xDBC0, 0xDBDA,
    0xDBF3, 0xDC09, 0xDC1D, 0xDC2E, 0xDC5D, 0xDCB9, 0xDD25, 0xDD84, 0xDDB7, 0xDDA3, 0xDD2A, 0xDC2E, 0xDAA9, 0xD8B0, 0xD649, 0xD37D,
    0xD053, 0xCCD3, 0xC905, 0xC1DA, 0xB8A8, 0xB108, 0xA99B, 0xA759, 0xAA1C, 0xADEC, 0xB217, 0xB744, 0xBB3D, 0xBCDC, 0xBE01, 0xBEBE,
    0xBF22, 0xBF40, 0x2537, 0x2584, 0x25D1, 0x2537, 0x22AE, 0x1F3D, 0x1D11, 0x1CA3, 0x1CCE, 0x1D4B, 0x1DD6, 0x1E28, 0x1DFE, 0x1D11,
    0x1B05, 0x17FA, 0x1462, 0x10B0, 0x0D59, 0x0ACD, 0x0982, 0x09DA, 0x0B96, 0x0E35, 0x1134, 0x1413, 0x1650, 0x17E3, 0x1927, 0x1A2D,
    0x1B07, 0x1B3A, 0x1B07, 0x1B18, 0x1B35, 0x1B3B, 0x1B07, 0x1AA4, 0x1A33, 0x19B8, 0x1935, 0x18AD, 0x1822, 0x1797, 0x170F, 0x168C,
    0x1611, 0x15A1, 0x153E, 0x14EB, 0x142F, 0x12D7, 0x114C, 0x0FF7, 0x0F40, 0x0F90, 0x1151, 0x14EB, 0x1B55, 0x2497, 0x2FB4, 0x3BAD,
    0x4785, 0x523E, 0x5ADB, 0x5B2C, 0x55F2, 0x50DE, 0x4B62, 0x43B0, 0x3C1B, 0x3671, 0x3163, 0x2C34, 0x2896, 0x271F, 0x2626, 0x2591,
    0x2549, 0x2537, 0xEA49, 0xEA72, 0xEAD6, 0xEB55, 0xEBB3, 0xEC2C, 0xED57, 0xEF50, 0xF1AB, 0xF438, 0xF6C4, 0xF91E, 0xFB13, 0xFC72,
    0xFD4A, 0xFDCF, 0xFDFF, 0xFDDC, 0xFD66, 0xFC9C, 0xFB80, 0xF9C6, 0xF752, 0xF46E, 0xF160, 0xEE74, 0xEBF1, 0xE9EE, 0xE83F, 0xE6C6,
    0xE563, 0xE42E, 0xE3A9, 0xE3DC, 0xE457, 0xE4E9, 0xE563, 0xE5C0, 0xE61C, 0xE676, 0xE6CE, 0xE725, 0xE77A, 0xE7CE, 0xE81F, 0xE870,
    0xE89A, 0xE8A6, 0xE8D5, 0xE969, 0xEA3F, 0xEB11, 0xEBED, 0xECE2, 0xEDFD, 0xEF4D, 0xF0E0, 0xF2C4, 0xF551, 0xF89C, 0xFC4F, 0x0013,
    0x0393, 0x0678, 0x086D, 0x0755, 0x0390, 0x0084, 0x0230, 0xFB51, 0xF751, 0xF28A, 0xEDB2, 0xE8B2, 0xE373, 0xDEDB, 0xDBCF, 0xD90E,
    0xD70F, 0xD64A, 0xF263, 0xF21E, 0xF17D, 0xF0C4, 0xEF6C, 0xEDFB, 0xEE4E, 0xF0A7, 0xF3CE, 0xF766, 0xFB14, 0xFE7D, 0x0142, 0x030B,
    0x03AF, 0x0370, 0x0296, 0x0169, 0x002F, 0xFF32, 0xFEB5, 0xFF02, 0xFFE7, 0x00FC, 0x01D9, 0x0213, 0x0143, 0xFE28, 0xF902, 0xF3AB,
    0xEFFC, 0xF155, 0xF3CE, 0xF355, 0xF239, 0xF0F4, 0xEFFC, 0xEF57, 0xEEBC, 0xEE28, 0xED9C, 0xED17, 0xEC97, 0xEC1E, 0xEBAA, 0xEB3A,
    0xEAF8, 0xEAE6, 0xEACA, 0xEA68, 0xE994, 0xE868, 0xE711, 0xE5BC, 0xE498, 0xE3D1, 0xE395, 0xE411, 0xE595, 0xE818, 0xEB46, 0xEEC8,
    0xF24A, 0xF575, 0xF7F5, 0xF8F6, 0xF8BC, 0xF891, 0xF91C, 0xFA4D, 0xFBCB, 0xFA32, 0xF82E, 0xF5F0, 0xF3A7, 0xF130, 0xEF71, 0xEDDB,
    0xECB3, 0xEC41, 0x8A9E, 0x8A23, 0x88FC, 0x879A, 0x83D8, 0x7FD9, 0x8280, 0x8CFD, 0x9AE1, 0xAA89, 0xBA51, 0xC896, 0xD3B4, 0xDA07,
    0xDA70, 0xD602, 0xCE6A, 0xC556, 0xBC70, 0xB567, 0xB1E6, 0xB2DE, 0xB720, 0xBD27, 0xC370, 0xC876, 0xCAB5, 0xC890, 0xC2EE, 0xBC10,
    0xB635, 0xB2D8, 0xB1BE, 0xB2F8, 0xB579, 0xB7F5, 0xB91E, 0xB904, 0xB89F, 0xB7FD, 0xB72F, 0xB644, 0xB54B, 0xB454, 0xB36D, 0xB2A7,
    0xB22A, 0xB1D3, 0xB146, 0xB022, 0xAEB1, 0xAD64, 0xAC13, 0xAA98, 0xA8CA, 0xA684, 0xA39E, 0x9FF1, 0x9AA8, 0x9393, 0x8B88, 0x835C,
    0x7BE3, 0x75F6, 0x7269, 0x75EE, 0x8053, 0x8B10, 0x955F, 0x9BC4, 0xA0BF, 0xA3F4, 0xA6E2, 0xA9C9, 0xACE7, 0xAFE8, 0xB1EF, 0xB3C6,
    0xB51B, 0xB59E, 0x8001, 0x8001, 0x4171, 0x4171, 0x4171, 0x4171, 0x4171, 0x4171, 0x4171, 0x4171, 0x4171, 0x4171, 0x4171, 0x4171,
    0x4171, 0x4171, 0x4171, 0x4171, 0x4171, 0x4171, 0x4171, 0x4171, 0x4171, 0x4171, 0x4171, 0x4171, 0x4171, 0x4171, 0x4171, 0x4171,
    0x4171, 0x4171, 0x4171, 0x4171, 0x4171, 0x415F, 0x4143, 0x413D, 0x4171, 0x41D4, 0x4245, 0x42C0, 0x4343, 0x43CB, 0x4456, 0x44E1,
    0x4569, 0x45EC, 0x4666, 0x46D7, 0x473A, 0x478D, 0x47C6, 0x47E1, 0x47E4, 0x47D8, 0x47C2, 0x47A9, 0x4795, 0x478D, 0x4790, 0x4797,
    0x479F, 0x47A4, 0x47A5, 0x479F, 0x478D, 0x475C, 0x4706, 0x46A0, 0x462E, 0x45AC, 0x4520, 0x448E, 0x43FB, 0x436C, 0x42E5, 0x426C,
    0x4205, 0x41B6, 0x4183, 0x4171, 0xBF5F, 0x8001, 0x8001, 0x4171, 0xBF5F, 0xC018, 0xC0D2, 0xBF5F, 0xB8DA, 0xB029, 0xABD1, 0xACDB,
    0xAF8D, 0xB341, 0xB755, 0xBB23, 0xBE08, 0xBF5F, 0xBED1, 0xBCD2, 0xB9F1, 0xB6BC, 0xB3C1, 0xB18F, 0xB0B4, 0xB196, 0xB3DB, 0xB6F0,
    0xBA44, 0xBD44, 0xBF5F, 0xC032, 0xC01B, 0xBFA5, 0xBF5F, 0xBF5F, 0xBF5F, 0xBF5F, 0xBF5F, 0xBF5F, 0xBF5F, 0xBF5F, 0xBF5F, 0xBF5F,
    0xBF5F, 0xBF5F, 0xBF5F, 0xBF5F, 0xBF5F, 0xBF5F, 0xBF5F, 0xBF5F, 0xBF5F, 0xBF5F, 0xBF5F, 0xBF5F, 0xBF5F, 0xBF5F, 0xBF5F, 0xBF5F,
    0xBF5F, 0xBF5F, 0xBF5F, 0xBF5F, 0xBF5F, 0xBF5F, 0xBF5F, 0xBF5F, 0xBF5F, 0xBF5F, 0xBF5F, 0xBF5F, 0xBF5F, 0xBF5F, 0xBF5F, 0xBF5F,
    0xBF5F, 0xBF5F, 0xBF5F, 0xBF5F, 0xBF5F, 0xBF5F, 0xBF5F, 0xBF5F, 0xFF66, 0x0E89, 0x071E, 0xFE99, 0xFE5F, 0x0095, 0x021F, 0x01D0,
    0x00F0, 0x0010, 0xFFC3, 0x00B4, 0x0253, 0x034B, 0x034F, 0x030A, 0x029A, 0x0222, 0x01C2, 0x019A, 0x01CB, 0x0270, 0x0376, 0x04BA,
    0x0618, 0x076E, 0x0896, 0x0993, 0x0A7D, 0x0B4E, 0x0C04, 0x0C6F, 0x0C7D, 0x0C77, 0x0C6A, 0x0C30, 0x0BA5, 0x0AD1, 0x09DD, 0x08D2,
    0x07B9, 0x069C, 0x0584, 0x0478, 0x0383, 0x02AE, 0x01F5, 0x014D, 0x00B4, 0x0029, 0xFFAB, 0xFF34, 0xFEC6, 0xFE5C, 0xFDF7, 0xFDCC,
    0xFDE4, 0xFDF7, 0xFDE9, 0xFDD5, 0xFDBE, 0xFDA9, 0xFD9B, 0xFD98, 0xFDA4, 0xFE05, 0xFEAB, 0xFF1E, 0xFEE7, 0xFBF4, 0xF968, 0xF9B7,
    0xFA5C, 0xFB40, 0xFC48, 0xFD5A, 0xFE5C, 0xFF34, 0xFFC9, 0x0000, 0xF0B7, 0xF828, 0xF4D4, 0xF0C3, 0xEFE8, 0xF00C, 0xF0D8, 0xF22F,
    0xF3FC, 0xF5F9, 0xF7E3, 0xF9FD, 0xFC1B, 0xFD4E, 0xFD93, 0xFD92, 0xFD60, 0xFD10, 0xFCB3, 0xFC5F, 0xFC24, 0xFC07, 0xFBF6, 0xFBE6,
    0xFBCE, 0xFBA2, 0xFB59, 0xFAC7, 0xF9F2, 0xF921, 0xF895, 0xF8F3, 0xF96D, 0xF92C, 0xF8B8, 0xF844, 0xF800, 0xF7EA, 0xF7DF, 0xF7DC,
    0xF7E0, 0xF7E7, 0xF7F0, 0xF7F9, 0xF7FF, 0xF800, 0xF7FC, 0xF7F8, 0xF7F2, 0xF7ED, 0xF7E6, 0xF7E0, 0xF7DA, 0xF7D5, 0xF7D0, 0xF79E,
    0xF76F, 0xF7D0, 0xF896, 0xF94C, 0xFA11, 0xFB07, 0xFC4D, 0xFE05, 0x004E, 0x04DE, 0x0B8B, 0x11AC, 0x1495, 0x0C3F, 0x02C4, 0x0132,
    0x0027, 0xFF8F, 0xFF4E, 0xFF4F, 0xFF79, 0xFFB4, 0xFFE9, 0x0000, 0x17B1, 0xEB78, 0xE93C, 0xE954, 0xEB40, 0xEE80, 0xF293, 0xF6F9,
    0xFB34, 0x05F1, 0x0F3A, 0x0BCF, 0x046A, 0x0087, 0x01C6, 0x0468, 0x07DE, 0x0B9B, 0x0F0F, 0x11AB, 0x12E3, 0x11F4, 0x0F26, 0x0B73,
    0x07D8, 0x0551, 0x04D8, 0x0965, 0x11FA, 0x199F, 0x1A96, 0x15DF, 0x149F, 0x13F1, 0x1387, 0x1353, 0x1346, 0x134E, 0x1365, 0x138A,
    0x13BF, 0x1404, 0x145C, 0x14C6, 0x1545, 0x15D9, 0x168F, 0x176A, 0x1861, 0x196A, 0x1A79, 0x1B85, 0x1C85, 0x1D6C, 0x1E33, 0x1EF8,
    0x1F46, 0x1E33, 0x1BAC, 0x1876, 0x14E3, 0x1146, 0x0DF2, 0x0B3B, 0x0973, 0x0A8B, 0x0E32, 0x1159, 0x10F2, 0x0345, 0xF644, 0xF500,
    0xF4C7, 0xF55C, 0xF682, 0xF7FC, 0xF98D, 0xFAF7, 0xFBFD, 0xFC62, 0x011C, 0x0233, 0x0435, 0x0542, 0x0417, 0x01F6, 0x00CA, 0x00F9,
    0x0186, 0x024C, 0x0327, 0x03F1, 0x0485, 0x04BF, 0x048C, 0x0408, 0x0350, 0x0283, 0x01BF, 0x0122, 0x00CA, 0x00C2, 0x00F2, 0x014A,
    0x01B7, 0x0228, 0x028B, 0x02F0, 0x0365, 0x03D4, 0x042D, 0x043E, 0x042D, 0x042C, 0x042C, 0x042C, 0x042D, 0x0432, 0x043D, 0x044C,
    0x045E, 0x0471, 0x0482, 0x0491, 0x049A, 0x049E, 0x0499, 0x048B, 0x0471, 0x0449, 0x03F8, 0x0370, 0x02C6, 0x020F, 0x0160, 0x00CF,
    0x006F, 0x0057, 0x0080, 0x00D8, 0x015E, 0x0215, 0x02FB, 0x0413, 0x055C, 0x0954, 0x0CC9, 0x0A7C, 0x06CD, 0x0487, 0x0326, 0x028E,
    0x0206, 0x018C, 0x0122, 0x00C7, 0x007C, 0x0042, 0x0018, 0x0000, 0xF994, 0xF9B1, 0xF9D9, 0xF9C6, 0xF92C, 0xF858, 0xF7E7, 0xF7F4,
    0xF827, 0xF871, 0xF8C4, 0xF911, 0xF94A, 0xF960, 0xF954, 0xF934, 0xF902, 0xF8C4, 0xF87E, 0xF832, 0xF7E7, 0xF794, 0xF736, 0xF6CF,
    0xF664, 0xF5FA, 0xF594, 0xF52D, 0xF4C2, 0xF460, 0xF412, 0xF402, 0xF412, 0xF403, 0xF3EA, 0xF3E5, 0xF412, 0xF46A, 0xF4D0, 0xF540,
    0xF5B7, 0xF634, 0xF6B2, 0xF72F, 0xF7A9, 0xF81C, 0xF885, 0xF8E3, 0xF930, 0xF96C, 0xF98D, 0xF98E, 0xF975, 0xF947, 0xF90A, 0xF8C2,
    0xF876, 0xF82B, 0xF7DE, 0xF789, 0xF72B, 0xF6C0, 0xF646, 0xF5BA, 0xF51B, 0xF394, 0xF22E, 0xF262, 0xF380, 0xF5C1, 0xF7DE, 0xF90D,
    0xFA4C, 0xFB8C, 0xFCBF, 0xFDD6, 0xFEC3, 0xFF78, 0xFFE7, 0x0000, 0x10FB, 0x0B03, 0xFFFE, 0xFA3F, 0x00BE, 0x0C85, 0x1303, 0x1210,
    0x0F16, 0x0AE0, 0x0638, 0x01EA, 0xFEC1, 0xFD86, 0xFE99, 0x0165, 0x0549, 0x09A1, 0x0DCA, 0x1121, 0x1303, 0x133B, 0x1240, 0x1070,
    0x0E2D, 0x0BD4, 0x09C5, 0x07AE, 0x0545, 0x02F2, 0x011F, 0x00C2, 0x011F, 0x011F, 0x0121, 0x0121, 0x011F, 0x0107, 0x00D0, 0x0082,
    0x0027, 0xFFCA, 0xFF71, 0xFF29, 0xFEFA, 0xFEEE, 0xFF0F, 0xFF65, 0xFFFC, 0x00DB, 0x0298, 0x0576, 0x090A, 0x0CE7, 0x10A1, 0x13CC,
    0x15FB, 0x16C3, 0x15D4, 0x136C, 0x0FF8, 0x0BDF, 0x078E, 0x036E, 0xFFEA, 0xFC6F, 0xFB16, 0xFEF5, 0x04B4, 0x0AFA, 0x0EF0, 0x0EFB,
    0x0E81, 0x0DA8, 0x0C92, 0x0B64, 0x0A41, 0x094E, 0x08AD, 0x0884, 0x0000, 0x0000, 0x0000, 0x0000, 0x0000, 0x0000, 0x0000, 0x0000,
    0x0000, 0x0000, 0x0000, 0x0000, 0x0000, 0x0000, 0x0000, 0x0000, 0x0000, 0x0000, 0x0000, 0x0000, 0x0000, 0x0000, 0x0000, 0x0000,
    0x0000, 0x0000, 0x0000, 0x0000, 0x0000, 0x0000, 0x0000, 0x0000, 0x0000, 0x0000, 0x0000, 0x0000, 0x0000, 0x0000, 0x0000, 0x0000,
    0x0000, 0x0000, 0x0000, 0x0000, 0x0000, 0x0000, 0x0000, 0x0000, 0x0000, 0x0000, 0x0000, 0x0000, 0x0000, 0x0000, 0x0000, 0x0000,
    0x0000, 0x0000, 0xFFFF, 0xFFFB, 0xFFF7, 0xFFF4, 0xFFF4, 0xFFF7, 0x0000, 0x0014, 0x0036, 0x005E, 0x0089, 0x00D0, 0x00FB, 0x00E8,
    0x00CC, 0x00A9, 0x0083, 0x005C, 0x0038, 0x001B, 0x0007, 0x0000, 0x0000, 0x0000, 0x0000, 0x0000, 0x0000, 0x0000, 0x0000, 0x0000,
    0x0000, 0x0000, 0x0000, 0x0000, 0x0000, 0x0000, 0x0000, 0x0000, 0x0000, 0x0000, 0x0000, 0x0000, 0x0000, 0x0000, 0x0000, 0x0000,
    0x0000, 0x0000, 0x0000, 0x0000, 0x0000, 0x0000, 0x0000, 0x0000, 0x0000, 0x0000, 0x0000, 0x0000, 0x0000, 0xFFFF, 0xFFFA, 0xFFF3,
    0xFFEA, 0xFFDF, 0xFFD3, 0xFFC7, 0xFFBA, 0xFFAE, 0xFFA4, 0xFF9A, 0xFF93, 0xFF8E, 0xFF8D, 0xFF8E, 0xFF94, 0xFF9F, 0xFFAE, 0xFFC4,
    0xFFDF, 0x0000, 0x0057, 0x00FB, 0x01CB, 0x02A3, 0x0364, 0x03E9, 0x0413, 0x0330, 0x0161, 0xFFBA, 0xFF4C, 0x036D, 0x0751, 0x071E,
    0x0678, 0x0581, 0x0458, 0x031D, 0x01F0, 0x00F2, 0x0041, 0x0000, 0x3400, 0x31EB, 0x2CC1, 0x2625, 0x1D43, 0x12EE, 0x0B42, 0x068A,
    0x0254, 0xFE9C, 0xFB5E, 0xF89A, 0xF64C, 0xF472, 0xF330, 0xF294, 0xF27C, 0xF2C3, 0xF346, 0xF3E2, 0xF472, 0xF51D, 0xF610, 0xF735,
    0xF873, 0xF9B4, 0xFAE0, 0xFC10, 0xFD54, 0xFE82, 0xFF72, 0xFFA3, 0xFF72, 0xFF4C, 0xFF0C, 0xFEFF, 0xFF72, 0x0034, 0x00E5, 0x018A,
    0x0224, 0x02B7, 0x0347, 0x03D7, 0x046C, 0x0507, 0x05AD, 0x0661, 0x0726, 0x0801, 0x08F4, 0x0A03, 0x0B31, 0x0C82, 0x0DF9, 0x0F9A,
    0x1169, 0x1368, 0x1687, 0x1B59, 0x2154, 0x27EF, 0x2E9F, 0x34DC, 0x3A1C, 0x3DF2, 0x40BC, 0x431F, 0x45C0, 0x49B5, 0x4BF2, 0x4B30,
    0x49F4, 0x4864, 0x46A7, 0x44E3, 0x4341, 0x41E5, 0x40F9, 0x40A1,
};

static const u16 anim_03_indices[] = {
    0x0001, 0x0000, 0x0001, 0x0001, 0x0001, 0x0000, 0x0001, 0x0000, 0x0001, 0x0002, 0x0001, 0x0000, 0x0001, 0x0000, 0x0001, 0x0000,
    0x0040, 0x084A, 0x0040, 0x078A, 0x0040, 0x07CA, 0x0040, 0x080A, 0x0040, 0x06CA, 0x0040, 0x070A, 0x0040, 0x074A, 0x0001, 0x06C6,
    0x0001, 0x06C7, 0x0001, 0x06C8, 0x0040, 0x0103, 0x0040, 0x0143, 0x0040, 0x0183, 0x0001, 0x0000, 0x0001, 0x0000, 0x0040, 0x00C3,
    0x0040, 0x0003, 0x0040, 0x0043, 0x0040, 0x0083, 0x0001, 0x0683, 0x0001, 0x0684, 0x0040, 0x0685, 0x0040, 0x02C3, 0x0040, 0x0303,
    0x0040, 0x0343, 0x0001, 0x0000, 0x0001, 0x0000, 0x0040, 0x0283, 0x0040, 0x01C3, 0x0040, 0x0203, 0x0040, 0x0243, 0x0001, 0x0000,
    0x0001, 0x0000, 0x0001, 0x06C5, 0x0040, 0x05C3, 0x0040, 0x0603, 0x0040, 0x0643, 0x0001, 0x0000, 0x0001, 0x0000, 0x0040, 0x0583,
    0x0001, 0x0000, 0x0001, 0x0000, 0x0040, 0x0543, 0x0001, 0x0000, 0x0001, 0x0000, 0x0001, 0x06C9, 0x0040, 0x0483, 0x0040, 0x04C3,
    0x0040, 0x0503, 0x0001, 0x0000, 0x0001, 0x0000, 0x0040, 0x0443, 0x0040, 0x0383, 0x0040, 0x03C3, 0x0040, 0x0403,
};

static const s16 anim_03_values[] = {
    0x0000, 0x004D, 0x3FFF, 0xFF2D, 0xFF29, 0xFF26, 0xFF23, 0xFF22, 0xFF21, 0xFF20, 0xFF20, 0xFF20, 0xFF21, 0xFF23, 0xFF24, 0xFF26,
    0xFF29, 0xFF2B, 0xFF2E, 0xFF31, 0xFF35, 0xFF38, 0xFF3C, 0xFF3F, 0xFF43, 0xFF46, 0xFF4A, 0xFF4D, 0xFF50, 0xFF54, 0xFF56, 0xFF59,
    0xFF5C, 0xFF5E, 0xFF60, 0xFF61, 0xFF62, 0xFF62, 0xFF63, 0xFF63, 0xFF64, 0xFF64, 0xFF65, 0xFF65, 0xFF65, 0xFF66, 0xFF66, 0xFF66,
    0xFF66, 0xFF66, 0xFF66, 0xFF66, 0xFF66, 0xFF66, 0xFF66, 0xFF66, 0xFF66, 0xFF66, 0xFF66, 0xFF66, 0xFF66, 0xFF66, 0xFF66, 0xFF66,
    0xFF66, 0xFF66, 0xFF66, 0xF5E6, 0xF5CF, 0xF5BA, 0xF5A8, 0xF598, 0xF58B, 0xF580, 0xF577, 0xF570, 0xF56B, 0xF568, 0xF566, 0xF565,
    0xF566, 0xF568, 0xF56B, 0xF56F, 0xF573, 0xF578, 0xF57E, 0xF584, 0xF58A, 0xF590, 0xF596, 0xF59C, 0xF5A1, 0xF5A6, 0xF5AA, 0xF5AE,
    0xF5B1, 0xF5B2, 0xF5B3, 0xF5A5, 0xF5E2, 0xF68A, 0xF74A, 0xF81B, 0xF8F4, 0xF9CD, 0xFA9C, 0xFB59, 0xFBFC, 0xFC7B, 0xFCCF, 0xFD05,
    0xFD2F, 0xFD4F, 0xFD67, 0xFD75, 0xFD7D, 0xFD7E, 0xFD79, 0xFD70, 0xFD63, 0xFD53, 0xFD41, 0xFD2D, 0xFD1A, 0xFD07, 0xFCF5, 0xFCE6,
    0xFCDA, 0xFCD2, 0xFCCF, 0xE925, 0xE905, 0xE8E7, 0xE8CD, 0xE8B6, 0xE8A2, 0xE891, 0xE882, 0xE876, 0xE86B, 0xE863, 0xE85C, 0xE857,
    0xE854, 0xE852, 0xE851, 0xE851, 0xE852, 0xE853, 0xE855, 0xE858, 0xE85A, 0xE85C, 0xE85E, 0xE860, 0xE861, 0xE862, 0xE862, 0xE860,
    0xE85D, 0xE859, 0xE854, 0xE850, 0xE84E, 0xE84B, 0xE848, 0xE845, 0xE841, 0xE83E, 0xE83B, 0xE838, 0xE836, 0xE834, 0xE833, 0xE832,
    0xE831, 0xE831, 0xE831, 0xE830, 0xE830, 0xE830, 0xE830, 0xE830, 0xE831, 0xE831, 0xE831, 0xE831, 0xE832, 0xE832, 0xE832, 0xE833,
    0xE833, 0xE833, 0xE833, 0xE7C8, 0xE72D, 0xE68D, 0xE5E9, 0xE541, 0xE494, 0xE3E3, 0xE32F, 0xE278, 0xE1BE, 0xE101, 0xE041, 0xDF7F,
    0xDEBB, 0xDDF6, 0xDD2F, 0xDC67, 0xDB9E, 0xDAD5, 0xDA0B, 0xD941, 0xD878, 0xD7AF, 0xD6E6, 0xD61F, 0xD559, 0xD494, 0xD3D1, 0xD311,
    0xD252, 0xD196, 0xD0DE, 0xD058, 0xD026, 0xD011, 0xCFF4, 0xCFD3, 0xCFB3, 0xCF9A, 0xCF8C, 0xCF8E, 0xCFA5, 0xCFD6, 0xD026, 0xD093,
    0xD116, 0xD1AB, 0xD24F, 0xD300, 0xD3BB, 0xD47D, 0xD543, 0xD609, 0xD6CE, 0xD78E, 0xD846, 0xD8F3, 0xD993, 0xDA22, 0xDA9D, 0xDB03,
    0xDB4F, 0xDB7E, 0xDB8F, 0x9A50, 0xBB2E, 0xD8ED, 0xDAE1, 0xDC91, 0xDE02, 0xDF37, 0xE033, 0xE0FB, 0xE191, 0xE1FB, 0xE23A, 0xE254,
    0xE24B, 0xE223, 0xE1E1, 0xE187, 0xE119, 0xE09C, 0xE012, 0xDF7F, 0xDEE8, 0xDE4F, 0xDDB8, 0xDD28, 0xDCA1, 0xDC28, 0xDBBF, 0xDB6C,
    0xDB31, 0xDB11, 0xDB12, 0xDB0C, 0xDB10, 0xDB1D, 0xDB04, 0xDAD7, 0xDAA6, 0xDA81, 0xDA7A, 0xDAA0, 0xDB05, 0xDBB9, 0xDCCC, 0xDE39,
    0xDFE8, 0xE1D0, 0xE3E8, 0xE627, 0xE883, 0xEAF4, 0xED70, 0xEFED, 0xF264, 0xF4CA, 0xF716, 0xF940, 0xFB3E, 0xFD06, 0xFE90, 0xFFD3,
    0x00C3, 0x015B, 0x0190, 0xD17B, 0xD245, 0xD358, 0xD423, 0xD4F0, 0xD5BC, 0xD689, 0xD756, 0xD823, 0xD8F1, 0xD9BE, 0xDA8C, 0xDB59,
    0xDC26, 0xDCF3, 0xDDBF, 0xDE8B, 0xDF57, 0xE022, 0xE0EC, 0xE1B6, 0xE27F, 0xE346, 0xE40D, 0xE4D3, 0xE598, 0xE65B, 0xE71E, 0xE7DF,
    0xE89E, 0xE95C, 0xEA18, 0xEAD7, 0xEA0D, 0xE77A, 0xE480, 0xE142, 0xDDE1, 0xDA7E, 0xD73C, 0xD43D, 0xD1A1, 0xCF8C, 0xCE1F, 0xCD24,
    0xCC4E, 0xCB9B, 0xCB07, 0xCA91, 0xCA35, 0xC9F1, 0xC9C3, 0xC9A7, 0xC99C, 0xC99E, 0xC9AA, 0xC9C0, 0xC9DA, 0xC9F8, 0xCA17, 0xCA33,
    0xCA4A, 0xCA5A, 0xCA60, 0x1BD0, 0x1AB9, 0x1986, 0x18A2, 0x17BE, 0x16DA, 0x15F6, 0x1511, 0x142D, 0x1348, 0x1263, 0x117F, 0x109B,
    0x0FB7, 0x0ED4, 0x0DF1, 0x0D0F, 0x0C2D, 0x0B4D, 0x0A6D, 0x098E, 0x08B0, 0x07D3, 0x06F7, 0x061C, 0x0543, 0x046B, 0x0395, 0x02C0,
    0x01EC, 0x011B, 0x004B, 0xFF70, 0x007C, 0x03F8, 0x0834, 0x0CEB, 0x11D7, 0x16B3, 0x1B39, 0x1F22, 0x2229, 0x2409, 0x247B, 0x23D2,
    0x2297, 0x20DD, 0x1EB4, 0x1C2B, 0x1954, 0x1640, 0x12FE, 0x0FA0, 0x0C36, 0x08D0, 0x0580, 0x0255, 0xFF62, 0xFCB4, 0xFA5E, 0xF870,
    0xF6FB, 0xF60E, 0xF5BC, 0xFDE7, 0xFDA4, 0xFD62, 0xFD1F, 0xFCDB, 0xFC97, 0xFC52, 0xFC0E, 0xFBC9, 0xFB84, 0xFB3E, 0xFAF9, 0xFAB4,
    0xFA6F, 0xFA2A, 0xF9E6, 0xF9A1, 0xF95D, 0xF91A, 0xF8D7, 0xF894, 0xF852, 0xF811, 0xF7D1, 0xF791, 0xF752, 0xF715, 0xF6D8, 0xF69C,
    0xF661, 0xF628, 0xF5F0, 0xF5B9, 0xF591, 0xF57F, 0xF57F, 0xF589, 0xF597, 0xF5A3, 0xF5A7, 0xF5A4, 0xF5A1, 0xF59E, 0xF59B, 0xF598,
    0xF594, 0xF591, 0xF591, 0xF591, 0xF591, 0xF591, 0xF591, 0xF591, 0xF591, 0xF591, 0xF591, 0xF591, 0xF591, 0xF591, 0xF591, 0xF591,
    0xF591, 0xF591, 0xF591, 0xFF6B, 0xFFCB, 0x0035, 0x00AB, 0x012A, 0x01B0, 0x023F, 0x02D3, 0x036D, 0x040B, 0x04AC, 0x0550, 0x05F5,
    0x069A, 0x073F, 0x07E2, 0x0883, 0x0920, 0x09B9, 0x0A4C, 0x0AD9, 0x0B5F, 0x0BDC, 0x0C4F, 0x0CB9, 0x0D16, 0x0D68, 0x0DAC, 0x0DE2,
    0x0E09, 0x0E1F, 0x0E24, 0x0E17, 0x0D27, 0x0AD7, 0x07A7, 0x0414, 0x009E, 0xFDC3, 0xFC01, 0xFB5E, 0xFB6D, 0xFBFC, 0xFCDB, 0xFDDB,
    0xFECB, 0xFF7A, 0xFF7A, 0xFF7A, 0xFF7A, 0xFF7A, 0xFF7A, 0xFF7A, 0xFF7A, 0xFF7A, 0xFF7A, 0xFF7A, 0xFF7A, 0xFF7A, 0xFF7A, 0xFF7A,
    0xFF7A, 0xFF7A, 0xFF7A, 0xF5FB, 0xF597, 0xF52D, 0xF4BD, 0xF448, 0xF3CF, 0xF351, 0xF2CF, 0xF24A, 0xF1C2, 0xF137, 0xF0AA, 0xF01C,
    0xEF8C, 0xEEFB, 0xEE6A, 0xEDD9, 0xED48, 0xECB8, 0xEC2A, 0xEB9D, 0xEB12, 0xEA8A, 0xEA05, 0xE984, 0xE906, 0xE88D, 0xE818, 0xE7A9,
    0xE73F, 0xE6DB, 0xE67E, 0xE628, 0xE60F, 0xE657, 0xE6E3, 0xE794, 0xE84C, 0xE8F0, 0xE95F, 0xE9A1, 0xE9CF, 0xE9F1, 0xEA09, 0xEA1F,
    0xEA36, 0xEA53, 0xEA53, 0xEA53, 0xEA53, 0xEA53, 0xEA53, 0xEA53, 0xEA53, 0xEA53, 0xEA53, 0xEA53, 0xEA53, 0xEA53, 0xEA53, 0xEA53,
    0xEA53, 0xEA53, 0xEA53, 0xDD98, 0xD572, 0xC7D1, 0xBB1B, 0xB5B2, 0xB62E, 0xB6E4, 0xB7D0, 0xB8EE, 0xBA3B, 0xBBB2, 0xBD51, 0xBF13,
    0xC0F6, 0xC2F4, 0xC50B, 0xC737, 0xC974, 0xCBBF, 0xCE14, 0xD06F, 0xD2CD, 0xD529, 0xD781, 0xD9D0, 0xDC14, 0xDE47, 0xE068, 0xE271,
    0xE45F, 0xE62F, 0xE7DE, 0xE966, 0xEA77, 0xEADE, 0xEAC3, 0xEA52, 0xE9B4, 0xE913, 0xE898, 0xE82E, 0xE7A9, 0xE710, 0xE66B, 0xE5C1,
    0xE51A, 0xE47C, 0xE47C, 0xE47C, 0xE47C, 0xE47C, 0xE47C, 0xE47C, 0xE47C, 0xE47C, 0xE47C, 0xE47C, 0xE47C, 0xE47C, 0xE47C, 0xE47C,
    0xE47C, 0xE47C, 0xE47C, 0x92BC, 0x88EE, 0x7B01, 0x6A58, 0x584E, 0x4641, 0x358E, 0x2793, 0x1DAF, 0x1714, 0x11E9, 0x0DF8, 0x0B0B,
    0x08EB, 0x0764, 0x063E, 0x0544, 0x0440, 0x02FB, 0x0140, 0xFEDB, 0xFB6F, 0xF75D, 0xF384, 0xF0C0, 0xF1E4, 0xF33E, 0xF081, 0xEC8A,
    0xE931, 0xE705, 0xE577, 0xE4AC, 0xE4AE, 0xE53D, 0xE609, 0xE6C4, 0xE721, 0xE6D2, 0xE587, 0xDF28, 0xD5AA, 0xD1D6, 0xD745, 0xE12B,
    0xEBB2, 0xF305, 0xF486, 0xF29B, 0xF0FE, 0xF119, 0xF181, 0xF1AD, 0xF13E, 0xF093, 0xF03A, 0xF03A, 0xF03A, 0xF03A, 0xF03A, 0xF03A,
    0xF03A, 0xF03A, 0xF03A, 0x2B21, 0x29D2, 0x27E1, 0x2589, 0x2304, 0x208B, 0x1E5A, 0x1CAA, 0x1BB5, 0x1B5F, 0x1B59, 0x1B97, 0x1C0A,
    0x1CA5, 0x1D5B, 0x1E1F, 0x1EE2, 0x1F98, 0x2033, 0x20A6, 0x20E3, 0x2061, 0x1F23, 0x1DEF, 0x1D8D, 0x2063, 0x2291, 0x1F76, 0x1AC7,
    0x185D, 0x1AC8, 0x1F77, 0x228F, 0x230D, 0x22BF, 0x2207, 0x2143, 0x20D6, 0x211E, 0x227C, 0x2896, 0x31DE, 0x36EE, 0x34E3, 0x2F93,
    0x29AC, 0x25D9, 0x25E7, 0x2812, 0x29AF, 0x298C, 0x28DA, 0x288A, 0x2937, 0x2A46, 0x2AD2, 0x2AD2, 0x2AD2, 0x2AD2, 0x2AD2, 0x2AD2,
    0x2AD2, 0x2AD2, 0x2AD2, 0x1257, 0x1060, 0x0DF5, 0x0B26, 0x0804, 0x049D, 0x0101, 0xFD43, 0xF970, 0xF586, 0xF17B, 0xED54, 0xE914,
    0xE4C0, 0xE05B, 0xDBE8, 0xD76C, 0xD2EB, 0xCE69, 0xC9E9, 0xC56F, 0xC0EA, 0xBC39, 0xB74F, 0xB21C, 0xABE7, 0xA547, 0x9EB2, 0x9835,
    0x931E, 0x901D, 0x8E82, 0x8D8F, 0x8CC4, 0x8C21, 0x8B9F, 0x8B37, 0x8AE4, 0x8A9D, 0x8A5E, 0x8778, 0x84E7, 0x8B25, 0x9EE5, 0xBA21,
    0xD540, 0xE8A7, 0xEDDC, 0xE9DA, 0xE634, 0xE653, 0xE6CF, 0xE703, 0xE682, 0xE5BA, 0xE551, 0xE551, 0xE551, 0xE551, 0xE551, 0xE551,
    0xE551, 0xE551, 0xE551, 0x0013, 0x0013, 0x0014, 0x0014, 0x0014, 0x0014, 0x0014, 0x0014, 0x0015, 0x0015, 0x0015, 0x0015, 0x0015,
    0x0016, 0x0016, 0x0016, 0x0016, 0x0016, 0x0017, 0x0017, 0x0017, 0x0017, 0x0017, 0x0018, 0x0018, 0x0018, 0x0018, 0x0018, 0x0018,
    0x0019, 0x0019, 0x0019, 0x0019, 0x0019, 0x0019, 0x001A, 0x001A, 0x001A, 0x001A, 0x001B, 0x001B, 0x001A, 0x001A, 0x0019, 0x0018,
    0x0017, 0x0015, 0x0014, 0x0012, 0x0010, 0x000E, 0x000C, 0x000A, 0x0008, 0x0007, 0x0005, 0x0003, 0x0002, 0x0000, 0x0000, 0xFFFF,
    0xFFFE, 0xFFFE, 0xFFFE, 0xFF31, 0xFF31, 0xFF31, 0xFF31, 0xFF31, 0xFF31, 0xFF31, 0xFF31, 0xFF31, 0xFF31, 0xFF31, 0xFF31, 0xFF31,
    0xFF31, 0xFF31, 0xFF31, 0xFF31, 0xFF31, 0xFF31, 0xFF31, 0xFF31, 0xFF31, 0xFF31, 0xFF31, 0xFF31, 0xFF31, 0xFF31, 0xFF31, 0xFF31,
    0xFF31, 0xFF31, 0xFF31, 0xFF32, 0xFF32, 0xFF32, 0xFF32, 0xFF32, 0xFF32, 0xFF32, 0xFF32, 0xFF32, 0xFF32, 0xFF32, 0xFF32, 0xFF31,
    0xFF31, 0xFF31, 0xFF31, 0xFF31, 0xFF31, 0xFF31, 0xFF31, 0xFF31, 0xFF31, 0xFF31, 0xFF30, 0xFF30, 0xFF30, 0xFF30, 0xFF30, 0xFF30,
    0xFF30, 0xFF30, 0xFF30, 0xC62D, 0xC625, 0xC61D, 0xC615, 0xC60C, 0xC603, 0xC5FA, 0xC5F1, 0xC5E7, 0xC5DE, 0xC5D4, 0xC5CA, 0xC5C0,
    0xC5B6, 0xC5AC, 0xC5A1, 0xC597, 0xC58C, 0xC582, 0xC578, 0xC56D, 0xC563, 0xC558, 0xC54E, 0xC543, 0xC539, 0xC52F, 0xC525, 0xC51B,
    0xC511, 0xC507, 0xC4FE, 0xC4F7, 0xC4F4, 0xC4EF, 0xC4E3, 0xC4D3, 0xC4C2, 0xC4B4, 0xC4AA, 0xC4A9, 0xC4B3, 0xC4CB, 0xC4F4, 0xC52D,
    0xC572, 0xC5C0, 0xC616, 0xC673, 0xC6D5, 0xC73A, 0xC7A2, 0xC80A, 0xC871, 0xC8D5, 0xC935, 0xC990, 0xC9E4, 0xCA2F, 0xCA70, 0xCAA5,
    0xCACC, 0xCAE5, 0xCAEE, 0x2090, 0x209E, 0x2130, 0x2228, 0x2367, 0x24CF, 0x2643, 0x27A3, 0x28D3, 0x29B3, 0x29C3, 0x2929, 0x28C4,
    0x2971, 0x2B8D, 0x2E85, 0x31CF, 0x34E4, 0x373A, 0x384D, 0x387F, 0x38A1, 0x3984, 0x3B9F, 0x3E6E, 0x4148, 0x4388, 0x4514, 0x4652,
    0x4758, 0x483A, 0x490D, 0x4A2D, 0x494E, 0x45D6, 0x41E1, 0x3D95, 0x391A, 0x3498, 0x3036, 0x2C1B, 0x286F, 0x2559, 0x2301, 0x2122,
    0x1F5A, 0x1DAA, 0x1C13, 0x1A94, 0x192D, 0x17DE, 0x16A8, 0x158B, 0x1486, 0x139A, 0x12C6, 0x120B, 0x1169, 0x10DF, 0x106F, 0x1017,
    0x0FD9, 0x0FB3, 0x0FA6, 0x01CD, 0x017A, 0x00FA, 0x0062, 0xFFC6, 0xFF37, 0xFECB, 0xFEB7, 0xFEDE, 0xFEDA, 0xFE97, 0xFE44, 0xFDE2,
    0xFD6E, 0xFCE7, 0xFC33, 0xFB56, 0xFA78, 0xF9C2, 0xF94C, 0xF8FB, 0xF8AF, 0xF846, 0xF7AB, 0xF6F6, 0xF643, 0xF5B1, 0xF543, 0xF4E6,
    0xF497, 0xF451, 0xF410, 0xF3B3, 0xF3F5, 0xF501, 0xF628, 0xF762, 0xF8A9, 0xF9F6, 0xFB43, 0xFC89, 0xFDC1, 0xFEE6, 0xFFF0, 0x00F1,
    0x0200, 0x031B, 0x043D, 0x0564, 0x068D, 0x07B6, 0x08DA, 0x09F8, 0x0B0C, 0x0C14, 0x0D0C, 0x0DF2, 0x0EC3, 0x0F7B, 0x1019, 0x1098,
    0x10F7, 0x1132, 0x1146, 0x179B, 0x1791, 0x1782, 0x176F, 0x175A, 0x1745, 0x1732, 0x1723, 0x1715, 0x1703, 0x16ED, 0x16D5, 0x16BC,
    0x16A0, 0x1681, 0x1658, 0x1627, 0x15F7, 0x15D1, 0x15BD, 0x15B3, 0x15AA, 0x1595, 0x156D, 0x153A, 0x1508, 0x14E4, 0x14CF, 0x14C3,
    0x14BC, 0x14B7, 0x14B1, 0x149E, 0x14AF, 0x14FC, 0x155E, 0x15CE, 0x1644, 0x16B6, 0x171E, 0x1772, 0x17AB, 0x17C1, 0x17AA, 0x1770,
    0x1722, 0x16C1, 0x1651, 0x15D4, 0x154D, 0x14BE, 0x1429, 0x1392, 0x12FA, 0x1265, 0x11D4, 0x114B, 0x10CD, 0x105A, 0x0FF7, 0x0FA5,
    0x0F68, 0x0F41, 0x0F33, 0xAC85, 0xAC14, 0xAB3F, 0xAA2E, 0xA90D, 0xA805, 0xA743, 0xA723, 0xA76B, 0xA75F, 0xA6DD, 0xA63E, 0xA57F,
    0xA4A0, 0xA39C, 0xA243, 0xA09A, 0x9EF0, 0x9D94, 0x9CB2, 0x9C1A, 0x9B89, 0x9AC0, 0x9994, 0x9830, 0x96D1, 0x95B5, 0x94E2, 0x9433,
    0x939E, 0x931B, 0x92A1, 0x91F1, 0x926D, 0x9474, 0x96BB, 0x9931, 0x9BC1, 0x9E59, 0xA0E5, 0xA352, 0xA58C, 0xA780, 0xA91C, 0xAA86,
    0xABF1, 0xAD5B, 0xAEC1, 0xB022, 0xB17C, 0xB2CC, 0xB410, 0xB547, 0xB66E, 0xB782, 0xB883, 0xB96D, 0xBA3F, 0xBAF6, 0xBB91, 0xBC0D,
    0xBC68, 0xBCA0, 0xBCB4, 0xDBA9, 0xDBA3, 0xDB9B, 0xDB93, 0xDB8B, 0xDB81, 0xDB77, 0xDB6C, 0xDB60, 0xDB54, 0xDB47, 0xDB3A, 0xDB2C,
    0xDB1E, 0xDB0F, 0xDB01, 0xDAF2, 0xDAE3, 0xDAD3, 0xDAC4, 0xDAB4, 0xDAA5, 0xDA96, 0xDA86, 0xDA77, 0xDA68, 0xDA59, 0xDA4B, 0xDA3C,
    0xDA2F, 0xDA21, 0xDA14, 0xDA0B, 0xDA08, 0xDA11, 0xDA2A, 0xDA4D, 0xDA73, 0xDA94, 0xDAAA, 0xDAAD, 0xDA98, 0xDA63, 0xDA08, 0xD989,
    0xD8F1, 0xD844, 0xD784, 0xD6B6, 0xD5DD, 0xD4FB, 0xD415, 0xD32E, 0xD24A, 0xD16B, 0xD094, 0xCFCB, 0xCF11, 0xCE6B, 0xCDDB, 0xCD65,
    0xCD0D, 0xCCD5, 0xCCC2, 0x1783, 0x181F, 0x18C3, 0x1970, 0x1A24, 0x1AE1, 0x1BA4, 0x1C6E, 0x1D3D, 0x1E12, 0x1EED, 0x1FCC, 0x20AE,
    0x2195, 0x227E, 0x236A, 0x2459, 0x2548, 0x2639, 0x272B, 0x281D, 0x290E, 0x29FF, 0x2AEE, 0x2BDC, 0x2CC7, 0x2DB0, 0x2E95, 0x2F76,
    0x3054, 0x312C, 0x3200, 0x32BA, 0x3267, 0x30FE, 0x2F61, 0x2DA0, 0x2BCB, 0x29F1, 0x2822, 0x266C, 0x24E0, 0x238E, 0x2283, 0x21A5,
    0x20CC, 0x1FF9, 0x1F2D, 0x1E69, 0x1DAC, 0x1CF8, 0x1C4E, 0x1BAD, 0x1B17, 0x1A8C, 0x1A0D, 0x199B, 0x1935, 0x18DE, 0x1895, 0x185B,
    0x1831, 0x1817, 0x180F, 0xE7E2, 0xE834, 0xE886, 0xE8D8, 0xE92A, 0xE97C, 0xE9CF, 0xEA21, 0xEA74, 0xEAC7, 0xEB1A, 0xEB6D, 0xEBC0,
    0xEC13, 0xEC66, 0xECB9, 0xED0B, 0xED5E, 0xEDB1, 0xEE03, 0xEE55, 0xEEA7, 0xEEF8, 0xEF4A, 0xEF9B, 0xEFEB, 0xF03C, 0xF08C, 0xF0DB,
    0xF12A, 0xF179, 0xF1C7, 0xF20C, 0xF1ED, 0xF172, 0xF0F3, 0xF06E, 0xEFE4, 0xEF53, 0xEEBD, 0xEE20, 0xED7C, 0xECD0, 0xEC1D, 0xEB5A,
    0xEA84, 0xE99C, 0xE8A6, 0xE7A6, 0xE69F, 0xE594, 0xE488, 0xE37F, 0xE27C, 0xE181, 0xE094, 0xDFB6, 0xDEEB, 0xDE36, 0xDD9B, 0xDD1D,
    0xDCBE, 0xDC83, 0xDC6F, 0xEC00, 0xEBB5, 0xEB6C, 0xEB24, 0xEADD, 0xEA98, 0xEA53, 0xEA10, 0xE9CE, 0xE98D, 0xE94D, 0xE90E, 0xE8D0,
    0xE892, 0xE855, 0xE819, 0xE7DD, 0xE7A2, 0xE767, 0xE72D, 0xE6F3, 0xE6B9, 0xE67F, 0xE645, 0xE60C, 0xE5D2, 0xE598, 0xE55E, 0xE524,
    0xE4E9, 0xE4AE, 0xE473, 0xE441, 0xE450, 0xE49F, 0xE4F9, 0xE55D, 0xE5C4, 0xE62E, 0xE694, 0xE6F4, 0xE74B, 0xE794, 0xE7CC, 0xE7F9,
    0xE824, 0xE84D, 0xE874, 0xE899, 0xE8BC, 0xE8DC, 0xE8FB, 0xE917, 0xE931, 0xE949, 0xE95F, 0xE972, 0xE983, 0xE991, 0xE99C, 0xE9A6,
    0xE9AC, 0xE9B0, 0xE9B2, 0xB41D, 0xB388, 0xB2F3, 0xB25F, 0xB1CA, 0xB136, 0xB0A2, 0xB00D, 0xAF79, 0xAEE5, 0xAE51, 0xADBE, 0xAD2A,
    0xAC97, 0xAC04, 0xAB71, 0xAADF, 0xAA4D, 0xA9BB, 0xA92A, 0xA899, 0xA809, 0xA778, 0xA6E9, 0xA65A, 0xA5CB, 0xA53D, 0xA4AF, 0xA422,
    0xA396, 0xA30A, 0xA27F, 0xA206, 0xA237, 0xA309, 0xA3EA, 0xA4D8, 0xA5D0, 0xA6D0, 0xA7D6, 0xA8DE, 0xA9E8, 0xAAF0, 0xABF3, 0xAD01,
    0xAE26, 0xAF5D, 0xB0A4, 0xB1F5, 0xB34E, 0xB4A9, 0xB604, 0xB75A, 0xB8A6, 0xB9E6, 0xBB16, 0xBC30, 0xBD31, 0xBE16, 0xBEDA, 0xBF7A,
    0xBFF1, 0xC03B, 0xC055, 0x8001, 0x8001, 0x44F5, 0x450A, 0x451C, 0x452C, 0x453A, 0x4545, 0x454E, 0x4555, 0x455A, 0x455D, 0x455F,
    0x455F, 0x455E, 0x455C, 0x4559, 0x4554, 0x454F, 0x4549, 0x4543, 0x453C, 0x4534, 0x452D, 0x4525, 0x451E, 0x4517, 0x4510, 0x450A,
    0x4504, 0x44FF, 0x44FB, 0x44F8, 0x44F6, 0x44F5, 0x44F5, 0x44F5, 0x44F5, 0x44F5, 0x44F5, 0x44F5, 0x44F5, 0x44F5, 0x44F5, 0x44F5,
    0x44F5, 0x44F5, 0x44F5, 0x44F5, 0x44F5, 0x44F5, 0x44F5, 0x44F5, 0x44F5, 0x44F5, 0x44F5, 0x44F5, 0x44F5, 0x44F5, 0x44F5, 0x44F5,
    0x44F5, 0x44F5, 0x44F5, 0x44F5, 0x44F5, 0xBF5F, 0x8001, 0x8001, 0x4171, 0xBF5F, 0x04DC, 0x048B, 0x043C, 0x03F1, 0x03AA, 0x0365,
    0x0324, 0x02E5, 0x02A9, 0x026F, 0x0238, 0x0203, 0x01D0, 0x019F, 0x0170, 0x0143, 0x0117, 0x00ED, 0x00C4, 0x009D, 0x0076, 0x0050,
    0x002C, 0x0007, 0xFFE5, 0xFFC1, 0xFF9E, 0xFF7B, 0xFF58, 0xFF35, 0xFF12, 0xFEEE, 0xFEF2, 0xFF2D, 0xFF7D, 0xFFBD, 0xFFCB, 0xFF36,
    0xFE56, 0xFE31, 0x000F, 0x029B, 0x0458, 0x05D8, 0x0716, 0x085C, 0x0A57, 0x0C6E, 0x0D67, 0x0D67, 0x0D67, 0x0D67, 0x0D67, 0x0D67,
    0x0D67, 0x0D67, 0x0D67, 0x0D67, 0x0D67, 0x0D67, 0x0D67, 0x0D67, 0x0D67, 0x0D67, 0xF7FA, 0xF7FA, 0xF7FA, 0xF7FB, 0xF7FC, 0xF7FE,
    0xF800, 0xF803, 0xF805, 0xF808, 0xF80B, 0xF80D, 0xF810, 0xF813, 0xF815, 0xF818, 0xF81A, 0xF81B, 0xF81D, 0xF81E, 0xF81E, 0xF81E,
    0xF81D, 0xF81C, 0xF819, 0xF816, 0xF813, 0xF80E, 0xF808, 0xF801, 0xF7FA, 0xF7F1, 0xF7BF, 0xF75B, 0xF6EE, 0xF6A2, 0xF6A3, 0xF768,
    0xF8B2, 0xF997, 0xF956, 0xF899, 0xF7D9, 0xF74A, 0xF756, 0xF7D0, 0xF8D1, 0xF9FF, 0xFA91, 0xFA91, 0xFA91, 0xFA91, 0xFA91, 0xFA91,
    0xFA91, 0xFA91, 0xFA91, 0xFA91, 0xFA91, 0xFA91, 0xFA91, 0xFA91, 0xFA91, 0xFA91, 0x1580, 0x15DC, 0x1636, 0x168C, 0x16E1, 0x1733,
    0x1783, 0x17D3, 0x1821, 0x186F, 0x18BD, 0x190B, 0x195A, 0x19AA, 0x19FB, 0x1A4E, 0x1AA3, 0x1AFB, 0x1B55, 0x1BB3, 0x1C15, 0x1C7A,
    0x1CE4, 0x1D52, 0x1DC6, 0x1E3F, 0x1EBE, 0x1F43, 0x1FCF, 0x2061, 0x20FB, 0x219D, 0x2357, 0x2677, 0x29D9, 0x2C59, 0x2CD2, 0x28BF,
    0x2128, 0x1A47, 0x15EF, 0x1334, 0x126C, 0x12AC, 0x137E, 0x13DC, 0x1244, 0x1016, 0x0EFC, 0x0EFC, 0x0EFC, 0x0EFC, 0x0EFC, 0x0EFC,
    0x0EFC, 0x0EFC, 0x0EFC, 0x0EFC, 0x0EFC, 0x0EFC, 0x0EFC, 0x0EFC, 0x0EFC, 0x0EFC, 0x0480, 0x0252, 0x0000, 0xFFF4, 0x0097, 0x00F9,
    0x00BD, 0x004A, 0xFFD6, 0xFF93, 0xFFA5, 0xFFE9, 0x0028, 0x002C, 0xFFCA, 0xFF29, 0xFE89, 0xFE2E, 0xFE0E, 0xFDF3, 0xFDDE, 0xFDCE,
    0xFDC1, 0xFDB9, 0xFDB3, 0xFDB0, 0xFDAE, 0xFDAF, 0xFDB0, 0xFDB1, 0xFDB2, 0xFDB3, 0xFDA4, 0xFE2E, 0xFF89, 0x011F, 0x02D1, 0x047E,
    0x0608, 0x074F, 0x076F, 0x0701, 0x0731, 0x074F, 0x072A, 0x0700, 0x06D2, 0x06A0, 0x066C, 0x0636, 0x05FE, 0x05C6, 0x058F, 0x0558,
    0x0523, 0x04F1, 0x04C2, 0x0496, 0x046F, 0x044E, 0x0433, 0x041F, 0x0412, 0x040E, 0xF73C, 0xF6F3, 0xF672, 0xF64D, 0xF63E, 0xF635,
    0xF62E, 0xF62C, 0xF62C, 0xF62B, 0xF629, 0xF627, 0xF627, 0xF62A, 0xF633, 0xF641, 0xF64E, 0xF654, 0xF654, 0xF652, 0xF650, 0xF64D,
    0xF649, 0xF645, 0xF641, 0xF63D, 0xF639, 0xF635, 0xF632, 0xF630, 0xF62E, 0xF62E, 0xF627, 0xF654, 0xF6CA, 0xF756, 0xF7EC, 0xF87E,
    0xF8FE, 0xF960, 0xF927, 0xF8C6, 0xF918, 0xF960, 0xF94A, 0xF92E, 0xF90F, 0xF8ED, 0xF8C9, 0xF8A2, 0xF87A, 0xF851, 0xF828, 0xF800,
    0xF7D8, 0xF7B2, 0xF78F, 0xF76E, 0xF750, 0xF737, 0xF722, 0xF712, 0xF708, 0xF705, 0xFF84, 0x0900, 0x1321, 0x135E, 0x109E, 0x0EF5,
    0x0FEF, 0x11CE, 0x13B9, 0x14D5, 0x1489, 0x136A, 0x125F, 0x1250, 0x13ED, 0x1694, 0x1932, 0x1AB3, 0x1B3D, 0x1BB0, 0x1C0C, 0x1C56,
    0x1C8E, 0x1CB8, 0x1CD4, 0x1CE6, 0x1CEF, 0x1CF1, 0x1CF0, 0x1CEC, 0x1CE8, 0x1CE6, 0x1D2E, 0x1AB3, 0x1472, 0x0D1E, 0x054B, 0xFD92,
    0xF686, 0xF0BD, 0xF0A9, 0xF30F, 0xF1BC, 0xF0BD, 0xF175, 0xF248, 0xF332, 0xF42F, 0xF53B, 0xF652, 0xF771, 0xF893, 0xF9B4, 0xFAD1,
    0xFBE6, 0xFCEE, 0xFDE5, 0xFEC9, 0xFF94, 0x0042, 0x00D1, 0x013C, 0x017F, 0x0197, 0x02FE, 0x035D, 0x03BD, 0x041E, 0x047F, 0x04DF,
    0x053E, 0x059B, 0x05F4, 0x064B, 0x069D, 0x06EA, 0x0732, 0x0774, 0x07AF, 0x07E2, 0x080D, 0x0832, 0x0852, 0x086B, 0x0880, 0x0891,
    0x089D, 0x08A6, 0x08AC, 0x08B0, 0x08B2, 0x08B2, 0x08B2, 0x08B1, 0x08B0, 0x08AF, 0x08B1, 0x08B7, 0x08BF, 0x08C5, 0x08C9, 0x08C7,
    0x08BF, 0x08AD, 0x0891, 0x0866, 0x082D, 0x07E2, 0x0783, 0x0712, 0x0692, 0x0605, 0x056C, 0x04CC, 0x0426, 0x037D, 0x02D3, 0x022A,
    0x0186, 0x00E9, 0x0055, 0xFFCE, 0xFF53, 0xFEEA, 0xFE93, 0xFE52, 0xFE2A, 0xFE1C,
};

static const u16 anim_04_indices[] = {
    0x0001, 0x0000, 0x0021, 0x0001, 0x0021, 0x0022, 0x0001, 0x0000, 0x0001, 0x0043, 0x0001, 0x0000, 0x0001, 0x0000, 0x0001, 0x0000,
    0x0021, 0x044B, 0x0021, 0x03E8, 0x0021, 0x0409, 0x0021, 0x042A, 0x0001, 0x0000, 0x0021, 0x03A6, 0x0021, 0x03C7, 0x0001, 0x03A2,
    0x0001, 0x03A3, 0x0001, 0x03A4, 0x0021, 0x00C8, 0x0021, 0x00E9, 0x0021, 0x010A, 0x0001, 0x0000, 0x0001, 0x0000, 0x0021, 0x00A7,
    0x0021, 0x0044, 0x0021, 0x0065, 0x0021, 0x0086, 0x0001, 0x039E, 0x0001, 0x039F, 0x0001, 0x03A0, 0x0021, 0x016D, 0x0021, 0x018E,
    0x0021, 0x01AF, 0x0001, 0x0000, 0x0001, 0x0000, 0x0021, 0x014C, 0x0001, 0x0000, 0x0001, 0x0000, 0x0021, 0x012B, 0x0001, 0x0000,
    0x0001, 0x0000, 0x0001, 0x03A1, 0x0021, 0x033B, 0x0021, 0x035C, 0x0021, 0x037D, 0x0001, 0x0000, 0x0001, 0x0000, 0x0021, 0x031A,
    0x0021, 0x02B7, 0x0021, 0x02D8, 0x0021, 0x02F9, 0x0001, 0x0000, 0x0001, 0x0000, 0x0001, 0x03A5, 0x0021, 0x0254, 0x0021, 0x0275,
    0x0021, 0x0296, 0x0001, 0x0000, 0x0001, 0x0000, 0x0021, 0x0233, 0x0021, 0x01D0, 0x0021, 0x01F1, 0x0021, 0x0212,
};

static const s16 anim_04_values[] = {
    0x0000, 0x007B, 0x007C, 0x007C, 0x007D, 0x007E, 0x007E, 0x007F, 0x0081, 0x0082, 0x0084, 0x0086, 0x0088, 0x008A, 0x008C, 0x008E,
    0x008F, 0x008F, 0x0090, 0x0090, 0x0091, 0x0091, 0x0093, 0x0094, 0x0095, 0x0095, 0x0095, 0x0095, 0x0094, 0x0093, 0x0092, 0x0092,
    0x0091, 0x0090, 0x0004, 0x0008, 0x000D, 0x0012, 0x0015, 0x0016, 0x0010, 0x0006, 0xFFFF, 0xFFFD, 0xFFFD, 0xFFFD, 0xFFFD, 0xFFFF,
    0x0000, 0x0003, 0x0007, 0x000C, 0x0011, 0x0015, 0x0016, 0x0014, 0x000D, 0x0006, 0x0002, 0x0002, 0x0002, 0x0003, 0x0004, 0x0006,
    0x0007, 0x0007, 0x0007, 0x3FFF, 0x0000, 0x0000, 0x0000, 0xFFFF, 0xFFFE, 0xFFFD, 0xFFFB, 0xFFFA, 0xFFF8, 0xFFF7, 0xFFF5, 0xFFF4,
    0xFFF2, 0xFFF1, 0xFFF0, 0xFFF0, 0xFFF0, 0xFFF0, 0xFFF1, 0xFFF2, 0xFFF3, 0xFFF6, 0xFFF9, 0xFFFC, 0x0000, 0x0006, 0x000F, 0x001A,
    0x0026, 0x0035, 0x0044, 0x0054, 0x0064, 0xF97C, 0xF97C, 0xF97C, 0xF97C, 0xF97C, 0xF97B, 0xF97B, 0xF97B, 0xF97B, 0xF97B, 0xF97B,
    0xF97B, 0xF97B, 0xF97B, 0xF97B, 0xF97B, 0xF97B, 0xF97B, 0xF97B, 0xF97B, 0xF97B, 0xF97B, 0xF97B, 0xF97B, 0xF97C, 0xF97C, 0xF97D,
    0xF97D, 0xF97E, 0xF97F, 0xF97F, 0xF980, 0xF981, 0xED8C, 0xED8D, 0xED90, 0xED95, 0xED9C, 0xEDA4, 0xEDAD, 0xEDB7, 0xEDC0, 0xEDCA,
    0xEDD4, 0xEDDD, 0xEDE5, 0xEDEB, 0xEDF1, 0xEDF4, 0xEDF5, 0xEDF4, 0xEDF0, 0xEDE9, 0xEDDE, 0xEDD0, 0xEDBE, 0xEDA7, 0xED8C, 0xED65,
    0xED2D, 0xECE8, 0xEC97, 0xEC3D, 0xEBDC, 0xEB78, 0xEB13, 0xFAB5, 0xFAA0, 0xFA98, 0xFA9B, 0xFAA8, 0xFABE, 0xFADB, 0xFAFF, 0xFB28,
    0xFB56, 0xFB87, 0xFBBA, 0xFBEE, 0xFC22, 0xFC54, 0xFC84, 0xFCB1, 0xFCD9, 0xFCFB, 0xFD17, 0xFD2A, 0xFD35, 0xFD35, 0xFD2A, 0xFD12,
    0xFCF9, 0xFCDD, 0xFCA6, 0xFC3E, 0xFB8D, 0xFA7D, 0xF8F8, 0xF6E5, 0x2A58, 0x290C, 0x2548, 0x1F81, 0x182B, 0x0FB9, 0x069E, 0xFD51,
    0xF441, 0xEBE4, 0xE4AE, 0xDE00, 0xD700, 0xCFC7, 0xC86F, 0xC10F, 0xB9C2, 0xB2A1, 0xABC4, 0xA546, 0x9F3F, 0x99C8, 0x94FA, 0x90EF,
    0x8DC0, 0x8C0A, 0x8C37, 0x8E13, 0x916B, 0x9609, 0x9BBB, 0xA24D, 0xA98A, 0xF01E, 0xEE8B, 0xEBB9, 0xE7F6, 0xE391, 0xDED8, 0xDA18,
    0xD5A2, 0xD1C2, 0xCEC8, 0xCD02, 0xCC32, 0xCBDC, 0xCBF0, 0xCC5E, 0xCD16, 0xCE08, 0xCF24, 0xD05A, 0xD19B, 0xD2D5, 0xD3F9, 0xD4F8,
    0xD5C0, 0xD643, 0xD6AC, 0xD71F, 0xD780, 0xD7B5, 0xD7A4, 0xD72F, 0xD63E, 0xD4B4, 0x553B, 0x52F0, 0x552D, 0x5B25, 0x640D, 0x6F19,
    0x7B7F, 0x8876, 0x952C, 0xA0D9, 0xAAB1, 0xB3A7, 0xBD1C, 0xC6F1, 0xD103, 0xDB32, 0xE55C, 0xEF61, 0xF91F, 0x0273, 0x0B3F, 0x1361,
    0x1AB8, 0x2121, 0x267D, 0x29ED, 0x2AEB, 0x29D7, 0x2713, 0x2300, 0x1E00, 0x1875, 0x12BE, 0xF549, 0xF54C, 0xF553, 0xF55F, 0xF56E,
    0xF580, 0xF594, 0xF5AA, 0xF5C0, 0xF5D6, 0xF5EB, 0xF5FF, 0xF611, 0xF621, 0xF62C, 0xF634, 0xF636, 0xF634, 0xF62A, 0xF61A, 0xF603,
    0xF5E3, 0xF5B9, 0xF587, 0xF549, 0xF4CF, 0xF3F8, 0xF2DD, 0xF198, 0xF043, 0xEEF8, 0xEDD0, 0xECE5, 0xF156, 0xF0EC, 0xF095, 0xF050,
    0xF01C, 0xEFF8, 0xEFE3, 0xEFDC, 0xEFE0, 0xEFF1, 0xF00B, 0xF02F, 0xF05B, 0xF08E, 0xF0C7, 0xF104, 0xF145, 0xF189, 0xF1CE, 0xF214,
    0xF259, 0xF29C, 0xF2DC, 0xF318, 0xF34F, 0xF3EB, 0xF524, 0xF6AA, 0xF82C, 0xF95B, 0xF9E8, 0xF982, 0xF7DA, 0xC982, 0xCC47, 0xD218,
    0xDA5A, 0xE473, 0xEFC7, 0xFBBC, 0x07B5, 0x131A, 0x1D4E, 0x25B6, 0x2D1A, 0x3499, 0x3C20, 0x4399, 0x4AF1, 0x5213, 0x58EA, 0x5F63,
    0x6569, 0x6AE7, 0x6FC9, 0x73FB, 0x7768, 0x79FC, 0x7A44, 0x7769, 0x7246, 0x6BB2, 0x6488, 0x5D9F, 0x57D1, 0x53F6, 0x16F2, 0x17F1,
    0x19D0, 0x1C5A, 0x1F59, 0x2295, 0x25DA, 0x28F1, 0x2BA4, 0x2DBD, 0x2F06, 0x2FA5, 0x2FEF, 0x2FEE, 0x2FB0, 0x2F40, 0x2EAB, 0x2DFD,
    0x2D41, 0x2C85, 0x2BD4, 0x2B3A, 0x2AC5, 0x2A7F, 0x2A75, 0x2AA3, 0x2AFD, 0x2B86, 0x2C3E, 0x2D26, 0x2E41, 0x2F90, 0x3114, 0x55C3,
    0x553C, 0x5928, 0x60B3, 0x6B0B, 0x775D, 0x84D8, 0x92A4, 0x9FF2, 0xABEF, 0xB5C6, 0xBE66, 0xC737, 0xD026, 0xD91E, 0xE20A, 0xEAD5,
    0xF36C, 0xFBB9, 0x03A6, 0x0B22, 0x1216, 0x186E, 0x1E15, 0x22F7, 0x25E1, 0x2626, 0x2475, 0x2182, 0x1DFC, 0x1A95, 0x17FD, 0x16E6,
    0xFFA4, 0xFFD0, 0xFFF3, 0x000C, 0x001F, 0x002B, 0x0031, 0x0031, 0x002D, 0x0025, 0x001A, 0x000D, 0xFFFE, 0xFFEE, 0xFFDE, 0xFFCE,
    0xFFC0, 0xFFB4, 0xFFAA, 0xFFA4, 0xFFA3, 0xFFA6, 0xFFAF, 0xFFBC, 0xFFCD, 0xFFE0, 0xFFF6, 0x000B, 0x0021, 0x0037, 0x004A, 0x005C,
    0x0069, 0xFF45, 0xFF43, 0xFF41, 0xFF40, 0xFF3F, 0xFF3E, 0xFF3D, 0xFF3D, 0xFF3D, 0xFF3D, 0xFF3D, 0xFF3E, 0xFF3E, 0xFF3F, 0xFF40,
    0xFF41, 0xFF41, 0xFF42, 0xFF43, 0xFF44, 0xFF45, 0xFF46, 0xFF47, 0xFF49, 0xFF4C, 0xFF4F, 0xFF52, 0xFF56, 0xFF59, 0xFF5C, 0xFF5E,
    0xFF5F, 0xFF60, 0xDC97, 0xDEBD, 0xE09A, 0xE232, 0xE386, 0xE49A, 0xE571, 0xE60F, 0xE676, 0xE6A9, 0xE6AC, 0xE682, 0xE62E, 0xE5B3,
    0xE513, 0xE453, 0xE376, 0xE27D, 0xE16D, 0xE049, 0xDF13, 0xDDCF, 0xDBF4, 0xD919, 0xD571, 0xD12E, 0xCC84, 0xC7A4, 0xC2C2, 0xBE10,
    0xB9C2, 0xB60A, 0xB31A, 0x1F1A, 0x1D90, 0x1C5D, 0x1B79, 0x1AE0, 0x1A8B, 0x1A75, 0x1A96, 0x1AEA, 0x1B69, 0x1C0F, 0x1CD4, 0x1DB4,
    0x1EA7, 0x1FA8, 0x20B1, 0x21BC, 0x22C2, 0x23BE, 0x24A9, 0x257E, 0x2637, 0x26F3, 0x27D3, 0x28D6, 0x29F7, 0x2B35, 0x2C8B, 0x2DF7,
    0x2F76, 0x3104, 0x329F, 0x3444, 0x0760, 0x0709, 0x06C3, 0x068A, 0x065C, 0x0634, 0x060D, 0x05E5, 0x05BE, 0x0599, 0x0578, 0x055D,
    0x0548, 0x053B, 0x0539, 0x0554, 0x0593, 0x05E4, 0x0633, 0x066F, 0x0684, 0x065F, 0x0602, 0x0581, 0x04E4, 0x0434, 0x037B, 0x02C0,
    0x020E, 0x016D, 0x00E6, 0x0081, 0x0049, 0x00E1, 0x0009, 0xFF86, 0xFF44, 0xFF2E, 0xFF31, 0xFF49, 0xFF7A, 0xFFBF, 0x000E, 0x0063,
    0x00B6, 0x0100, 0x013B, 0x015E, 0x0161, 0x0148, 0x011D, 0x00E9, 0x00B9, 0x0096, 0x008A, 0x008B, 0x0086, 0x0080, 0x007C, 0x007D,
    0x0086, 0x009B, 0x00BF, 0x00F6, 0x0143, 0x01AA, 0xBEAD, 0xC3A6, 0xC664, 0xC77D, 0xC787, 0xC716, 0xC63D, 0xC4C8, 0xC2E1, 0xC0B4,
    0xBE6C, 0xBC36, 0xBA3C, 0xB8AA, 0xB7AB, 0xB795, 0xB861, 0xB9AF, 0xBB22, 0xBC59, 0xBCF7, 0xBC9C, 0xBB82, 0xBA26, 0xB88F, 0xB6C3,
    0xB4C9, 0xB2A7, 0xB065, 0xAE08, 0xAB97, 0xA919, 0xA695, 0x0000, 0x0025, 0x0045, 0x005E, 0x0072, 0x0081, 0x008B, 0x0091, 0x0093,
    0x0092, 0x008E, 0x0087, 0x007E, 0x0073, 0x0067, 0x005A, 0x004D, 0x0040, 0x0033, 0x0027, 0x001C, 0x0013, 0x000C, 0x0007, 0x0006,
    0x0005, 0x0005, 0x0004, 0x0004, 0x0003, 0x0002, 0x0001, 0x0001, 0x0000, 0x0000, 0x0000, 0x0000, 0x0000, 0x0000, 0x0000, 0x0000,
    0x0000, 0x0000, 0x0000, 0x0000, 0x0000, 0x0000, 0x0000, 0x0000, 0x0000, 0x0000, 0x0000, 0x0000, 0x0000, 0x0000, 0x0000, 0x0000,
    0x0000, 0x0000, 0x0000, 0x0000, 0x0000, 0x0000, 0x0000, 0x0000, 0x0000, 0xDAF5, 0xDCCA, 0xDE67, 0xDFCE, 0xE101, 0xE203, 0xE2D5,
    0xE37B, 0xE3F6, 0xE449, 0xE477, 0xE481, 0xE46A, 0xE434, 0xE3E2, 0xE376, 0xE2F3, 0xE25A, 0xE1AE, 0xE0F1, 0xE026, 0xDF4F, 0xDE6F,
    0xDD87, 0xDC9B, 0xDAE8, 0xD7E5, 0xD3E8, 0xCF46, 0xCA55, 0xC56A, 0xC0DC, 0xBCFF, 0x1FEB, 0x2023, 0x20AD, 0x2182, 0x229D, 0x23F7,
    0x258B, 0x2752, 0x2948, 0x2B65, 0x2DA5, 0x3001, 0x3273, 0x34F6, 0x3784, 0x3A16, 0x3CA7, 0x3F31, 0x41AE, 0x4419, 0x466B, 0x489E,
    0x4AAD, 0x4C91, 0x4E46, 0x4FD5, 0x5142, 0x527D, 0x5376, 0x541E, 0x5463, 0x5437, 0x5389, 0xF9BB, 0xF9C1, 0xF9F1, 0xFA39, 0xFA84,
    0xFABD, 0xFAE9, 0xFB17, 0xFB48, 0xFB79, 0xFBAC, 0xFBDF, 0xFC12, 0xFC45, 0xFC76, 0xFCA6, 0xFCD4, 0xFCFF, 0xFD27, 0xFD4C, 0xFD6C,
    0xFD88, 0xFD9F, 0xFDB1, 0xFDBC, 0xFDAA, 0xFD6E, 0xFD14, 0xFCAD, 0xFC45, 0xFBEC, 0xFBAF, 0xFB9C, 0xFECE, 0xFFFB, 0x00A4, 0x00EB,
    0x00F1, 0x00D9, 0x00B7, 0x008E, 0x005D, 0x0026, 0xFFEA, 0xFFA8, 0xFF62, 0xFF19, 0xFECD, 0xFE81, 0xFE33, 0xFDE6, 0xFD99, 0xFD4F,
    0xFD07, 0xFCC2, 0xFC82, 0xFC47, 0xFC13, 0xFBEA, 0xFBD0, 0xFBC0, 0xFBB8, 0xFBB3, 0xFBAC, 0xFBA1, 0xFB8D, 0xBF1E, 0xC3B2, 0xC60D,
    0xC6AC, 0xC608, 0xC49B, 0xC2D0, 0xC0C4, 0xBE7F, 0xBC0A, 0xB96D, 0xB6B1, 0xB3DE, 0xB0FD, 0xAE16, 0xAB32, 0xA859, 0xA595, 0xA2ED,
    0xA069, 0x9E14, 0x9BF4, 0x9A13, 0x9879, 0x972E, 0x96F0, 0x9829, 0x9A6B, 0x9D44, 0xA045, 0xA2FE, 0xA4FE, 0xA5D6, 0x8001, 0x8001,
    0x4171, 0xBF5F, 0x8001, 0x8001, 0x4171, 0xBF5F, 0x0000, 0x0000, 0x0000, 0x0000, 0x0000, 0x0000, 0x0000, 0x0000, 0x0000, 0x0000,
    0xFFFF, 0xFFFB, 0xFFF4, 0xFFED, 0xFFE4, 0xFFDC, 0xFFD4, 0xFFCE, 0xFFCA, 0xFFC8, 0xFFCA, 0xFFD0, 0xFFDA, 0xFFEA, 0x0000, 0x002C,
    0x0079, 0x00D9, 0x0141, 0x01A7, 0x01FD, 0x023A, 0x0250, 0xE9A4, 0xE8B3, 0xE75C, 0xE5D2, 0xE44B, 0xE2FA, 0xE213, 0xE1CA, 0xE253,
    0xE3E3, 0xE65D, 0xE96F, 0xED03, 0xF101, 0xF550, 0xF9D9, 0xFE84, 0x0337, 0x07DE, 0x0C5E, 0x10A0, 0x148D, 0x180C, 0x1B04, 0x1D5F,
    0x1EAE, 0x1EBE, 0x1DCE, 0x1C1F, 0x19F2, 0x1786, 0x151C, 0x12F4, 0x0000, 0x0000, 0x0000, 0x0000, 0x0000, 0x0000, 0x0001, 0x0002,
    0x0003, 0x0005, 0x0006, 0x0007, 0x0009, 0x000A, 0x000B, 0x000C, 0x000C, 0x000C, 0x000C, 0x000C, 0x000A, 0x0009, 0x0006, 0x0003,
    0x0000, 0xFFF8, 0xFFE8, 0xFFD3, 0xFFBD, 0xFFA7, 0xFF96, 0xFF8A, 0xFF88, 0x0000, 0x0000, 0x0000, 0x0000, 0x0000, 0x0002, 0x0006,
    0x000A, 0x000F, 0x0014, 0x001A, 0x001F, 0x0025, 0x002A, 0x002E, 0x0031, 0x0033, 0x0034, 0x0033, 0x0031, 0x002C, 0x0025, 0x001B,
    0x000F, 0x0000, 0xFFDF, 0xFFA2, 0xFF54, 0xFEFE, 0xFEAA, 0xFE61, 0xFE2D, 0xFE17, 0x0267, 0xF8AF, 0xEF3D, 0xEAC3, 0xEA6F, 0xEA4A,
    0xEA51, 0xEA81, 0xEAD5, 0xEB4B, 0xEBDE, 0xEC8B, 0xED4E, 0xEE24, 0xEF09, 0xEFF9, 0xF0F1, 0xF1ED, 0xF2EA, 0xF3E3, 0xF4D6, 0xF5BF,
    0xF699, 0xF762, 0xF816, 0xF95C, 0xFBAF, 0xFECB, 0x0266, 0x063E, 0x0A0B, 0x0D86, 0x106A, 0x30B3, 0x2162, 0x116D, 0x00E4, 0xEFD5,
    0xDE50, 0xCC63, 0xBA1F, 0xA793, 0x94CF, 0x81E1, 0x6ED6, 0x5BC3, 0x48B6, 0x35BC, 0x22E7, 0x1044, 0xFDE4, 0xEBD6, 0xDA28, 0xC8EB,
    0xB82E, 0xA801, 0x9872, 0x8991, 0x7B6A, 0x6E14, 0x6199, 0x560A, 0x4B77, 0x41ED, 0x397E, 0x3237,
};

static const u16 anim_0F_10_indices[] = {
    0x0001, 0x0000, 0x0013, 0x0001, 0x0013, 0x0014, 0x0001, 0x0000, 0x0001, 0x0027, 0x0001, 0x0000, 0x0013, 0x02B6, 0x0013, 0x02C9,
    0x0013, 0x02DC, 0x0013, 0x027D, 0x0013, 0x0290, 0x0013, 0x02A3, 0x0013, 0x0244, 0x0013, 0x0257, 0x0013, 0x026A, 0x0001, 0x0240,
    0x0001, 0x0241, 0x0001, 0x0242, 0x0013, 0x0074, 0x0013, 0x0087, 0x0013, 0x009A, 0x0001, 0x0000, 0x0001, 0x0000, 0x0013, 0x0061,
    0x0013, 0x0028, 0x0013, 0x003B, 0x0013, 0x004E, 0x0001, 0x023C, 0x0001, 0x023D, 0x0001, 0x023E, 0x0013, 0x00F9, 0x0013, 0x010C,
    0x0013, 0x011F, 0x0001, 0x0000, 0x0001, 0x0000, 0x0013, 0x00E6, 0x0013, 0x00AD, 0x0013, 0x00C0, 0x0013, 0x00D3, 0x0001, 0x0000,
    0x0001, 0x0000, 0x0001, 0x023F, 0x0013, 0x0203, 0x0013, 0x0216, 0x0013, 0x0229, 0x0001, 0x0000, 0x0001, 0x0000, 0x0013, 0x01F0,
    0x0013, 0x01B7, 0x0013, 0x01CA, 0x0013, 0x01DD, 0x0001, 0x0000, 0x0001, 0x0000, 0x0001, 0x0243, 0x0013, 0x017E, 0x0013, 0x0191,
    0x0013, 0x01A4, 0x0001, 0x0000, 0x0001, 0x0000, 0x0013, 0x016B, 0x0013, 0x0132, 0x0013, 0x0145, 0x0013, 0x0158,
};

static const s16 anim_0F_10_values[] = {
    0x0000, 0x005A, 0x005A, 0x0059, 0x0058, 0x0058, 0x0058, 0x005A, 0x005F, 0x0068, 0x0071, 0x0079, 0x0081, 0x0089, 0x008F, 0x0097,
    0x009E, 0x00A4, 0x00A8, 0x00AA, 0xFFC8, 0xFFC9, 0xFFCD, 0xFFD3, 0xFFD9, 0xFFDE, 0xFFE1, 0xFFE1, 0xFFDD, 0xFFD9, 0xFFD5, 0xFFD2,
    0xFFD3, 0xFFD9, 0xFFE2, 0xFFED, 0xFFF7, 0xFFFE, 0x0000, 0x3FFF, 0xFF8A, 0xFF8A, 0xFF89, 0xFF87, 0xFF86, 0xFF86, 0xFF8A, 0xFF93,
    0xFF9D, 0xFFA9, 0xFFB5, 0xFFC3, 0xFFD0, 0xFFDC, 0xFFE8, 0xFFF2, 0xFFFA, 0xFFFF, 0x0000, 0xF980, 0xF980, 0xF980, 0xF980, 0xF980,
    0xF980, 0xF980, 0xF980, 0xF97F, 0xF97F, 0xF97E, 0xF97E, 0xF97D, 0xF97D, 0xF97D, 0xF97C, 0xF97C, 0xF97C, 0xF97C, 0xF06F, 0xF06F,
    0xF076, 0xF084, 0xF08E, 0xF08B, 0xF06F, 0xF03C, 0xEFFC, 0xEFB3, 0xEF62, 0xEF0F, 0xEEBC, 0xEE6D, 0xEE25, 0xEDE7, 0xEDB6, 0xED97,
    0xED8C, 0xC485, 0xC485, 0xC6A0, 0xCBAB, 0xD1BD, 0xD6EB, 0xD94C, 0xD949, 0xD8A8, 0xD787, 0xD603, 0xD43C, 0xD250, 0xD05C, 0xCE7F,
    0xCCD8, 0xCB84, 0xCAA1, 0xCA4F, 0xE000, 0xE000, 0xDFC0, 0xDF3E, 0xDEDC, 0xDEFC, 0xE000, 0xE1DE, 0xE436, 0xE6EA, 0xE9D9, 0xECE6,
    0xEFEF, 0xF2D7, 0xF57E, 0xF7C5, 0xF98B, 0xFAB3, 0xFB1D, 0xECD9, 0xECD9, 0xEA15, 0xE364, 0xDB30, 0xD3E3, 0xCFE8, 0xCEB0, 0xCE04,
    0xCDCD, 0xCDF8, 0xCE6E, 0xCF1A, 0xCFE7, 0xD0BE, 0xD18B, 0xD238, 0xD2AF, 0xD2DC, 0xE26A, 0xE26A, 0xE2B2, 0xE350, 0xE3EF, 0xE43B,
    0xE3DE, 0xE2E5, 0xE1A1, 0xE025, 0xDE82, 0xDCCC, 0xDB15, 0xD96E, 0xD7EC, 0xD69F, 0xD59A, 0xD4F0, 0xD4B4, 0x0000, 0x0000, 0xFFC1,
    0xFF2B, 0xFE78, 0xFDE1, 0xFDA2, 0xFDAE, 0xFDCF, 0xFE01, 0xFE40, 0xFE86, 0xFED1, 0xFF1D, 0xFF63, 0xFFA2, 0xFFD4, 0xFFF5, 0x0000,
    0x0000, 0x0000, 0x00FC, 0x0357, 0x0626, 0x0881, 0x097E, 0x094E, 0x08CA, 0x0802, 0x0708, 0x05EC, 0x04BF, 0x0392, 0x0276, 0x017B,
    0x00B4, 0x002F, 0x0000, 0xED8C, 0xED8C, 0xEA90, 0xE37A, 0xDB16, 0xD42F, 0xD190, 0xD2A5, 0xD4D7, 0xD7E9, 0xDBA1, 0xDFC5, 0xE41B,
    0xE866, 0xEC6D, 0xEFF6, 0xF2C4, 0xF49E, 0xF549, 0xC898, 0xC898, 0xCBB1, 0xD315, 0xDBE5, 0xE345, 0xE656, 0xE5B3, 0xE405, 0xE180,
    0xDE5C, 0xDACD, 0xD709, 0xD346, 0xCFBA, 0xCC9A, 0xCA1C, 0xC876, 0xC7DD, 0x4CE0, 0x4CE0, 0x4D82, 0x4EC3, 0x4FAA, 0x4F3F, 0x4C88,
    0x479C, 0x4170, 0x3A56, 0x329F, 0x2A9D, 0x22A2, 0x1B01, 0x140B, 0x0E12, 0x0969, 0x0660, 0x054B, 0x2C94, 0x2C94, 0x29BD, 0x22F5,
    0x1ADD, 0x1411, 0x1131, 0x11AD, 0x131A, 0x1548, 0x1805, 0x1B24, 0x1E73, 0x21C3, 0x24E4, 0x27A6, 0x29DA, 0x2B4F, 0x2BD6, 0x0951,
    0x0951, 0x09ED, 0x0B27, 0x0C1E, 0x0BEE, 0x09B7, 0x058D, 0x004F, 0xFA44, 0xF3B1, 0xECDB, 0xE60B, 0xDF86, 0xD993, 0xD478, 0xD07B,
    0xCDE3, 0xCCF6, 0xFF57, 0xFF57, 0xFF5D, 0xFF64, 0xFF55, 0xFF1E, 0xFEAA, 0xFD4F, 0xFB71, 0xFA8F, 0xFAD6, 0xFB62, 0xFC1F, 0xFCF8,
    0xFDD8, 0xFEAA, 0xFF5B, 0xFFD4, 0x0000, 0xFC91, 0xFC91, 0xFC16, 0xFAED, 0xF982, 0xF842, 0xF797, 0xF828, 0xF992, 0xFAB7, 0xFB5E,
    0xFC0B, 0xFCB8, 0xFD5C, 0xFDF2, 0xFE73, 0xFED7, 0xFF19, 0xFF30, 0xBDC5, 0xBDC5, 0xBE70, 0xC01E, 0xC251, 0xC48D, 0xC655, 0xC78E,
    0xC86B, 0xC8E7, 0xC92B, 0xC960, 0xC98A, 0xC9A8, 0xC9BE, 0xC9CC, 0xC9D4, 0xC9D7, 0xC9D8, 0x091A, 0x091A, 0x0EA4, 0x1C48, 0x2D8C,
    0x3DF7, 0x4911, 0x4AC8, 0x4602, 0x40B7, 0x3CB8, 0x380E, 0x3309, 0x2DF5, 0x291F, 0x24D6, 0x2166, 0x1F1E, 0x1E4A, 0x1711, 0x1711,
    0x14EE, 0x0FBD, 0x0951, 0x0381, 0x0020, 0x01AB, 0x0695, 0x0AA7, 0x0CFD, 0x0F6F, 0x11E4, 0x1441, 0x166B, 0x1848, 0x19BE, 0x1AB2,
    0x1B09, 0x1373, 0x1373, 0x145A, 0x168F, 0x1950, 0x1BDE, 0x1D79, 0x1D4F, 0x1BE4, 0x1A77, 0x1958, 0x1813, 0x16B9, 0x155F, 0x1419,
    0x12F9, 0x1213, 0x117B, 0x1144, 0xA1B6, 0xA1B6, 0x9E4B, 0x95ED, 0x8B6F, 0x81A7, 0x7B67, 0x7B86, 0x8039, 0x856A, 0x89F7, 0x8F3E,
    0x94EA, 0x9AA4, 0xA016, 0xA4E8, 0xA8C5, 0xAB56, 0xAC44, 0x011B, 0x011B, 0x00EC, 0x008C, 0x0040, 0x004C, 0x00F4, 0x0325, 0x0698,
    0x09C2, 0x0B1B, 0x0A91, 0x0948, 0x0780, 0x0579, 0x0375, 0x01B4, 0x0078, 0x0000, 0xFFC8, 0xFFC8, 0xFF4C, 0xFE24, 0xFCC2, 0xFB99,
    0xFB1A, 0xFBBA, 0xFD2B, 0xFEB5, 0xFFA5, 0xFFF7, 0x0025, 0x0038, 0x0037, 0x002A, 0x0017, 0x0007, 0x0000, 0xAA72, 0xAA72, 0xAA1F,
    0xA969, 0xA8B4, 0xA865, 0xA8E0, 0xAAD8, 0xAE0C, 0xB174, 0xB406, 0xB5E5, 0xB7D1, 0xB9B3, 0xBB73, 0xBCF9, 0xBE2D, 0xBEF8, 0xBF40,
    0x5730, 0x5730, 0x5816, 0x5A1F, 0x5C53, 0x5DB6, 0x5D4C, 0x59D9, 0x53ED, 0x4D48, 0x47A7, 0x42B2, 0x3D29, 0x376F, 0x31E4, 0x2CEB,
    0x28E4, 0x2632, 0x2537, 0xFFB8, 0xFFB8, 0x0001, 0x0096, 0x0106, 0x00E1, 0xFFB8, 0xFCA0, 0xF7D9, 0xF2AF, 0xEE71, 0xEAD5, 0xE6E4,
    0xE2DE, 0xDF03, 0xDB93, 0xD8CE, 0xD6F6, 0xD64A, 0x0050, 0x0050, 0x009D, 0x0137, 0x01AA, 0x0184, 0x0050, 0xFCC5, 0xF741, 0xF1CE,
    0xEE73, 0xED1D, 0xEC48, 0xEBDA, 0xEBBA, 0xEBCE, 0xEBFD, 0xEC2B, 0xEC41, 0x82F7, 0x82F7, 0x82C0, 0x8251, 0x81FD, 0x8219, 0x82F7,
    0x84F9, 0x8809, 0x8BC9, 0x8FDA, 0x949E, 0x9A5E, 0xA09C, 0xA6D6, 0xAC8E, 0xB141, 0xB472, 0xB59E, 0x7FFF, 0x7FFF, 0x4171, 0xBF5F,
    0x7FFF, 0x7FFF, 0x4171, 0xBF5F, 0xE0EA, 0xE0EA, 0xE0D5, 0xE0E0, 0xE17D, 0xE31E, 0xE634, 0xEB47, 0xF20C, 0xF9BB, 0x0189, 0x08AF,
    0x0E63, 0x11DA, 0x1155, 0x0D12, 0x0749, 0x0230, 0x0000, 0xF9D5, 0xF9D5, 0xFAEA, 0xFD8B, 0x00C3, 0x03A5, 0x053D, 0x0590, 0x055D,
    0x04C8, 0x03FA, 0x0318, 0x0249, 0x01B3, 0x0140, 0x00CC, 0x0065, 0x001B, 0x0000, 0x02C2, 0x02C2, 0x0287, 0x01F1, 0x012E, 0x0068,
    0xFFCC, 0xFF53, 0xFEDB, 0xFE67, 0xFDF9, 0xFD93, 0xFD38, 0xFCEA, 0xFCAE, 0xFC87, 0xFC70, 0xFC65, 0xFC62, 0x0000, 0x0000, 0xFE8F,
    0xFB16, 0xF6E2, 0xF33C, 0xF16F, 0xF439, 0xF9B3, 0xFC33, 0xF8E5, 0xF2D0, 0xED10, 0xEAC0, 0xED3F, 0xF28D, 0xF8BC, 0xFDDD, 0x0000,
    0x06ED, 0x06ED, 0x0761, 0x088C, 0x0A25, 0x0BE2, 0x0D79, 0x0F9D, 0x120D, 0x1316, 0x1238, 0x1065, 0x0E12, 0x0BB4, 0x090F, 0x05FA,
    0x030C, 0x00DC, 0x0000, 0x0CFE, 0x0CFE, 0x0D78, 0x0EC3, 0x10AD, 0x1305, 0x1599, 0x1A4C, 0x2054, 0x2374, 0x225A, 0x1F41, 0x1B4E,
    0x17A3, 0x140C, 0x100B, 0x0C53, 0x0995, 0x0884, 0x245C, 0x23F0, 0x22C4, 0x20FF, 0x1EC8, 0x1C44, 0x1999, 0x16EE, 0x146A, 0x1232,
    0x0FF9, 0x0D74, 0x0AC9, 0x081D, 0x0597, 0x035E, 0x0199, 0x006C, 0x0000, 0xFA09, 0xFA1B, 0xFA4C, 0xFA96, 0xFAF3, 0xFB5D, 0xFBCD,
    0xFC3E, 0xFCA7, 0xFD05, 0xFD62, 0xFDCC, 0xFE3C, 0xFEAC, 0xFF16, 0xFF73, 0xFFBD, 0xFFEF, 0x0000, 0x31EA, 0x326D, 0x33CE, 0x35D6,
    0x384A, 0x3AF3, 0x3D96, 0x3FFA, 0x41E7, 0x4324, 0x43B3, 0x43D0, 0x4394, 0x431A, 0x427C, 0x41D3, 0x413B, 0x40CC, 0x40A1,
};

static const u16 anim_11_indices[] = {
    0x0001, 0x0000, 0x0010, 0x0001, 0x0001, 0x0011, 0x0001, 0x0000, 0x0001, 0x0012, 0x0001, 0x0000, 0x0001, 0x0000, 0x0001, 0x0000,
    0x0010, 0x023B, 0x0010, 0x020B, 0x0010, 0x021B, 0x0010, 0x022B, 0x0010, 0x01DB, 0x0010, 0x01EB, 0x0010, 0x01FB, 0x0001, 0x01D7,
    0x0001, 0x01D8, 0x0001, 0x01D9, 0x0010, 0x0053, 0x0010, 0x0063, 0x0010, 0x0073, 0x0001, 0x0000, 0x0001, 0x0000, 0x0010, 0x0043,
    0x0010, 0x0013, 0x0010, 0x0023, 0x0010, 0x0033, 0x0001, 0x01D3, 0x0001, 0x01D4, 0x0001, 0x01D5, 0x0010, 0x00C3, 0x0010, 0x00D3,
    0x0010, 0x00E3, 0x0001, 0x0000, 0x0001, 0x0000, 0x0010, 0x00B3, 0x0010, 0x0083, 0x0010, 0x0093, 0x0010, 0x00A3, 0x0001, 0x0000,
    0x0001, 0x0000, 0x0001, 0x01D6, 0x0010, 0x01A3, 0x0010, 0x01B3, 0x0010, 0x01C3, 0x0001, 0x0000, 0x0001, 0x0000, 0x0010, 0x0193,
    0x0010, 0x0163, 0x0010, 0x0173, 0x0010, 0x0183, 0x0001, 0x0000, 0x0001, 0x0000, 0x0001, 0x01DA, 0x0010, 0x0133, 0x0010, 0x0143,
    0x0010, 0x0153, 0x0001, 0x0000, 0x0001, 0x0000, 0x0010, 0x0123, 0x0010, 0x00F3, 0x0010, 0x0103, 0x0010, 0x0113,
};

static const s16 anim_11_values[] = {
    0x0000, 0x008E, 0x007F, 0x006D, 0x0067, 0x0065, 0x0065, 0x0068, 0x006D, 0x0070, 0x006F, 0x006C, 0x006A, 0x0069, 0x0069, 0x0069,
    0x0069, 0xFFDD, 0x3FFF, 0xDE67, 0xDA46, 0xD5D3, 0xD172, 0xCD85, 0xCA6D, 0xC7DE, 0xC553, 0xC2DA, 0xC084, 0xBE5D, 0xBC75, 0xBADB,
    0xB99E, 0xB8CB, 0xB872, 0xE0ED, 0xE0D3, 0xE10A, 0xE16B, 0xE1D0, 0xE214, 0xE249, 0xE296, 0xE2F6, 0xE360, 0xE3CE, 0xE439, 0xE49A,
    0xE4E9, 0xE521, 0xE539, 0x08B5, 0x06A8, 0x0448, 0x01DB, 0xFFA7, 0xFDF1, 0xFC88, 0xFB14, 0xF9A1, 0xF839, 0xF6E8, 0xF5B9, 0xF4B6,
    0xF3EC, 0xF364, 0xF32A, 0xF3C2, 0xEC42, 0xE3BC, 0xDB6E, 0xD495, 0xD06E, 0xCE84, 0xCD76, 0xCD1D, 0xCD52, 0xCDEE, 0xCEC9, 0xCFBD,
    0xD0A2, 0xD151, 0xD1A3, 0xD6EA, 0xC838, 0xBDC5, 0xBD22, 0xC1D5, 0xC00F, 0xB57E, 0xA842, 0x9939, 0x8943, 0x7939, 0x6A02, 0x5C77,
    0x5178, 0x49E3, 0x4696, 0xE6A2, 0xDBA9, 0xD0F5, 0xD2BD, 0xD834, 0xDB02, 0xD9FA, 0xD84B, 0xD622, 0xD3AC, 0xD115, 0xCE8A, 0xCC39,
    0xCA4F, 0xC8F7, 0xC860, 0xE093, 0xE277, 0xE0A2, 0xD98B, 0xD0AF, 0xCE70, 0xD379, 0xDA75, 0xE2D4, 0xEC03, 0xF56E, 0xFE85, 0x06B3,
    0x0D68, 0x1211, 0x141B, 0x156D, 0x1B9C, 0x23CD, 0x28DC, 0x2D59, 0x3072, 0x329B, 0x34C9, 0x36EE, 0x38FB, 0x3AE2, 0x3C95, 0x3E05,
    0x3F23, 0x3FE2, 0x4033, 0x1B99, 0x1136, 0x0643, 0x0606, 0x08FD, 0x0BCB, 0x0D86, 0x0F74, 0x117F, 0x1390, 0x1591, 0x176C, 0x190A,
    0x1A55, 0x1B36, 0x1B97, 0xFAFE, 0xFD22, 0xFF9D, 0xFFAA, 0xFF06, 0xFE6A, 0xFE0A, 0xFD9F, 0xFD2E, 0xFCBB, 0xFC4C, 0xFBE5, 0xFB8C,
    0xFB44, 0xFB13, 0xFAFE, 0xF446, 0xF2AF, 0xED8A, 0xE6CF, 0xE079, 0xDC81, 0xDA8A, 0xD8DF, 0xD77C, 0xD65B, 0xD575, 0xD4C5, 0xD446,
    0xD3F1, 0xD3C0, 0xD3AF, 0xBE1B, 0xC86C, 0xCAEC, 0xBA4E, 0x9F62, 0x9209, 0x953A, 0x9B79, 0xA3FE, 0xAE00, 0xB8B7, 0xC35C, 0xCD26,
    0xD54E, 0xDB0A, 0xDD93, 0x67F4, 0x5A9B, 0x5151, 0x4FC2, 0x5239, 0x52AE, 0x4FA0, 0x4BC5, 0x4760, 0x42B3, 0x3DFE, 0x3985, 0x3589,
    0x324C, 0x3010, 0x2F17, 0x6791, 0x657C, 0x5CC9, 0x4187, 0x1C37, 0x07C9, 0x068C, 0x086A, 0x0CB1, 0x12B3, 0x19BF, 0x2125, 0x2836,
    0x2E43, 0x329A, 0x348D, 0xFCE2, 0xFD15, 0xFD57, 0xFD6E, 0xFD7E, 0xFDA3, 0xFDF1, 0xFE54, 0xFEA9, 0xFEDF, 0xFF07, 0xFF32, 0xFF70,
    0xFFB7, 0xFFF4, 0x0011, 0xFD82, 0xFD51, 0xFD23, 0xFD38, 0xFD65, 0xFD8D, 0xFDA5, 0xFDBA, 0xFDD9, 0xFE0F, 0xFE4F, 0xFE89, 0xFEBD,
    0xFEF1, 0xFF1C, 0xFF30, 0xC2FB, 0xC044, 0xBD72, 0xBE27, 0xBFE0, 0xC0BB, 0xBF6A, 0xBD3C, 0xBC3B, 0xBD9E, 0xC02D, 0xC24F, 0xC3AC,
    0xC4E1, 0xC5C3, 0xC62B, 0x14E1, 0x3084, 0x5018, 0x5408, 0x503A, 0x4C9D, 0x4BB2, 0x4AB7, 0x49B5, 0x48B7, 0x47C4, 0x46E7, 0x4628,
    0x4591, 0x452B, 0x44FF, 0xFD6E, 0xFF91, 0x01D3, 0x01CD, 0x011F, 0x00B9, 0x00D1, 0x00F9, 0x012E, 0x016A, 0x01AA, 0x01E9, 0x0223,
    0x0253, 0x0274, 0x0283, 0x0046, 0x003E, 0x00A3, 0x0200, 0x03CD, 0x0596, 0x0756, 0x0946, 0x0B50, 0x0D5D, 0x0F59, 0x112E, 0x12C5,
    0x140B, 0x14E8, 0x1547, 0x9564, 0x8EE5, 0x8697, 0x83F3, 0x82A9, 0x817E, 0x7FDE, 0x7E1A, 0x7C43, 0x7A6A, 0x78A4, 0x7703, 0x7599,
    0x7478, 0x73B5, 0x7361, 0xFB8A, 0xFD48, 0xFF35, 0xFF65, 0xFF14, 0xFEB1, 0xFE5F, 0xFDFB, 0xFD8D, 0xFD10, 0xFC89, 0xFC0A, 0xFB86,
    0xFAFA, 0xFA86, 0xFA4E, 0xFF14, 0xFF08, 0xFF14, 0xFF26, 0xFF3F, 0xFF4A, 0xFF37, 0xFF17, 0xFF0B, 0xFF29, 0xFF5C, 0xFF89, 0xFFAE,
    0xFFD4, 0xFFF2, 0x0000, 0xAF2E, 0xAEAB, 0xAF2E, 0xB077, 0xB21C, 0xB2E3, 0xB1AB, 0xAF94, 0xAEC4, 0xB08A, 0xB398, 0xB628, 0xB7E3,
    0xB974, 0xBAA0, 0xBB2A, 0x330E, 0x425A, 0x526D, 0x5591, 0x54E8, 0x53AB, 0x5318, 0x5256, 0x5172, 0x507B, 0x4F7F, 0x4E8E, 0x4DB5,
    0x4D05, 0x4C8A, 0x4C55, 0x02DE, 0x0182, 0xFFE7, 0xFFA9, 0xFFCD, 0x0008, 0x003E, 0x0080, 0x00CA, 0x0118, 0x0166, 0x01AF, 0x01F0,
    0x0225, 0x0249, 0x0258, 0xF953, 0xFC9C, 0xFFFA, 0xFFF4, 0xFED8, 0xFD5F, 0xFBC9, 0xF9EA, 0xF7DD, 0xF5BC, 0xF3A2, 0xF1AA, 0xEFEE,
    0xEE87, 0xED92, 0xED28, 0x8CC8, 0x8BD2, 0x8B33, 0x8A2C, 0x88FE, 0x879F, 0x85FB, 0x8415, 0x8207, 0x7FE6, 0x7DD2, 0x7BE1, 0x7A2D,
    0x78CE, 0x77DE, 0x7777, 0x8001, 0x8001, 0x4171, 0xBF5F, 0x8001, 0x8001, 0x4171, 0xBF5F, 0xF382, 0xF119, 0xF0F3, 0xF653, 0xFDAD,
    0x01FD, 0x02DA, 0x033F, 0x0341, 0x02F8, 0x027A, 0x01DD, 0x0139, 0x00A4, 0x0034, 0x0001, 0xFB3A, 0xFDC0, 0x002F, 0x0096, 0x005D,
    0x0024, 0x0021, 0x001C, 0x0017, 0x0013, 0x000E, 0x0009, 0x0006, 0x0003, 0x0000, 0x0000, 0xF6D4, 0xEFE8, 0xE958, 0xEA48, 0xED6D,
    0xEEB4, 0xED5D, 0xEB7B, 0xE938, 0xE6BA, 0xE42A, 0xE1B1, 0xDF76, 0xDDA1, 0xDC5C, 0xDBCD, 0x106C, 0x0F32, 0x0B2A, 0x05F5, 0x0134,
    0xFE89, 0xFDB2, 0xFD49, 0xFD3B, 0xFD72, 0xFDDA, 0xFE60, 0xFEEE, 0xFF70, 0xFFD2, 0xFFFF, 0xFA1A, 0xFA80, 0xFC23, 0xFE4D, 0x0046,
    0x015A, 0x01A2, 0x01B8, 0x01A6, 0x0176, 0x0132, 0x00E3, 0x0093, 0x004C, 0x0018, 0x0000, 0x2E21, 0x3215, 0x359F, 0x3889, 0x3A9F,
    0x3BA9, 0x3BD8, 0x3B8F, 0x3AEB, 0x3A04, 0x38F5, 0x37D9, 0x36CA, 0x35E2, 0x353B, 0x34F0, 0x3AC3, 0x38B5, 0x374B, 0x3974, 0x3CEB,
    0x40C6, 0x454B, 0x4A34, 0x4DC5, 0x4EEE, 0x4EC0, 0x4EA9, 0x4F3F, 0x4FF8, 0x509A, 0x50ED,
};

static const u16 anim_12_indices[] = {
    0x0001, 0x0000, 0x0012, 0x0001, 0x0001, 0x0013, 0x0001, 0x0000, 0x0001, 0x0014, 0x0001, 0x0000, 0x0001, 0x0000, 0x0001, 0x0000,
    0x0012, 0x0281, 0x0012, 0x024B, 0x0012, 0x025D, 0x0012, 0x026F, 0x0012, 0x0215, 0x0012, 0x0227, 0x0012, 0x0239, 0x0001, 0x0211,
    0x0001, 0x0212, 0x0001, 0x0213, 0x0012, 0x005D, 0x0012, 0x006F, 0x0012, 0x0081, 0x0001, 0x0000, 0x0001, 0x0000, 0x0012, 0x004B,
    0x0012, 0x0015, 0x0012, 0x0027, 0x0012, 0x0039, 0x0001, 0x020D, 0x0001, 0x020E, 0x0001, 0x020F, 0x0012, 0x00DB, 0x0012, 0x00ED,
    0x0012, 0x00FF, 0x0001, 0x0000, 0x0001, 0x0000, 0x0012, 0x00C9, 0x0012, 0x0093, 0x0012, 0x00A5, 0x0012, 0x00B7, 0x0001, 0x0000,
    0x0001, 0x0000, 0x0001, 0x0210, 0x0012, 0x01D7, 0x0012, 0x01E9, 0x0012, 0x01FB, 0x0001, 0x0000, 0x0001, 0x0000, 0x0012, 0x01C5,
    0x0012, 0x018F, 0x0012, 0x01A1, 0x0012, 0x01B3, 0x0001, 0x0000, 0x0001, 0x0000, 0x0001, 0x0214, 0x0012, 0x0159, 0x0012, 0x016B,
    0x0012, 0x017D, 0x0001, 0x0000, 0x0001, 0x0000, 0x0012, 0x0147, 0x0012, 0x0111, 0x0012, 0x0123, 0x0012, 0x0135,
};

static const s16 anim_12_values[] = {
    0x0000, 0x0063, 0x0060, 0x005E, 0x005F, 0x0061, 0x0063, 0x0065, 0x0066, 0x0067, 0x0068, 0x0069, 0x006A, 0x006A, 0x006A, 0x006A,
    0x0069, 0x0069, 0x0069, 0xFFDD, 0x3FFF, 0xEF50, 0xE8F5, 0xE1FA, 0xDAE7, 0xD444, 0xCE98, 0xCA6D, 0xC753, 0xC484, 0xC1FF, 0xBFC4,
    0xBDD4, 0xBC30, 0xBAD8, 0xB9CB, 0xB90B, 0xB897, 0xB870, 0xEECC, 0xEC66, 0xE9D0, 0xE744, 0xE4FB, 0xE32D, 0xE214, 0xE199, 0xE174,
    0xE196, 0xE1F0, 0xE271, 0xE309, 0xE3A9, 0xE440, 0xE4C0, 0xE519, 0xE53A, 0xEAE1, 0xEE9B, 0xF298, 0xF67B, 0xF9E9, 0xFC84, 0xFDF1,
    0xFE48, 0xFDF5, 0xFD1C, 0xFBDC, 0xFA59, 0xF8B4, 0xF710, 0xF58E, 0xF450, 0xF378, 0xF329, 0xE2EC, 0xDF82, 0xDBD1, 0xD827, 0xD4D3,
    0xD226, 0xD06E, 0xCF85, 0xCF03, 0xCED9, 0xCEF4, 0xCF43, 0xCFB6, 0xD03A, 0xD0BF, 0xD133, 0xD185, 0xD1A5, 0x1DA7, 0x1237, 0x02E5,
    0xF15C, 0xDF44, 0xCE47, 0xC00F, 0xB314, 0xA507, 0x9663, 0x87A5, 0x7947, 0x6BCB, 0x5FAC, 0x5565, 0x4D73, 0x4854, 0x4683, 0xDE2F,
    0xDD62, 0xDCFC, 0xDCC3, 0xDC81, 0xDBFE, 0xDB02, 0xD982, 0xD7A8, 0xD58E, 0xD350, 0xD108, 0xCED1, 0xCCC5, 0xCB00, 0xC99A, 0xC8B1,
    0xC85D, 0x7FBE, 0x8A31, 0x97C5, 0xA6EF, 0xB623, 0xC3D3, 0xCE70, 0xD724, 0xDFFB, 0xE8C1, 0xF143, 0xF94C, 0x00A6, 0x0721, 0x0C85,
    0x10A0, 0x133D, 0x1427, 0x2136, 0x23A6, 0x2660, 0x2934, 0x2BF2, 0x2E6C, 0x3072, 0x3240, 0x3426, 0x3615, 0x3800, 0x39D7, 0x3B8E,
    0x3D14, 0x3E5D, 0x3F5A, 0x3FFC, 0x4035, 0x1038, 0x0F0F, 0x0DE2, 0x0CD3, 0x0C08, 0x0BA4, 0x0BCB, 0x0C8D, 0x0DCD, 0x0F6D, 0x114E,
    0x1352, 0x155A, 0x1749, 0x18FE, 0x1A5C, 0x1B45, 0x1B99, 0xFABA, 0xFB7A, 0xFC46, 0xFD0B, 0xFDB5, 0xFE30, 0xFE6A, 0xFE66, 0xFE37,
    0xFDE9, 0xFD82, 0xFD0C, 0xFC90, 0xFC17, 0xFBA9, 0xFB50, 0xFB14, 0xFAFE, 0xDB54, 0xDBBE, 0xDC24, 0xDC7A, 0xDCAF, 0xDCB7, 0xDC81,
    0xDC04, 0xDB46, 0xDA58, 0xD94B, 0xD82E, 0xD710, 0xD603, 0xD516, 0xD459, 0xD3DB, 0xD3AE, 0xCCEE, 0xBE2E, 0xB057, 0xA434, 0x9A94,
    0x9441, 0x9209, 0x93E2, 0x98C3, 0xA000, 0xA8EC, 0xB2D9, 0xBD1A, 0xC702, 0xCFE4, 0xD712, 0xDBE1, 0xDDA1, 0x25BB, 0x2E8A, 0x3828,
    0x4194, 0x49CE, 0x4FD7, 0x52AE, 0x5299, 0x50CA, 0x4D9E, 0x4972, 0x44A5, 0x3F94, 0x3A9C, 0x361C, 0x3271, 0x2FF9, 0x2F11, 0x621D,
    0x4D55, 0x39A5, 0x27F3, 0x1924, 0x0E1F, 0x07C9, 0x05C6, 0x06BE, 0x0A1A, 0x0F44, 0x15A5, 0x1CA8, 0x23B5, 0x2A37, 0x2F97, 0x333F,
    0x3498, 0xFE33, 0xFFEA, 0x0117, 0x00D6, 0xFFDC, 0xFE8D, 0xFDA3, 0xFDAA, 0xFDDE, 0xFE30, 0xFE8F, 0xFEEA, 0xFF32, 0xFF6E, 0xFFAA,
    0xFFDF, 0x0004, 0x0012, 0xFD4D, 0xFD3A, 0xFD30, 0xFD32, 0xFD45, 0xFD65, 0xFD8D, 0xFDB7, 0xFDE2, 0xFE0D, 0xFE38, 0xFE61, 0xFE89,
    0xFEB2, 0xFEDF, 0xFF08, 0xFF25, 0xFF31, 0xC04D, 0xBF0B, 0xBDA5, 0xBAFA, 0xB98E, 0xBD10, 0xC0BB, 0xC18A, 0xC1E4, 0xC1F8, 0xC1F2,
    0xC200, 0xC24F, 0xC307, 0xC407, 0xC50E, 0xC5DB, 0xC62D, 0x27FE, 0x406D, 0x519B, 0x54E0, 0x52FD, 0x4F2A, 0x4C9D, 0x4BBE, 0x4AD3,
    0x49E3, 0x48F6, 0x4812, 0x473E, 0x4681, 0x45E2, 0x4568, 0x451A, 0x44FE, 0xFE58, 0xFEAB, 0xFF0C, 0xFF77, 0xFFF2, 0x0063, 0x00B9,
    0x00EE, 0x0113, 0x012F, 0x0147, 0x0161, 0x0184, 0x01BA, 0x01FC, 0x023E, 0x026F, 0x0283, 0x01A0, 0x0209, 0x0295, 0x0323, 0x03B6,
    0x0478, 0x0596, 0x071B, 0x08E1, 0x0ACA, 0x0CB5, 0x0E85, 0x101A, 0x118E, 0x12F4, 0x1425, 0x14F9, 0x1549, 0x8865, 0x83BB, 0x80A2,
    0x8013, 0x80C4, 0x819B, 0x817E, 0x803C, 0x7E7F, 0x7C82, 0x7A78, 0x7894, 0x770D, 0x75D9, 0x74D5, 0x740D, 0x738D, 0x735F, 0xFC3E,
    0xFCE1, 0xFD7D, 0xFDFD, 0xFE61, 0xFEAF, 0xFEB1, 0xFE59, 0xFDEC, 0xFD72, 0xFCF4, 0xFC79, 0xFC0A, 0xFB9B, 0xFB24, 0xFAB8, 0xFA6A,
    0xFA4C, 0x0176, 0x00F9, 0x007A, 0xFFFE, 0xFF94, 0xFF5C, 0xFF4A, 0xFF4B, 0xFF52, 0xFF5C, 0xFF69, 0xFF79, 0xFF89, 0xFFA0, 0xFFBF,
    0xFFDE, 0xFFF7, 0x0000, 0xC540, 0xC141, 0xBCCD, 0xB6EA, 0xB1FA, 0xB1AF, 0xB2E3, 0xB363, 0xB3DD, 0xB459, 0xB4DF, 0xB577, 0xB628,
    0xB72A, 0xB878, 0xB9C6, 0xBAC7, 0xBB2D, 0x2583, 0x40B0, 0x5430, 0x58FD, 0x5871, 0x55A3, 0x53AB, 0x5310, 0x5253, 0x517F, 0x509D,
    0x4FB7, 0x4ED9, 0x4E0C, 0x4D5B, 0x4CCF, 0x4C74, 0x4C54, 0x03D7, 0x034F, 0x02AE, 0x01F7, 0x011C, 0x0061, 0x0008, 0x0019, 0x0063,
    0x00CE, 0x0145, 0x01B2, 0x01FF, 0x022B, 0x0246, 0x0253, 0x0258, 0x0259, 0xFAC0, 0xFC12, 0xFD05, 0xFD8C, 0xFDF3, 0xFDFB, 0xFD5F,
    0xFC1A, 0xFA6C, 0xF880, 0xF67F, 0xF496, 0xF2ED, 0xF162, 0xEFD4, 0xEE79, 0xED83, 0xED25, 0x82B8, 0x8029, 0x7F43, 0x80C3, 0x83BB,
    0x868F, 0x879F, 0x86B0, 0x84DA, 0x8278, 0x7FE4, 0x7D80, 0x7BA5, 0x7A44, 0x791C, 0x7839, 0x77A8, 0x7774, 0x8001, 0x8001, 0x4171,
    0xBF5F, 0x8001, 0x8001, 0x4171, 0xBF5F, 0x0070, 0x00C4, 0x011C, 0x0171, 0x01B8, 0x01EA, 0x01FD, 0x01F3, 0x01D3, 0x01A2, 0x0166,
    0x0123, 0x00DD, 0x009A, 0x005D, 0x002C, 0x000B, 0x0000, 0xFD55, 0xFDDA, 0xFE6A, 0xFEF8, 0xFF7A, 0xFFE2, 0x0024, 0x0049, 0x005D,
    0x0065, 0x0062, 0x0057, 0x0047, 0x0034, 0x0021, 0x0010, 0x0004, 0x0000, 0xF1E2, 0xF1B8, 0xF172, 0xF109, 0xF076, 0xEFB1, 0xEEB4,
    0xED58, 0xEB91, 0xE97D, 0xE738, 0xE4E1, 0xE295, 0xE072, 0xDE95, 0xDD1B, 0xDC23, 0xDBCA, 0xFFF3, 0xFF77, 0xFF19, 0xFEDC, 0xFEB1,
    0xFE96, 0xFE89, 0xFE8F, 0xFEA5, 0xFEC6, 0xFEE9, 0xFF12, 0xFF44, 0xFF79, 0xFFAC, 0xFFD7, 0xFFF5, 0x0000, 0x0121, 0x0125, 0x012B,
    0x0139, 0x014F, 0x015E, 0x015A, 0x0137, 0x00FF, 0x00C3, 0x0096, 0x0077, 0x0058, 0x003C, 0x0024, 0x0010, 0x0004, 0x0000, 0x263A,
    0x27B5, 0x2A39, 0x2EB0, 0x3430, 0x3911, 0x3BA9, 0x3AAF, 0x374D, 0x338A, 0x316D, 0x312C, 0x317F, 0x3235, 0x331A, 0x33FD, 0x34AA,
    0x34EF, 0x3EEC, 0x3EC5, 0x3EDD, 0x4054, 0x41E9, 0x4110, 0x40C6, 0x42B5, 0x4524, 0x47D0, 0x4A77, 0x4CD5, 0x4EA9, 0x4FD6, 0x5085,
    0x50D7, 0x50EF, 0x50EF,
};

static const u16 anim_13_indices[] = {
    0x0001, 0x0000, 0x0017, 0x0001, 0x0001, 0x0018, 0x0001, 0x0000, 0x0001, 0x0019, 0x0001, 0x0000, 0x0001, 0x0000, 0x0001, 0x0000,
    0x0017, 0x0330, 0x0017, 0x02EB, 0x0017, 0x0302, 0x0017, 0x0319, 0x0017, 0x02A6, 0x0017, 0x02BD, 0x0017, 0x02D4, 0x0001, 0x02A2,
    0x0001, 0x02A3, 0x0001, 0x02A4, 0x0017, 0x0076, 0x0017, 0x008D, 0x0017, 0x00A4, 0x0001, 0x0000, 0x0001, 0x0000, 0x0017, 0x005F,
    0x0017, 0x001A, 0x0017, 0x0031, 0x0017, 0x0048, 0x0001, 0x029E, 0x0001, 0x029F, 0x0001, 0x02A0, 0x0017, 0x0117, 0x0017, 0x012E,
    0x0017, 0x0145, 0x0001, 0x0000, 0x0001, 0x0000, 0x0017, 0x0100, 0x0017, 0x00BB, 0x0017, 0x00D2, 0x0017, 0x00E9, 0x0001, 0x0000,
    0x0001, 0x0000, 0x0001, 0x02A1, 0x0017, 0x0259, 0x0017, 0x0270, 0x0017, 0x0287, 0x0001, 0x0000, 0x0001, 0x0000, 0x0017, 0x0242,
    0x0017, 0x01FD, 0x0017, 0x0214, 0x0017, 0x022B, 0x0001, 0x0000, 0x0001, 0x0000, 0x0001, 0x02A5, 0x0017, 0x01B8, 0x0017, 0x01CF,
    0x0017, 0x01E6, 0x0001, 0x0000, 0x0001, 0x0000, 0x0017, 0x01A1, 0x0017, 0x015C, 0x0017, 0x0173, 0x0017, 0x018A,
};

static const s16 anim_13_values[] = {
    0x0000, 0x00AF, 0x00AD, 0x00AC, 0x00AA, 0x00A9, 0x00A8, 0x00A6, 0x00A5, 0x00A4, 0x00A2, 0x00A1, 0x00A0, 0x009E, 0x009D, 0x009B,
    0x009A, 0x0099, 0x0097, 0x0096, 0x0095, 0x0093, 0x0092, 0x0091, 0xFFDD, 0x3FFF, 0xE6D0, 0xE271, 0xDDA3, 0xD928, 0xD5C2, 0xD433,
    0xD48C, 0xD61E, 0xD88E, 0xDB83, 0xDEA3, 0xE193, 0xE3F8, 0xE579, 0xE656, 0xE706, 0xE780, 0xE7BD, 0xE7B4, 0xE75C, 0xE6AE, 0xE5A1,
    0xE42D, 0xE8BE, 0xE8E7, 0xE937, 0xE9B9, 0xEA7B, 0xEB89, 0xED30, 0xEF83, 0xF237, 0xF4FE, 0xF78D, 0xF999, 0xFAD6, 0xFAF8, 0xF9CD,
    0xF78D, 0xF483, 0xF0FE, 0xED49, 0xE9B4, 0xE68A, 0xE419, 0xE2AE, 0xF322, 0xF47C, 0xF60D, 0xF7A7, 0xF91A, 0xFA35, 0xFAFA, 0xFB92,
    0xFC0D, 0xFC7C, 0xFCED, 0xFD72, 0xFE1A, 0xFEF5, 0x002B, 0x01C5, 0x039A, 0x0581, 0x0755, 0x08ED, 0x0A21, 0x0ACA, 0x0AC0, 0xC8A1,
    0xC1EE, 0xC87E, 0xD532, 0xE1CB, 0xE80D, 0xE7FD, 0xE619, 0xE2D7, 0xDEAA, 0xDA08, 0xD567, 0xD13B, 0xCDFA, 0xCAE9, 0xC8EF, 0xCAF3,
    0xD1E8, 0xDBA3, 0xE65E, 0xF051, 0xF7B3, 0xFABE, 0x2AF0, 0x29EB, 0x2A14, 0x2C59, 0x31A3, 0x3ADE, 0x58F2, 0x85D4, 0x9FF4, 0xA1C2,
    0x9D2C, 0x93E6, 0x87A6, 0x7A1E, 0x6D0A, 0x5FA4, 0x5073, 0x401E, 0x2F49, 0x1E9A, 0x0EB7, 0x0045, 0xF3EB, 0xC57B, 0xBEF1, 0xB773,
    0xAFF6, 0xA970, 0xA4D6, 0xA421, 0xA6ED, 0xAAA9, 0xAED7, 0xB447, 0xBA62, 0xC094, 0xC644, 0xCADE, 0xCE7D, 0xD1B4, 0xD494, 0xD733,
    0xD9A4, 0xDBFA, 0xDE4A, 0xE0A7, 0x7D48, 0x812D, 0x84A4, 0x868C, 0x85C1, 0x8120, 0x6BD5, 0x49EE, 0x3388, 0x2C07, 0x2700, 0x24D9,
    0x25F9, 0x2AC6, 0x33A9, 0x40E2, 0x51CB, 0x656A, 0x7AC9, 0x90F2, 0xA6E7, 0xBBB5, 0xCE62, 0x1DA9, 0x133E, 0x0A26, 0x058C, 0x04E6,
    0x0563, 0x06C9, 0x08DB, 0x0B5D, 0x0E15, 0x10C4, 0x1331, 0x151F, 0x1652, 0x16D8, 0x16F8, 0x16C9, 0x1662, 0x15DD, 0x1551, 0x14D6,
    0x1483, 0x1471, 0x184A, 0x1588, 0x1343, 0x1266, 0x12CB, 0x13A0, 0x14CA, 0x1630, 0x17B7, 0x1946, 0x1AC2, 0x1C12, 0x1D1B, 0x1DC4,
    0x1E37, 0x1EAA, 0x1F10, 0x1F61, 0x1F90, 0x1F93, 0x1F60, 0x1EEB, 0x1E2A, 0xF972, 0xF834, 0xF742, 0xF712, 0xF796, 0xF865, 0xF96B,
    0xFA94, 0xFBCD, 0xFD02, 0xFE1F, 0xFF11, 0xFFC4, 0x0023, 0x002C, 0xFFF4, 0xFF85, 0xFEEE, 0xFE3D, 0xFD81, 0xFCC6, 0xFC1A, 0xFB8C,
    0xEE1D, 0xEA67, 0xE5B1, 0xE046, 0xD936, 0xD03D, 0xC6A5, 0xBDB4, 0xB6B4, 0xB2EB, 0xB579, 0xBDCD, 0xC7A8, 0xCECB, 0xD340, 0xD7D6,
    0xDC71, 0xE0F2, 0xE53E, 0xE937, 0xECC0, 0xEFBD, 0xF210, 0x1425, 0x14E4, 0x21F4, 0x35CE, 0x45DD, 0x478C, 0x3ACE, 0x27FD, 0x111D,
    0xF834, 0xDF44, 0xC854, 0xB567, 0xA883, 0xA116, 0x9CDB, 0x9B47, 0x9BCF, 0x9DE8, 0xA107, 0xA4A1, 0xA82C, 0xAB1D, 0x2548, 0x3465,
    0x4651, 0x52D4, 0x4EF8, 0x489C, 0x4B35, 0x4EAD, 0x52C4, 0x5738, 0x5BC7, 0x6032, 0x6436, 0x6792, 0x6AB7, 0x6E1B, 0x7188, 0x74C6,
    0x779E, 0x79DA, 0x7B42, 0x7BA0, 0x7ABC, 0xC70C, 0xCD1B, 0xD844, 0xE06F, 0xE17E, 0xDCD5, 0xD087, 0xC247, 0xB2E8, 0xA33A, 0x9410,
    0x863C, 0x7A8C, 0x71D7, 0x6C1F, 0x688E, 0x66B4, 0x661F, 0x665E, 0x66FF, 0x6790, 0x67A0, 0x66BE, 0xFD0C, 0xFCA1, 0xFC42, 0xFC0F,
    0xFC0B, 0xFC20, 0xFC45, 0xFC71, 0xFC9C, 0xFCBE, 0xFCD9, 0xFCF3, 0xFD07, 0xFD11, 0xFD11, 0xFD0E, 0xFD09, 0xFD03, 0xFCFB, 0xFCF3,
    0xFCEC, 0xFCE5, 0xFCE1, 0xFDB4, 0xFE6D, 0xFF0F, 0xFF62, 0xFF60, 0xFF32, 0xFEE7, 0xFE8E, 0xFE39, 0xFDF5, 0xFDBE, 0xFD89, 0xFD60,
    0xFD4C, 0xFD47, 0xFD47, 0xFD4C, 0xFD53, 0xFD5D, 0xFD67, 0xFD71, 0xFD7A, 0xFD80, 0xC3B9, 0xCC71, 0xD41B, 0xD819, 0xD81D, 0xD611,
    0xD2AF, 0xCEB0, 0xCACD, 0xC7BF, 0xC544, 0xC2E6, 0xC10C, 0xC021, 0xBFF4, 0xC005, 0xC049, 0xC0B0, 0xC12D, 0xC1B3, 0xC235, 0xC2A3,
    0xC2F3, 0x4B9E, 0x4361, 0x3C3D, 0x38BB, 0x39B9, 0x3D77, 0x428D, 0x4798, 0x4B2F, 0x4BEF, 0x4732, 0x3DE5, 0x33F5, 0x2D53, 0x298B,
    0x25A3, 0x21C1, 0x1E0A, 0x1AA2, 0x17AF, 0x1557, 0x13BD, 0x1308, 0xFE69, 0xFE92, 0xFEB1, 0xFEB5, 0xFE9A, 0xFE6D, 0xFE35, 0xFDF9,
    0xFDC3, 0xFD99, 0xFD7D, 0xFD6B, 0xFD66, 0xFD6C, 0xFD96, 0xFDD5, 0xFDF6, 0xFDE7, 0xFDC1, 0xFD8F, 0xFD5D, 0xFD36, 0xFD24, 0x01C7,
    0x0211, 0x0243, 0x023D, 0x01F4, 0x017D, 0x00EF, 0x005E, 0xFFDF, 0xFF86, 0xFF6F, 0xFF8F, 0xFFBB, 0xFFCA, 0xFF98, 0xFF4B, 0xFF29,
    0xFF3C, 0xFF5C, 0xFF84, 0xFFB2, 0xFFE0, 0x000A, 0x9DA8, 0xAB7A, 0xB6FD, 0xBBA9, 0xB878, 0xB0B3, 0xA646, 0x9B1F, 0x912D, 0x8A5E,
    0x885D, 0x89E6, 0x8C7E, 0x8DAA, 0x8BD4, 0x88EF, 0x87CF, 0x88F6, 0x8AD3, 0x8D20, 0x8F95, 0x91EA, 0x93D8, 0xFBC3, 0xFC09, 0xFC45,
    0xFC62, 0xFC62, 0xFC56, 0xFC42, 0xFC29, 0xFC0D, 0xFBF2, 0xFBDC, 0xFBCD, 0xFBBF, 0xFBAC, 0xFB95, 0xFB7C, 0xFB63, 0xFB4C, 0xFB3A,
    0xFB2D, 0xFB28, 0xFB2D, 0xFB3E, 0x00DA, 0x01AE, 0x0267, 0x02C5, 0x02CE, 0x02B7, 0x0288, 0x0249, 0x0201, 0x01B7, 0x0174, 0x013D,
    0x0110, 0x00E3, 0x00B5, 0x0087, 0x005A, 0x002D, 0x0001, 0xFFD7, 0xFFAD, 0xFF84, 0xFF5D, 0xBFB5, 0xC7A3, 0xCE8D, 0xD20B, 0xD254,
    0xD16E, 0xCFA2, 0xCD38, 0xCA7B, 0xC7B1, 0xC526, 0xC321, 0xC178, 0xBFCE, 0xBE26, 0xBC81, 0xBAE1, 0xB946, 0xB7B3, 0xB629, 0xB4A9,
    0xB334, 0xB1CE, 0x4EF3, 0x5039, 0x529A, 0x526D, 0x4C1D, 0x436E, 0x3BA0, 0x37F0, 0x3B77, 0x43BD, 0x4BA4, 0x4E0C, 0x48DA, 0x3F4E,
    0x344C, 0x2ABD, 0x2585, 0x2411, 0x23C5, 0x2480, 0x2621, 0x2887, 0x2B92, 0x01CA, 0x03A1, 0x0506, 0x054C, 0x044D, 0x028D, 0x005B,
    0xFE07, 0xFBDF, 0xFA31, 0xF94F, 0xF976, 0xFA78, 0xFBFE, 0xFDB1, 0xFF3C, 0x0047, 0x00EA, 0x0176, 0x01EB, 0x024A, 0x0291, 0x02C2,
    0xF962, 0xF9F7, 0xFA8E, 0xFB05, 0xFB66, 0xFBCF, 0xFC35, 0xFC90, 0xFCD7, 0xFD01, 0xFD04, 0xFCC8, 0xFC4C, 0xFBAC, 0xFB04, 0xFA6F,
    0xFA0B, 0xF9C0, 0xF96E, 0xF920, 0xF8E1, 0xF8BC, 0xF8BB, 0x91B1, 0x8616, 0x7D63, 0x7BFA, 0x82DA, 0x8EB3, 0x9D77, 0xAD16, 0xBB7D,
    0xC69D, 0xCC63, 0xCB0F, 0xC3D5, 0xB913, 0xAD28, 0xA274, 0x9B54, 0x9763, 0x947F, 0x926F, 0x90FA, 0x8FE8, 0x8F00, 0x8001, 0x8001,
    0x4171, 0xBF5F, 0x8001, 0x8001, 0x4171, 0xBF5F, 0x047C, 0x0207, 0xFFFC, 0xFF28, 0xFF7F, 0x0053, 0x0183, 0x02EA, 0x0466, 0x05D2,
    0x070B, 0x07ED, 0x0857, 0x0823, 0x073E, 0x05C2, 0x03D1, 0x018C, 0xFF15, 0xFC8D, 0xFA16, 0xF7D1, 0xF5E0, 0xFFDB, 0x05F7, 0x0AF7,
    0x0CCE, 0x0BCB, 0x09C4, 0x06F6, 0x03A0, 0x0002, 0xFC5A, 0xF8E5, 0xF5E2, 0xF390, 0xF22D, 0xF19D, 0xF18D, 0xF1E9, 0xF2A0, 0xF39E,
    0xF4CF, 0xF622, 0xF782, 0xF8DE, 0x020A, 0x006F, 0xFF21, 0xFEAA, 0xFF03, 0xFFB9, 0x00AF, 0x01CD, 0x02F9, 0x0417, 0x050E, 0x05C4,
    0x061E, 0x0602, 0x056E, 0x047C, 0x033D, 0x01C4, 0x0022, 0xFE6A, 0xFCAA, 0xFAF7, 0xF961, 0xFC7F, 0x0415, 0x0A6E, 0x0D11, 0x0C4A,
    0x0A3E, 0x0741, 0x03A4, 0xFFBB, 0xFBD6, 0xF849, 0xF565, 0xF37D, 0xF2E3, 0xF3A2, 0xF566, 0xF7FB, 0xFB29, 0xFEBB, 0x0279, 0x062F,
    0x09A5, 0x0CA6, 0x0606, 0xFEB1, 0xF86F, 0xF593, 0xF5C8, 0xF703, 0xF907, 0xFB97, 0xFE74, 0x015F, 0x041D, 0x066F, 0x0817, 0x08D6,
    0x08BA, 0x0808, 0x06DE, 0x0559, 0x0395, 0x01AE, 0xFFC3, 0xFDEF, 0xFC4E, 0x0902, 0xFED0, 0xF5C2, 0xF0DC, 0xEF5F, 0xEE82, 0xEE3C,
    0xEE83, 0xEF4C, 0xF08F, 0xF241, 0xF458, 0xF6CC, 0xF991, 0xFCEF, 0x0117, 0x05DE, 0x0B19, 0x109C, 0x163C, 0x1BCD, 0x2125, 0x2618,
    0x4BC8, 0x455F, 0x3F5B, 0x3B73, 0x3960, 0x37B2, 0x365C, 0x3553, 0x348A, 0x33F5, 0x3389, 0x3339, 0x32F8, 0x3315, 0x33C1, 0x34C8,
    0x35F4, 0x3712, 0x37EB, 0x386C, 0x38BA, 0x38FA, 0x394D,
};

static const u16 anim_14_indices[] = {
    0x0001, 0x0000, 0x000F, 0x0001, 0x0001, 0x0010, 0x0001, 0x0000, 0x0001, 0x0011, 0x0001, 0x0000, 0x0001, 0x0000, 0x0001, 0x0000,
    0x000F, 0x0218, 0x000F, 0x01EB, 0x000F, 0x01FA, 0x000F, 0x0209, 0x000F, 0x01BE, 0x000F, 0x01CD, 0x000F, 0x01DC, 0x0001, 0x01BA,
    0x0001, 0x01BB, 0x0001, 0x01BC, 0x000F, 0x004E, 0x000F, 0x005D, 0x000F, 0x006C, 0x0001, 0x0000, 0x0001, 0x0000, 0x000F, 0x003F,
    0x000F, 0x0012, 0x000F, 0x0021, 0x000F, 0x0030, 0x0001, 0x01B6, 0x0001, 0x01B7, 0x0001, 0x01B8, 0x000F, 0x00B7, 0x000F, 0x00C6,
    0x000F, 0x00D5, 0x0001, 0x0000, 0x0001, 0x0000, 0x000F, 0x00A8, 0x000F, 0x007B, 0x000F, 0x008A, 0x000F, 0x0099, 0x0001, 0x0000,
    0x0001, 0x0000, 0x0001, 0x01B9, 0x000F, 0x0189, 0x000F, 0x0198, 0x000F, 0x01A7, 0x0001, 0x0000, 0x0001, 0x0000, 0x000F, 0x017A,
    0x000F, 0x014D, 0x000F, 0x015C, 0x000F, 0x016B, 0x0001, 0x0000, 0x0001, 0x0000, 0x0001, 0x01BD, 0x000F, 0x0120, 0x000F, 0x012F,
    0x000F, 0x013E, 0x0001, 0x0000, 0x0001, 0x0000, 0x000F, 0x0111, 0x000F, 0x00E4, 0x000F, 0x00F3, 0x000F, 0x0102,
};

static const s16 anim_14_values[] = {
    0x0000, 0x00B1, 0x00AC, 0x00A7, 0x00A1, 0x009C, 0x0097, 0x0091, 0x008C, 0x0087, 0x0081, 0x007C, 0x0077, 0x0071, 0x006C, 0x0067,
    0xFFDD, 0x3FFF, 0x0845, 0x04CE, 0xFE04, 0xF94E, 0xF81B, 0xF7F5, 0xF868, 0xF901, 0xF94E, 0xF94E, 0xF94E, 0xF94E, 0xF94E, 0xF799,
    0xF309, 0xF43D, 0xF3DF, 0xF325, 0xF2A5, 0xF284, 0xF280, 0xF28C, 0xF29C, 0xF2A5, 0xF2A5, 0xF2A5, 0xF2A5, 0xF2A5, 0xF1FF, 0xF046,
    0xE533, 0xE51E, 0xE4F6, 0xE4DA, 0xE4D3, 0xE4D2, 0xE4D4, 0xE4D8, 0xE4DA, 0xE4DA, 0xE4DA, 0xE4DA, 0xE4DA, 0xE5DC, 0xE88A, 0xF01D,
    0xF218, 0xF5FA, 0xF8AB, 0xF9A4, 0xFA4F, 0xFA7C, 0xFA00, 0xF8AB, 0xF51A, 0xEF9D, 0xEA94, 0xE85F, 0xE773, 0xE500, 0x120A, 0x0437,
    0xE91E, 0xD64F, 0xD184, 0xD0E4, 0xD2A9, 0xD50E, 0xD64F, 0xD67F, 0xD6C7, 0xD70A, 0xD727, 0xFE12, 0x238B, 0xF570, 0xF463, 0xF254,
    0xF0E6, 0xF0A3, 0xF0CC, 0xF116, 0xF137, 0xF0E6, 0xEFA2, 0xEDB1, 0xEBE8, 0xEB20, 0xE5DD, 0xDF98, 0x853D, 0x9D5F, 0xCCAB, 0xED7C,
    0xF6D7, 0xF9E8, 0xF84C, 0xF39F, 0xED7C, 0xE107, 0xCDD8, 0xBC3E, 0xB487, 0x9676, 0x7A00, 0x1D71, 0x1D71, 0x1D71, 0x1D71, 0x1D71,
    0x1D71, 0x1D71, 0x1D71, 0x1D71, 0x1D71, 0x1D71, 0x1D71, 0x1D71, 0x1E18, 0x1FD8, 0x1231, 0x1231, 0x1231, 0x1231, 0x1231, 0x1231,
    0x1231, 0x1231, 0x1231, 0x1231, 0x1231, 0x1231, 0x1231, 0x11DF, 0x110A, 0xF981, 0xF981, 0xF981, 0xF981, 0xF981, 0xF981, 0xF981,
    0xF981, 0xF981, 0xF981, 0xF981, 0xF981, 0xF981, 0xF9B5, 0xFA3F, 0xDC3D, 0xE04B, 0xE83E, 0xEDC1, 0xEF7F, 0xF05B, 0xF057, 0xEF78,
    0xEDC1, 0xE991, 0xE31E, 0xDD33, 0xDA9B, 0xDAB9, 0xDB04, 0xE6DD, 0xF6EC, 0x1664, 0x2C3B, 0x322D, 0x33AB, 0x322F, 0x2F36, 0x2C3B,
    0x2754, 0x1FC8, 0x18DC, 0x15D3, 0xFCED, 0xDBC9, 0x1DA3, 0x1B35, 0x1672, 0x1324, 0x1218, 0x1193, 0x1194, 0x121A, 0x1324, 0x15B0,
    0x199D, 0x1D36, 0x1ECA, 0x1D23, 0x1EBB, 0x8A5E, 0xA193, 0xCF10, 0xEEA1, 0xF76D, 0xF9FD, 0xF826, 0xF3C0, 0xEEA1, 0xE509, 0xD645,
    0xC8B9, 0xC2C9, 0xA2CA, 0x7718, 0xFC03, 0xFC3A, 0xFCA5, 0xFCEF, 0xFD06, 0xFD12, 0xFD12, 0xFD06, 0xFCEF, 0xFC81, 0xFC21, 0xFC19,
    0xFC1E, 0xFC58, 0xFCEF, 0x002D, 0xFF8C, 0xFE4E, 0xFD72, 0xFD34, 0xFD20, 0xFD2B, 0xFD4A, 0xFD72, 0xFE07, 0xFE89, 0xFE68, 0xFE1A,
    0xFDBE, 0xFD72, 0xE035, 0xD941, 0xCB9F, 0xC22A, 0xBF7A, 0xBE9C, 0xBF16, 0xC06E, 0xC22A, 0xC8D0, 0xCE92, 0xCD2A, 0xC9C7, 0xC5B1,
    0xC22A, 0x26CE, 0x3176, 0x465A, 0x54D8, 0x5869, 0x58A4, 0x5716, 0x554D, 0x54D8, 0x59EB, 0x59EA, 0x4B39, 0x3709, 0x24DD, 0x1C36,
    0x00DE, 0x00D6, 0x00BD, 0x0091, 0x0056, 0x0012, 0xFFCC, 0xFF82, 0xFF3A, 0xFEF6, 0xFEBA, 0xFE82, 0xFE51, 0xFE32, 0xFE2E, 0x021B,
    0x0226, 0x0236, 0x0234, 0x021D, 0x01FF, 0x01DC, 0x01B7, 0x0194, 0x0176, 0x015E, 0x0149, 0x013A, 0x013D, 0x015E, 0xC230, 0xC1B9,
    0xBFFC, 0xBC7A, 0xB771, 0xB1AE, 0xAB7E, 0xA52E, 0x9F0B, 0x9964, 0x9486, 0x9168, 0x8FE9, 0x8EAD, 0x8C5A, 0xFBD0, 0xFBD0, 0xFBD0,
    0xFBD0, 0xFBD0, 0xFBD1, 0xFBD2, 0xFBD1, 0xFBD0, 0xFBC5, 0xFBBB, 0xFBB0, 0xFBA0, 0xFBA2, 0xFBD0, 0x01CA, 0x01CA, 0x01CA, 0x01CA,
    0x01CA, 0x01C9, 0x01C9, 0x01C9, 0x01CA, 0x01D3, 0x01DB, 0x01E3, 0x01F0, 0x01EE, 0x01CA, 0xC7E3, 0xC7E3, 0xC7E3, 0xC7E3, 0xC7E0,
    0xC7DA, 0xC7D5, 0xC7D7, 0xC7E3, 0xC82C, 0xC86C, 0xC8B3, 0xC91F, 0xC910, 0xC7E3, 0x4F2B, 0x4B7D, 0x4448, 0x3F47, 0x3D69, 0x3C10,
    0x3BA6, 0x3C95, 0x3F47, 0x4ED7, 0x5949, 0x4B9A, 0x35E4, 0x2198, 0x182A, 0x0087, 0xFF2D, 0xFC85, 0xFAAD, 0xFA12, 0xF9BE, 0xF9B7,
    0xFA05, 0xFAAD, 0xFD74, 0x0093, 0x01E5, 0x02D5, 0x0379, 0x03E7, 0xF8C2, 0xF94A, 0xFA54, 0xFB0D, 0xFB41, 0xFB50, 0xFB46, 0xFB2C,
    0xFB0D, 0xFAA5, 0xFA33, 0xF9F3, 0xF9B3, 0xF99E, 0xF9DE, 0x9A6A, 0xA2E5, 0xB384, 0xBF0C, 0xC2D8, 0xC4F1, 0xC525, 0xC33F, 0xBF0C,
    0xAD1B, 0x9923, 0x91A8, 0x8D17, 0x89CF, 0x8634, 0x8001, 0x8001, 0x4171, 0xBF5F, 0x8001, 0x8001, 0x4171, 0xBF5F, 0xFF9F, 0xFF97,
    0xFF87, 0xFF7C, 0xFF77, 0xFF73, 0xFF71, 0xFF73, 0xFF7C, 0xFF93, 0xFFB7, 0xFFD8, 0xFFE7, 0xFFFE, 0x0039, 0xFC86, 0xFC88, 0xFC8A,
    0xFC8B, 0xFC8C, 0xFC8C, 0xFC8C, 0xFC8C, 0xFC8B, 0xFC89, 0xFC86, 0xFC83, 0xFC82, 0xFCA5, 0xFD05, 0xF544, 0xF5A5, 0xF663, 0xF6E7,
    0xF71F, 0xF74F, 0xF764, 0xF748, 0xF6E7, 0xF5D4, 0xF42D, 0xF2A9, 0xF1FF, 0xF1F5, 0xF1D8, 0x011E, 0x00BB, 0xFFF9, 0xFF73, 0xFF49,
    0xFF37, 0xFF39, 0xFF4E, 0xFF73, 0xFFCE, 0x005A, 0x00D7, 0x0102, 0x00D9, 0x008D, 0x010B, 0x0121, 0x014E, 0x016D, 0x0176, 0x0179,
    0x0178, 0x0173, 0x016D, 0x015D, 0x0146, 0x0130, 0x0126, 0x0128, 0x0131, 0x212D, 0x15F2, 0xFFF1, 0xF0AC, 0xEC00, 0xE9EF, 0xEA34,
    0xEC8A, 0xF0AC, 0xF938, 0x063A, 0x1391, 0x1D1A, 0x2316, 0x2884, 0x44B4, 0x446C, 0x43DE, 0x437B, 0x4371, 0x438B, 0x43AB, 0x43B0,
    0x437B, 0x42E0, 0x41F5, 0x40FD, 0x4039, 0x3FAC, 0x3F38,
};

static const u16 anim_2C_2D_indices[] = {
    0x0001, 0x0000, 0x0050, 0x0001, 0x0001, 0x0000, 0x0001, 0x0000, 0x0001, 0x0051, 0x0001, 0x0000, 0x0001, 0x0000, 0x0001, 0x0000,
    0x0050, 0x0AAA, 0x0050, 0x0A0A, 0x0001, 0x0000, 0x0050, 0x0A5A, 0x0050, 0x091A, 0x0050, 0x096A, 0x0050, 0x09BA, 0x0001, 0x0916,
    0x0001, 0x0917, 0x0001, 0x0918, 0x0050, 0x0192, 0x0050, 0x01E2, 0x0050, 0x0232, 0x0001, 0x0000, 0x0001, 0x0000, 0x0050, 0x0142,
    0x0050, 0x0052, 0x0050, 0x00A2, 0x0050, 0x00F2, 0x0001, 0x0912, 0x0001, 0x0913, 0x0001, 0x0914, 0x0050, 0x03C2, 0x0050, 0x0412,
    0x0050, 0x0462, 0x0001, 0x0000, 0x0001, 0x0000, 0x0050, 0x0372, 0x0050, 0x0282, 0x0050, 0x02D2, 0x0050, 0x0322, 0x0001, 0x0000,
    0x0001, 0x0000, 0x0001, 0x0915, 0x0050, 0x0822, 0x0050, 0x0872, 0x0050, 0x08C2, 0x0001, 0x0000, 0x0001, 0x0000, 0x0050, 0x07D2,
    0x0050, 0x06E2, 0x0050, 0x0732, 0x0050, 0x0782, 0x0001, 0x0000, 0x0001, 0x0000, 0x0001, 0x0919, 0x0050, 0x05F2, 0x0050, 0x0642,
    0x0050, 0x0692, 0x0001, 0x0000, 0x0001, 0x0000, 0x0050, 0x05A2, 0x0050, 0x04B2, 0x0050, 0x0502, 0x0050, 0x0552,
};

static const s16 anim_2C_2D_values[] = {
    0x0000, 0x0096, 0x0091, 0x0089, 0x0085, 0x0060, 0x003F, 0x005E, 0x008F, 0x00AC, 0x009C, 0x0077, 0x005B, 0x005D, 0x0066, 0x005F,
    0x0057, 0x0055, 0x0054, 0x0054, 0x0053, 0x0053, 0x0053, 0x0054, 0x0057, 0x005B, 0x005E, 0x005F, 0x005E, 0x005D, 0x005B, 0x0058,
    0x0054, 0x004F, 0x0049, 0x0043, 0x003D, 0x0037, 0x0032, 0x002E, 0x002B, 0x0029, 0x0028, 0x0026, 0x0025, 0x0024, 0x0024, 0x0023,
    0x0024, 0x0024, 0x0025, 0x0026, 0x0027, 0x0029, 0x002B, 0x002D, 0x0030, 0x0034, 0x0038, 0x003C, 0x0040, 0x0045, 0x004A, 0x004F,
    0x0054, 0x0059, 0x005F, 0x0064, 0x006A, 0x006F, 0x0082, 0x00A5, 0x00A7, 0x00A3, 0x00A0, 0x00A1, 0x00A3, 0x00A5, 0x00A8, 0x00A9,
    0x00AA, 0x3FFF, 0xE6B4, 0xE6B4, 0xE6B4, 0xE6B4, 0xE6B4, 0xE6B4, 0xE6B4, 0xE6B4, 0xE6B4, 0xE6B4, 0xE6B4, 0xE60E, 0xE6B4, 0xE9C4,
    0xED7F, 0xF183, 0xF571, 0xF8E9, 0xFB8A, 0xFC44, 0xFB65, 0xFA98, 0xFB8A, 0xFEF5, 0x03D7, 0x0942, 0x0E41, 0x11E4, 0x133A, 0x1284,
    0x10CA, 0x0E3F, 0x0B1A, 0x078F, 0x03D3, 0x001C, 0xFCA0, 0xF991, 0xF668, 0xF2E4, 0xEFA3, 0xED44, 0xEC67, 0xECB5, 0xED62, 0xEE5E,
    0xEF98, 0xF101, 0xF289, 0xF41E, 0xF5B1, 0xF731, 0xF88F, 0xF9BA, 0xFAA1, 0xFB36, 0xFB66, 0xF892, 0xF297, 0xED25, 0xEBEA, 0xF099,
    0xF8D0, 0x0221, 0x0A1F, 0x0E5C, 0x1141, 0x14D4, 0x1611, 0x13B3, 0x0F80, 0x0B07, 0x07DA, 0x05F2, 0x0440, 0x02CC, 0x019E, 0x00BD,
    0x0030, 0x0000, 0xF98A, 0xF98A, 0xF98A, 0xF98A, 0xF98A, 0xF98A, 0xF98A, 0xF98A, 0xF98A, 0xF98A, 0xF98A, 0xF98C, 0xF98A, 0xF981,
    0xF976, 0xF96A, 0xF95F, 0xF955, 0xF94D, 0xF93A, 0xF920, 0xF91C, 0xF94D, 0xF971, 0xF960, 0xF962, 0xF9BF, 0xFABC, 0xFCA1, 0x01A2,
    0x094C, 0x0FE4, 0x11B2, 0x0CEA, 0x040E, 0xF9D4, 0xF0F2, 0xEC21, 0xECDA, 0xF14D, 0xF744, 0xFC88, 0xFEE2, 0xFEDD, 0xFE83, 0xFDDE,
    0xFCFA, 0xFBE0, 0xFA9A, 0xF933, 0xF7B5, 0xF62B, 0xF49D, 0xF318, 0xF1A4, 0xF04D, 0xEF1D, 0xEDD4, 0xEC74, 0xEB65, 0xEB0F, 0xEB36,
    0xEB62, 0xEBA8, 0xEC19, 0xECCA, 0xEDCD, 0xEF35, 0xF115, 0xF534, 0xFB91, 0x0196, 0x04AE, 0x049F, 0x033D, 0x0105, 0xFE74, 0xFC04,
    0xFA32, 0xF97C, 0xF2E9, 0xF2E9, 0xF2E9, 0xF2E9, 0xF2E9, 0xF2E9, 0xF2E9, 0xF2E9, 0xF2E9, 0xF2E9, 0xF2E9, 0xF2EB, 0xF2E9, 0xF2DC,
    0xF2CD, 0xF2BC, 0xF2AC, 0xF29E, 0xF293, 0xF2D9, 0xF356, 0xF372, 0xF293, 0xF07E, 0xEDA4, 0xEA73, 0xE753, 0xE4B2, 0xE2F9, 0xE329,
    0xE4F6, 0xE6DB, 0xE753, 0xE598, 0xE297, 0xDF57, 0xDCE0, 0xDC3A, 0xDE4A, 0xE261, 0xE726, 0xEB3E, 0xED52, 0xEDC7, 0xEDF2, 0xEDDC,
    0xED90, 0xED19, 0xEC81, 0xEBD2, 0xEB17, 0xEA59, 0xE9A4, 0xE902, 0xE87D, 0xE81F, 0xE7F3, 0xE8A3, 0xEA33, 0xEBB6, 0xEC3D, 0xEBBB,
    0xEAD4, 0xE9AC, 0xE864, 0xE71F, 0xE5FF, 0xE526, 0xE4B7, 0xE54B, 0xE6E2, 0xE8B8, 0xEA09, 0xEAD2, 0xEB8D, 0xEC34, 0xECC1, 0xED2D,
    0xED73, 0xED8C, 0xE259, 0xE259, 0xE1CE, 0xE05B, 0xDE48, 0xDBDC, 0xD95F, 0xD719, 0xD54F, 0xD4F3, 0xD54F, 0xD515, 0xD54F, 0xD663,
    0xD7B3, 0xD91D, 0xDA7F, 0xDBB8, 0xDCA5, 0xDCED, 0xDCAA, 0xDC64, 0xDCA5, 0xDD7E, 0xDE96, 0xDFD5, 0xE124, 0xE26B, 0xE392, 0xE569,
    0xE7B8, 0xE8DF, 0xE73D, 0xE30B, 0xDDCC, 0xD7CD, 0xD158, 0xCABA, 0xC43F, 0xBE31, 0xB8DC, 0xB48D, 0xB18F, 0xAF75, 0xADA0, 0xAC15,
    0xAAD7, 0xA9E8, 0xA94C, 0xA907, 0xA91A, 0xA989, 0xAA59, 0xAB8A, 0xAD22, 0xAF22, 0xB18F, 0xBD4D, 0xD140, 0xDE6F, 0xE287, 0xE55E,
    0xE734, 0xE849, 0xE8DE, 0xE934, 0xE989, 0xEA20, 0xEB38, 0xED7D, 0xF054, 0xF20F, 0xF104, 0xECAC, 0xE64A, 0xDEDA, 0xD758, 0xD0C3,
    0xCC16, 0xCA4F, 0xA9CE, 0xA9CE, 0x9935, 0x7168, 0x4174, 0x185D, 0x0527, 0x437A, 0x92F9, 0x9A9B, 0x8168, 0x4143, 0x0884, 0xF869,
    0xEE92, 0xE93F, 0xE6AB, 0xE515, 0xE2B9, 0xE11C, 0xE21F, 0xE48F, 0xE734, 0xEA0E, 0xED9E, 0xF174, 0xF520, 0xF833, 0xFA3C, 0xFA39,
    0xF862, 0xF626, 0xF4F0, 0xF4CE, 0xF4D7, 0xF502, 0xF547, 0xF59C, 0xF5F9, 0xF656, 0xF6A9, 0xF6EB, 0xF711, 0xF724, 0xF730, 0xF736,
    0xF737, 0xF735, 0xF72F, 0xF727, 0xF71F, 0xF716, 0xF70F, 0xF70A, 0xF708, 0xF70A, 0xF711, 0xF6DE, 0xF659, 0xF5C5, 0xF561, 0xF570,
    0xF633, 0xF7EA, 0xFBC2, 0x01C4, 0x0882, 0x0E87, 0x1262, 0x0C43, 0x07F5, 0x13BB, 0x2A0F, 0x497C, 0x6F11, 0x96CF, 0xBCAF, 0xDCB2,
    0xF2D7, 0xFB1D, 0xDCC9, 0xDCC9, 0xDB41, 0xD77C, 0xD2B9, 0xCE35, 0xCB2F, 0xCD35, 0xCFBB, 0xCB7A, 0xC7BC, 0xCBB4, 0xD059, 0xD198,
    0xD269, 0xD2EA, 0xD339, 0xD375, 0xD3BC, 0xD37B, 0xD2B8, 0xD277, 0xD3BC, 0xD6CA, 0xDADF, 0xDF7C, 0xE41E, 0xE846, 0xEB72, 0xED5B,
    0xEE24, 0xEDF0, 0xECE1, 0xEB31, 0xE916, 0xE6AD, 0xE416, 0xE16D, 0xDED3, 0xDC65, 0xDA41, 0xD886, 0xD753, 0xD689, 0xD5F4, 0xD58D,
    0xD551, 0xD53A, 0xD541, 0xD562, 0xD597, 0xD5DB, 0xD629, 0xD67B, 0xD6CB, 0xD715, 0xD753, 0xD770, 0xD778, 0xD792, 0xD7E4, 0xD897,
    0xD9D3, 0xDBBE, 0xDF41, 0xE46E, 0xEA30, 0xEF70, 0xF317, 0xF217, 0xED2F, 0xE5C1, 0xDDD2, 0xD727, 0xD117, 0xCD96, 0xCD88, 0xCF71,
    0xD1BE, 0xD2DC, 0x076C, 0x076C, 0x1296, 0x2D70, 0x4E05, 0x6A5D, 0x7885, 0x538D, 0x2194, 0x1591, 0x1F65, 0x4CC1, 0x772D, 0x8428,
    0x8CCE, 0x924D, 0x95D1, 0x9886, 0x9B98, 0x9DB9, 0x9DA1, 0x9C85, 0x9B98, 0x9AD3, 0x999F, 0x9853, 0x9744, 0x96CB, 0x973E, 0x9B04,
    0xA17E, 0xA67F, 0xA5D6, 0x9FDF, 0x9811, 0x8EEB, 0x84ED, 0x7A91, 0x705C, 0x66CB, 0x5E5C, 0x578E, 0x52DF, 0x4FC0, 0x4D44, 0x4B62,
    0x4A10, 0x4943, 0x48F0, 0x490F, 0x4994, 0x4A75, 0x4BA9, 0x4D24, 0x4EDD, 0x50CA, 0x52DF, 0x5683, 0x5C8D, 0x641D, 0x6C51, 0x744B,
    0x7B2A, 0x8010, 0x81FC, 0x816C, 0x7FB3, 0x7E2C, 0x7E29, 0x842A, 0x8865, 0x8231, 0x74CA, 0x61D6, 0x4BCE, 0x34C2, 0x18E2, 0xF94C,
    0xDF6C, 0xD4B4, 0x2B98, 0x2B98, 0x2B98, 0x2B98, 0x2B98, 0x2B98, 0x2B98, 0x2B98, 0x2B98, 0x2D60, 0x2B98, 0x1C67, 0x0F13, 0x0CC7,
    0x0C4D, 0x0D08, 0x0E5A, 0x0FA5, 0x104B, 0x1102, 0x1214, 0x1241, 0x104B, 0x0A17, 0x00D3, 0xF836, 0xF079, 0xE961, 0xE5F2, 0xE5A4,
    0xE5DD, 0xE685, 0xE783, 0xE8BE, 0xEA1F, 0xEB8B, 0xECEC, 0xEE27, 0xEF25, 0xEFCE, 0xEFFB, 0xEFB7, 0xEF2E, 0xEE8E, 0xEE03, 0xEDB9,
    0xEDA7, 0xED9F, 0xEDA2, 0xEDAC, 0xEDBB, 0xEDCE, 0xEDE2, 0xEDF6, 0xEE06, 0xEE12, 0xEE17, 0xEE12, 0xEE02, 0xEDE6, 0xEDB9, 0xED39,
    0xEC4F, 0xEB3B, 0xEA3F, 0xE99F, 0xE881, 0xE7E6, 0xEAD0, 0xF3AE, 0xFFFD, 0x0B5B, 0x1168, 0x11DB, 0x0FEB, 0x0C71, 0x0844, 0x043C,
    0x0133, 0x0000, 0x0E42, 0x0E42, 0x0E42, 0x0E42, 0x0E42, 0x0E42, 0x0E42, 0x0E42, 0x0E42, 0x0E42, 0x0E42, 0x0E42, 0x0E42, 0x0E42,
    0x0E42, 0x0E42, 0x0E42, 0x0E42, 0x0E42, 0x0DEF, 0x0D64, 0x0D48, 0x0E42, 0x11B1, 0x16AB, 0x1A66, 0x1BE9, 0x1C2C, 0x1B53, 0x19D2,
    0x1812, 0x1623, 0x1415, 0x11F7, 0x0FD8, 0x0DC8, 0x0BD7, 0x0A14, 0x088E, 0x0755, 0x06BF, 0x06E8, 0x0789, 0x085A, 0x0917, 0x0976,
    0x097E, 0x0966, 0x0936, 0x08F3, 0x08A7, 0x0857, 0x080A, 0x07C8, 0x0798, 0x0781, 0x0789, 0x07B9, 0x0816, 0x08A8, 0x0976, 0x0B63,
    0x0EDD, 0x133F, 0x17E0, 0x1C1B, 0x2182, 0x2701, 0x27FB, 0x2221, 0x1891, 0x0ECD, 0x0858, 0x0536, 0x02FB, 0x017F, 0x009D, 0x002B,
    0x0004, 0x0000, 0xEA49, 0xEA49, 0xEA49, 0xEA49, 0xEA49, 0xEA49, 0xEA49, 0xEA49, 0xEA49, 0xEA49, 0xEA49, 0xEA49, 0xEA49, 0xEA49,
    0xEA49, 0xEA49, 0xEA49, 0xEA49, 0xEA49, 0xEA5B, 0xEA79, 0xEA7F, 0xEA49, 0xEAC9, 0xEAF3, 0xE7A8, 0xDC2F, 0xCD41, 0xC5ED, 0xC6B6,
    0xC89E, 0xCB6F, 0xCEF5, 0xD2F9, 0xD747, 0xDBAA, 0xDFEC, 0xE3D8, 0xE739, 0xE9D9, 0xEB71, 0xEC10, 0xEC05, 0xEBA0, 0xEB2F, 0xEB01,
    0xEB14, 0xEB2F, 0xEB50, 0xEB74, 0xEB98, 0xEBBB, 0xEBD9, 0xEBF0, 0xEBFE, 0xEC00, 0xEBF4, 0xEBD7, 0xEBA6, 0xEB60, 0xEB01, 0xEA16,
    0xE86B, 0xE65D, 0xE44D, 0xE299, 0xE0C7, 0xDF45, 0xDFC7, 0xE34E, 0xE88C, 0xEDC2, 0xF130, 0xF2DA, 0xF3FF, 0xF4B7, 0xF51C, 0xF546,
    0xF54C, 0xF549, 0xEE92, 0xEE92, 0xED95, 0xEAF5, 0xE733, 0xE2D0, 0xDE4E, 0xDA2E, 0xD6F1, 0xD649, 0xD6F1, 0xD66B, 0xD6F1, 0xD965,
    0xDC62, 0xDF9B, 0xE2C2, 0xE589, 0xE7A5, 0xE8D6, 0xE928, 0xE8B8, 0xE7A5, 0xE3FF, 0xDF24, 0xDE29, 0xE649, 0xF248, 0xF789, 0xF594,
    0xF315, 0xF01F, 0xECC2, 0xE911, 0xE51F, 0xE0FC, 0xDCBC, 0xD871, 0xD42C, 0xCFFF, 0xCBFD, 0xC838, 0xC4C2, 0xC1AD, 0xBF0A, 0xBCED,
    0xBB31, 0xB9A8, 0xB857, 0xB73E, 0xB661, 0xB5C2, 0xB565, 0xB54C, 0xB579, 0xB5F0, 0xB6B3, 0xB7C4, 0xB927, 0xBADF, 0xBCED, 0xC21E,
    0xCB9C, 0xD6F7, 0xE1BD, 0xE97F, 0xEB9A, 0xE9D7, 0xE86A, 0xE960, 0xEB02, 0xEBDD, 0xEA7F, 0xE667, 0xE09C, 0xD9F8, 0xD352, 0xCD86,
    0xC96C, 0xC7DD, 0x6508, 0x6508, 0x6F8C, 0x88BD, 0xA705, 0xC0DA, 0xCCAE, 0xA32A, 0x7081, 0x71AB, 0x8A2F, 0xBD8A, 0xE8B7, 0xF31E,
    0xF819, 0xF958, 0xF88E, 0xF76B, 0xF7A3, 0xF85E, 0xF819, 0xF783, 0xF747, 0xF7BC, 0xF86C, 0xF8D6, 0xF8D7, 0xF891, 0xF7F5, 0xF71D,
    0xF636, 0xF543, 0xF446, 0xF341, 0xF238, 0xF12C, 0xF022, 0xEF1C, 0xEE1C, 0xED24, 0xEC39, 0xEB5C, 0xEA90, 0xE9D9, 0xE938, 0xE8B0,
    0xE853, 0xE82B, 0xE82F, 0xE856, 0xE896, 0xE8E6, 0xE93D, 0xE992, 0xE9DC, 0xEA12, 0xEA2B, 0xEA1D, 0xE9DF, 0xE968, 0xE8B0, 0xE6C4,
    0xE344, 0xDF02, 0xDACC, 0xD774, 0xD5D7, 0xD520, 0xD390, 0xD0EE, 0xCA96, 0xBE0C, 0xAB8E, 0x923E, 0x7437, 0x54A3, 0x36A0, 0x1D4E,
    0x0BD2, 0x054B, 0x2753, 0x2753, 0x28B0, 0x2BF8, 0x2FF9, 0x337E, 0x3552, 0x3124, 0x2B6E, 0x2ADF, 0x2B6E, 0x2AAD, 0x2A83, 0x2BBF,
    0x2D62, 0x2F2C, 0x30E1, 0x3242, 0x3312, 0x3339, 0x32B0, 0x3154, 0x2EFF, 0x2AC8, 0x24EE, 0x1F0D, 0x185F, 0x11A9, 0x0ED8, 0x0F71,
    0x1053, 0x1176, 0x12D0, 0x1459, 0x1607, 0x17D1, 0x19AD, 0x1B94, 0x1D7B, 0x1F59, 0x2126, 0x22D7, 0x2465, 0x25C6, 0x26F0, 0x27DB,
    0x289A, 0x2946, 0x29DD, 0x2A5E, 0x2AC5, 0x2B12, 0x2B43, 0x2B55, 0x2B46, 0x2B15, 0x2AC0, 0x2A45, 0x29A1, 0x28D4, 0x27DB, 0x2562,
    0x20DC, 0x1B73, 0x1651, 0x129D, 0x1142, 0x11BD, 0x1313, 0x1633, 0x19D0, 0x1B61, 0x1CBD, 0x1ED7, 0x2116, 0x2367, 0x25B6, 0x27F0,
    0x2A01, 0x2BD6, 0x193F, 0x193F, 0x1ED9, 0x2C52, 0x3CAC, 0x4AE9, 0x520C, 0x3F90, 0x26B2, 0x1FD2, 0x26B2, 0x4991, 0x694D, 0x717D,
    0x7609, 0x7809, 0x7894, 0x78C3, 0x79AD, 0x7A16, 0x7923, 0x7877, 0x79BB, 0x7ECA, 0x8652, 0x8D21, 0x926E, 0x9705, 0x9A25, 0x9C4A,
    0x9E6E, 0xA08F, 0xA2AA, 0xA4BD, 0xA6C6, 0xA8C3, 0xAAB1, 0xAC8E, 0xAE57, 0xB00B, 0xB1A7, 0xB329, 0xB48E, 0xB5D4, 0xB6F8, 0xB7F9,
    0xB8ED, 0xB9E4, 0xBAD6, 0xBBBA, 0xBC87, 0xBD35, 0xBDB9, 0xBE0C, 0xBE25, 0xBDFA, 0xBD83, 0xBCB6, 0xBB8C, 0xB9FB, 0xB7F9, 0xB2FA,
    0xA9DF, 0x9ECC, 0x93E3, 0x8B47, 0x86C1, 0x84AB, 0x81F9, 0x7DED, 0x773D, 0x6C65, 0x5CBD, 0x4722, 0x2DCA, 0x132A, 0xF9B8, 0xE3E6,
    0xD429, 0xCCF6, 0x0000, 0x0000, 0x0000, 0x0000, 0x0000, 0x0000, 0x0000, 0x0000, 0x0000, 0x0006, 0x0000, 0xFFCE, 0xFFA0, 0xFF96,
    0xFF91, 0xFF91, 0xFF92, 0xFF93, 0xFF94, 0xFF94, 0xFF95, 0xFF96, 0xFF94, 0xFF8F, 0xFF89, 0xFF82, 0xFF7A, 0xFF73, 0xFF6C, 0xFF66,
    0xFF5F, 0xFF59, 0xFF54, 0xFF50, 0xFF4C, 0xFF48, 0xFF44, 0xFF41, 0xFF3F, 0xFF3D, 0xFF37, 0xFF26, 0xFF0F, 0xFEF3, 0xFED6, 0xFEBA,
    0xFEA1, 0xFE8F, 0xFE86, 0xFE88, 0xFE9A, 0xFEBC, 0xFEF1, 0xFF3D, 0xFFAB, 0x003D, 0x00EF, 0x01BA, 0x0295, 0x037B, 0x0464, 0x0549,
    0x0624, 0x06EE, 0x079F, 0x0831, 0x07B9, 0x065C, 0x05AD, 0x0741, 0x1856, 0x1A74, 0x1900, 0x1865, 0x0D0A, 0x09F9, 0x0872, 0x069C,
    0x02A7, 0x0000, 0xFF30, 0xFF30, 0xFF30, 0xFF30, 0xFF30, 0xFF30, 0xFF30, 0xFF30, 0xFF30, 0xFF2E, 0xFF30, 0xFF3C, 0xFF47, 0xFF4B,
    0xFF4C, 0xFF4D, 0xFF4E, 0xFF4E, 0xFF4F, 0xFF4E, 0xFF4D, 0xFF4D, 0xFF4F, 0xFF52, 0xFF57, 0xFF5C, 0xFF62, 0xFF68, 0xFF6E, 0xFF74,
    0xFF7C, 0xFF83, 0xFF8B, 0xFF92, 0xFF99, 0xFFA1, 0xFFA8, 0xFFAF, 0xFFB4, 0xFFB7, 0xFFA8, 0xFF7C, 0xFF3B, 0xFEED, 0xFE9A, 0xFE48,
    0xFE01, 0xFDCC, 0xFDB0, 0xFDB6, 0xFDE5, 0xFE45, 0xFEDD, 0xFFB7, 0x00E9, 0x027E, 0x0465, 0x068E, 0x08E7, 0x0B62, 0x0DEC, 0x1077,
    0x12F0, 0x1549, 0x1770, 0x1955, 0x1B03, 0x1C42, 0x1C9D, 0x1B9F, 0x1044, 0x1A12, 0x177F, 0x1662, 0x14B0, 0x10C7, 0x0C72, 0x080E,
    0x028B, 0xFF30, 0xC9D8, 0xC9D8, 0xC9D8, 0xC9D8, 0xC9D8, 0xC9D8, 0xC9D8, 0xC9D8, 0xC9D8, 0xC89F, 0xC9D8, 0xD425, 0xDD67, 0xDF85,
    0xE082, 0xE0B8, 0xE082, 0xE03C, 0xE042, 0xE03C, 0xDFE9, 0xDFC2, 0xE042, 0xE16C, 0xE2E6, 0xE498, 0xE66A, 0xE842, 0xEA09, 0xEBDA,
    0xEDC7, 0xEFAB, 0xF15E, 0xF2FF, 0xF4B4, 0xF666, 0xF7FC, 0xF95E, 0xFA74, 0xFB25, 0xFB9B, 0xFC0C, 0xFC74, 0xFCD1, 0xFD20, 0xFD5C,
    0xFD82, 0xFD90, 0xFD82, 0xFD55, 0xFD05, 0xFC8F, 0xFBF0, 0xFB25, 0xFA27, 0xF8F4, 0xF78F, 0xF5FB, 0xF43C, 0xF252, 0xF043, 0xEE11,
    0xEBBE, 0xE94E, 0xE6C3, 0xE421, 0xE144, 0xDD85, 0xD821, 0xD054, 0xB5D3, 0xBF0F, 0xBBD3, 0xBC3B, 0xBB81, 0xBD01, 0xBEF5, 0xC17E,
    0xC663, 0xC9D8, 0x3996, 0x3A60, 0x3C0F, 0x3D97, 0x3DED, 0x3C07, 0x343C, 0x2829, 0x1EB2, 0x1D3A, 0x1EB2, 0x1E87, 0x1EB2, 0x1F7B,
    0x2070, 0x2179, 0x227A, 0x235A, 0x23FE, 0x23B7, 0x22BA, 0x2246, 0x2395, 0x26EC, 0x2B60, 0x306E, 0x3592, 0x3A4A, 0x3E11, 0x400F,
    0x40A7, 0x412D, 0x42F5, 0x465D, 0x4A9A, 0x4F3F, 0x53E0, 0x5811, 0x5B65, 0x5D70, 0x5E96, 0x5F85, 0x603F, 0x60C6, 0x611E, 0x6148,
    0x6148, 0x611F, 0x60D1, 0x6060, 0x5FCE, 0x5F1F, 0x5E54, 0x5D70, 0x5C55, 0x5AEA, 0x593A, 0x5750, 0x5537, 0x52FB, 0x50A7, 0x4E47,
    0x4BE4, 0x498C, 0x4748, 0x4524, 0x43A2, 0x4276, 0x4073, 0x3C6D, 0x2A0B, 0x2AD9, 0x2EBB, 0x32B7, 0x33D5, 0x30C2, 0x2B4F, 0x253F,
    0x2052, 0x1E4A, 0x100E, 0x0FFF, 0x0FD0, 0x0F83, 0x0F17, 0x0E8D, 0x0D7E, 0x0C1A, 0x0B40, 0x0C07, 0x0D15, 0x0CCE, 0x0C48, 0x0C0B,
    0x0BD2, 0x0B9E, 0x0B6F, 0x0B47, 0x0B26, 0x0B1D, 0x0B2A, 0x0B35, 0x0B26, 0x0B30, 0x0B6D, 0x0BA2, 0x0B93, 0x0B05, 0x09BB, 0x074B,
    0x03A2, 0xFF0E, 0xF9D6, 0xF3A9, 0xEC6D, 0xE4C0, 0xDD3E, 0xD686, 0xD134, 0xCDE6, 0xCC06, 0xCA90, 0xC97D, 0xC8C3, 0xC85C, 0xC83E,
    0xC862, 0xC8BF, 0xC94E, 0xCA07, 0xCAE1, 0xCBD4, 0xCCD8, 0xCDE6, 0xCF15, 0xD083, 0xD22C, 0xD40E, 0xD624, 0xD86B, 0xDAE1, 0xDD82,
    0xE04A, 0xE336, 0xE644, 0xE96F, 0xEDA3, 0xF36B, 0xFA38, 0x0179, 0x0DEC, 0x09D5, 0x02CB, 0xFC78, 0xFA85, 0xFED5, 0x0703, 0x1049,
    0x17E3, 0x1B09, 0x0F96, 0x0E80, 0x0BE1, 0x08A7, 0x05C3, 0x0424, 0x0542, 0x082C, 0x0A36, 0x0934, 0x07AF, 0x0825, 0x08EF, 0x093F,
    0x0986, 0x09C5, 0x09FC, 0x0A2B, 0x0A52, 0x0A60, 0x0A53, 0x0A45, 0x0A52, 0x0A36, 0x09D2, 0x0975, 0x0970, 0x0A12, 0x0BAA, 0x1000,
    0x16BF, 0x1D11, 0x201E, 0x1FB4, 0x1DDC, 0x1B17, 0x17E6, 0x14CA, 0x1243, 0x10D2, 0x1031, 0x0FBE, 0x0F74, 0x0F4E, 0x0F46, 0x0F57,
    0x0F7B, 0x0FAD, 0x0FE8, 0x1026, 0x1062, 0x1096, 0x10BD, 0x10D2, 0x10DB, 0x10E2, 0x10E8, 0x10F0, 0x10FA, 0x1106, 0x1116, 0x112C,
    0x1147, 0x116A, 0x1195, 0x11CA, 0x1283, 0x13B6, 0x149B, 0x146B, 0x0CD6, 0x0B41, 0x0A6A, 0x0A31, 0x0A79, 0x0B7F, 0x0D38, 0x0F1D,
    0x10A4, 0x1144, 0xC65E, 0xC5FA, 0xC4D4, 0xC2F8, 0xC072, 0xBD4D, 0xB76E, 0xAFC0, 0xAAD4, 0xAE3D, 0xB335, 0xB1C7, 0xAF3F, 0xAE32,
    0xAD3C, 0xAC60, 0xAB9D, 0xAAF7, 0xAA6D, 0xAA41, 0xAA73, 0xAAA2, 0xAA6D, 0xA9E3, 0xA94B, 0xA896, 0xA7B1, 0xA68E, 0xA51C, 0xA305,
    0xA042, 0x9D30, 0x9A31, 0x9719, 0x93A9, 0x9020, 0x8CBB, 0x89BB, 0x875D, 0x85E0, 0x8501, 0x8451, 0x83CD, 0x8372, 0x833C, 0x8329,
    0x8334, 0x835C, 0x839C, 0x83F2, 0x845A, 0x84D1, 0x8554, 0x85E0, 0x8684, 0x874F, 0x883F, 0x894E, 0x8A79, 0x8BBC, 0x8D13, 0x8E79,
    0x8FEB, 0x9165, 0x92E2, 0x945E, 0x9683, 0x995D, 0x9C05, 0x9D92, 0x97D5, 0x94F3, 0x9215, 0x9067, 0x9118, 0x9560, 0x9C4B, 0xA3CA,
    0xA9CD, 0xAC44, 0x0000, 0x0000, 0x0000, 0x0000, 0x0000, 0x0000, 0x0000, 0x0000, 0x0000, 0x0000, 0x0000, 0x0000, 0x0000, 0x0000,
    0x0000, 0x0000, 0x0000, 0x0000, 0x0000, 0x0000, 0x0000, 0x0000, 0x0000, 0x0000, 0x0000, 0x0000, 0x0000, 0x0000, 0x0000, 0x0000,
    0x0000, 0x0000, 0x0000, 0x0000, 0x0000, 0x0000, 0x0000, 0x0000, 0x0000, 0x0000, 0x000F, 0x0038, 0x0074, 0x00BC, 0x0108, 0x0153,
    0x0193, 0x01C4, 0x01DC, 0x01D6, 0x01AB, 0x0153, 0x00C6, 0x0000, 0xFEEF, 0xFD91, 0xFBF0, 0xFA17, 0xF812, 0xF5EA, 0xF3AB, 0xF160,
    0xEF13, 0xECD0, 0xEAA1, 0xE890, 0xE627, 0xE3A5, 0xE22B, 0xE633, 0xFA22, 0xFAA2, 0xF990, 0xF92F, 0xFA28, 0xFB8C, 0xFD19, 0xFE88,
    0xFF97, 0x0000, 0x0000, 0x0000, 0x0000, 0x0000, 0x0000, 0x0000, 0x0000, 0x0000, 0x0000, 0x0000, 0x0000, 0x0000, 0x0000, 0x0000,
    0x0000, 0x0000, 0x0000, 0x0000, 0x0000, 0x0000, 0x0000, 0x0000, 0x0000, 0x0000, 0x0000, 0x0000, 0x0000, 0x0000, 0x0000, 0x0000,
    0x0000, 0x0000, 0x0000, 0x0000, 0x0000, 0x0000, 0x0000, 0x0000, 0x0000, 0x0000, 0x0012, 0x0045, 0x008F, 0x00E7, 0x0145, 0x01A0,
    0x01F0, 0x022B, 0x024A, 0x0242, 0x020D, 0x01A0, 0x00F4, 0x0000, 0xFEB0, 0xFD01, 0xFAFF, 0xF8B8, 0xF63A, 0xF393, 0xF0CF, 0xEDFD,
    0xEB2A, 0xE863, 0xE5B7, 0xE332, 0xE02C, 0xDD16, 0xDBA3, 0xE2ED, 0x0201, 0x0244, 0x0032, 0xFECC, 0xFEB0, 0xFEDB, 0xFF30, 0xFF90,
    0xFFE0, 0x0000, 0xBF40, 0xBF40, 0xBF40, 0xBF40, 0xBF40, 0xBF40, 0xBF40, 0xBF40, 0xBF40, 0xBD03, 0xBF40, 0xD24C, 0xE31B, 0xE637,
    0xE717, 0xE677, 0xE519, 0xE3BA, 0xE31B, 0xE31B, 0xE31B, 0xE31B, 0xE31B, 0xE31B, 0xE31B, 0xE31B, 0xE31B, 0xE31B, 0xE31B, 0xE2E5,
    0xE28D, 0xE27B, 0xE31B, 0xE487, 0xE66D, 0xE893, 0xEAC3, 0xECC4, 0xEE5C, 0xEF54, 0xEFE2, 0xF061, 0xF0D0, 0xF12D, 0xF175, 0xF1A7,
    0xF1C2, 0xF1C4, 0xF1AA, 0xF173, 0xF11E, 0xF0A8, 0xF010, 0xEF54, 0xEE60, 0xED29, 0xEBB8, 0xEA15, 0xE84B, 0xE661, 0xE461, 0xE254,
    0xE044, 0xDE38, 0xDC3C, 0xDA57, 0xDA65, 0xDA37, 0xD3C5, 0xABFC, 0xAF9D, 0xB417, 0xB1B5, 0xB06E, 0xB27F, 0xB583, 0xB8E3, 0xBC07,
    0xBE59, 0xBF40, 0x1DE1, 0x1E7F, 0x2005, 0x21F9, 0x23DD, 0x2537, 0x259F, 0x256B, 0x2537, 0x2614, 0x2537, 0x1D5C, 0x175C, 0x1881,
    0x1B09, 0x1E5E, 0x21E8, 0x2510, 0x2740, 0x2789, 0x2670, 0x258A, 0x2670, 0x2958, 0x2D2D, 0x3192, 0x3629, 0x3A95, 0x3E79, 0x41A1,
    0x444D, 0x46CF, 0x4979, 0x4C94, 0x5007, 0x5393, 0x56F9, 0x59FB, 0x5C5B, 0x5DD8, 0x5EB1, 0x5F50, 0x5FBB, 0x5FF7, 0x600C, 0x6000,
    0x5FD9, 0x5F9C, 0x5F51, 0x5EFE, 0x5EA8, 0x5E56, 0x5E0F, 0x5DD8, 0x5DBA, 0x5DB1, 0x5DB3, 0x5DB6, 0x5DB1, 0x5D99, 0x5D64, 0x5D0A,
    0x5C7E, 0x5BB9, 0x5AAF, 0x5958, 0x571E, 0x5349, 0x4D92, 0x45B6, 0x2C3B, 0x2A22, 0x2D65, 0x2F9D, 0x2E6A, 0x2C5F, 0x29F4, 0x27A3,
    0x25E6, 0x2537, 0xE7BC, 0xE880, 0xEA77, 0xED1E, 0xEFF4, 0xF278, 0xF52A, 0xF7E6, 0xF935, 0xF661, 0xF304, 0xF3CA, 0xF55A, 0xF5ED,
    0xF670, 0xF6E4, 0xF748, 0xF79E, 0xF7E5, 0xF808, 0xF800, 0xF7EB, 0xF7E5, 0xF7A4, 0xF705, 0xF66A, 0xF630, 0xF6B6, 0xF85C, 0xFC3A,
    0x023D, 0x0908, 0x0F39, 0x150C, 0x1B5F, 0x21C9, 0x27E1, 0x2D3E, 0x3177, 0x3423, 0x35BA, 0x36FE, 0x37F3, 0x38A0, 0x390A, 0x3935,
    0x3926, 0x38E3, 0x3871, 0x37D4, 0x3713, 0x3631, 0x3535, 0x3423, 0x32DB, 0x3141, 0x2F5E, 0x2D3A, 0x2ADF, 0x2856, 0x25A8, 0x22DF,
    0x2004, 0x1D20, 0x1A3C, 0x1761, 0x14AF, 0x11A6, 0x0D5F, 0x06F4, 0xF071, 0xF161, 0xF1A1, 0xF065, 0xEC1C, 0xE69E, 0xE0CD, 0xDB8D,
    0xD7C1, 0xD64A, 0xF84A, 0xF8D9, 0xFA26, 0xFB9E, 0xFCB2, 0xFCCF, 0xFA50, 0xF632, 0xF3D4, 0xF71E, 0xFAFB, 0xF960, 0xF6FB, 0xF64A,
    0xF5C7, 0xF565, 0xF51B, 0xF4DF, 0xF4A5, 0xF485, 0xF48B, 0xF49E, 0xF4A5, 0xF4CB, 0xF527, 0xF581, 0xF5A1, 0xF550, 0xF455, 0xF1C7,
    0xEDC8, 0xE9AD, 0xE6CE, 0xE529, 0xE3D2, 0xE2C0, 0xE1EA, 0xE146, 0xE0CB, 0xE071, 0xE01E, 0xDFC3, 0xDF66, 0xDF0C, 0xDEB9, 0xDE73,
    0xDE3F, 0xDE22, 0xDE21, 0xDE41, 0xDE87, 0xDEF8, 0xDF9A, 0xE071, 0xE19C, 0xE329, 0xE509, 0xE729, 0xE978, 0xEBE6, 0xEE61, 0xF0D7,
    0xF337, 0xF571, 0xF773, 0xF92B, 0xFA31, 0xFA5A, 0xF9F6, 0xF953, 0xF5E9, 0xF42B, 0xF3B9, 0xF2F5, 0xF1C6, 0xF057, 0xEEDD, 0xED8D,
    0xEC9D, 0xEC41, 0xD24D, 0xD1D5, 0xD058, 0xCDBA, 0xC9DE, 0xC4A9, 0xB986, 0xAAD6, 0xA2ED, 0xAFE1, 0xBF3A, 0xBA29, 0xB1C2, 0xAF15,
    0xACED, 0xAB2F, 0xA9C5, 0xA894, 0xA786, 0xA6FA, 0xA718, 0xA76D, 0xA786, 0xA773, 0xA779, 0xA776, 0xA747, 0xA6C9, 0xA5DB, 0xA43C,
    0xA1DE, 0x9EED, 0x9B96, 0x97A2, 0x9303, 0x8E1C, 0x8951, 0x8507, 0x81A2, 0x7F83, 0x7E57, 0x7D7D, 0x7CEA, 0x7C96, 0x7C79, 0x7C8A,
    0x7CC0, 0x7D13, 0x7D7A, 0x7DED, 0x7E64, 0x7ED4, 0x7F37, 0x7F83, 0x7FCF, 0x8038, 0x80B4, 0x8141, 0x81D9, 0x8279, 0x831B, 0x83BC,
    0x8455, 0x84E3, 0x8560, 0x85C9, 0x857E, 0x849B, 0x8430, 0x854C, 0x90F1, 0x9187, 0x9354, 0x95FC, 0x9B76, 0xA232, 0xA92F, 0xAF6C,
    0xB3E7, 0xB59E, 0x8001, 0x8001, 0x4171, 0xBF5F, 0x8001, 0x8001, 0x4171, 0xBF5F, 0x0000, 0x0000, 0x0000, 0x0000, 0x0000, 0x0000,
    0x0000, 0x0000, 0x0000, 0x0000, 0x0000, 0x0000, 0x0000, 0x0000, 0x0000, 0x0000, 0x0000, 0x0000, 0x0000, 0x0000, 0x0000, 0x0000,
    0x0000, 0x0000, 0x0000, 0x0000, 0x0000, 0x0000, 0x0000, 0x0009, 0x0018, 0x001B, 0x0000, 0xFF7D, 0xFEA0, 0xFDD8, 0xFD95, 0xFE47,
    0x0292, 0x08B8, 0x0A8F, 0x0233, 0xF58A, 0xF017, 0xFB08, 0x0D2F, 0x1688, 0x0C43, 0xF930, 0xEDAC, 0xF347, 0x0072, 0x08E3, 0x05E8,
    0xFE32, 0xF98A, 0xFC36, 0x01F1, 0x05B4, 0x0589, 0x03C8, 0x01DF, 0x013E, 0x0207, 0x034D, 0x04E4, 0x06A0, 0x0853, 0x09D1, 0x0AEE,
    0x0B7E, 0x0B6E, 0x0AE0, 0x09F0, 0x08BB, 0x075D, 0x05F3, 0x049B, 0x01FB, 0x0000, 0x0000, 0x0000, 0x0000, 0x0000, 0x0000, 0x0000,
    0x0000, 0x0000, 0x0000, 0x0000, 0x0000, 0x0000, 0x0000, 0x0000, 0x0000, 0x0000, 0x0000, 0x0000, 0x0000, 0x0000, 0x0000, 0x0000,
    0x0000, 0x0000, 0x0000, 0x0000, 0x0000, 0x0000, 0x0000, 0xFFFE, 0xFFFA, 0xFFFA, 0x0000, 0x000D, 0x001F, 0x0034, 0x004F, 0x006F,
    0x00A9, 0x00F2, 0x011A, 0x0108, 0x00D6, 0x009E, 0x004E, 0xFFFB, 0xFFF7, 0x00B7, 0x01CA, 0x0229, 0x0104, 0xFF2D, 0xFE15, 0xFE98,
    0xFFDB, 0x00BC, 0x00C5, 0x006D, 0x0000, 0xFF94, 0xFF16, 0xFE94, 0xFE1A, 0xFD9C, 0xFD0A, 0xFC72, 0xFBDE, 0xFB5C, 0xFAF6, 0xFAB9,
    0xFAB1, 0xFAF2, 0xFB7A, 0xFC34, 0xFD0B, 0xFDE9, 0xFEBA, 0xFF6A, 0xFFDB, 0x0000, 0xE928, 0xE8CC, 0xE7CA, 0xE644, 0xE458, 0xE0FF,
    0xDC84, 0xD8FE, 0xD887, 0xE3F8, 0xEEF0, 0xE61A, 0xDBCA, 0xDA6D, 0xDA53, 0xDB0D, 0xDC2A, 0xDD3C, 0xDDD3, 0xDD2F, 0xDBE9, 0xDB98,
    0xDDD3, 0xE326, 0xEA62, 0xF283, 0xFA87, 0x0169, 0x0628, 0x0723, 0x04DA, 0x017C, 0xFF3C, 0xFE82, 0xFE27, 0xFDFA, 0xFDCA, 0xFD66,
    0xFCA3, 0xFBAB, 0xFAC7, 0xFA42, 0xF9D1, 0xF8E1, 0xF6E1, 0xF463, 0xF287, 0xF22F, 0xF27A, 0xF1EC, 0xEF89, 0xEC4C, 0xE9A7, 0xE859,
    0xE7A3, 0xE6B8, 0xE4E5, 0xE2DD, 0xE1E6, 0xE25F, 0xE390, 0xE51D, 0xE6AA, 0xE838, 0xE9F7, 0xEBCE, 0xEDA4, 0xEF62, 0xF0EE, 0xF231,
    0xF312, 0xF349, 0xF2D0, 0xF1F3, 0xF0FE, 0xF03C, 0xEFFB, 0xF084, 0xF6B5, 0xFC62, 0x0000, 0x0000, 0x0000, 0x0000, 0x0000, 0x0000,
    0x0000, 0x0000, 0x0000, 0x0000, 0x0000, 0x0000, 0x0000, 0x0000, 0x0000, 0x0000, 0x0000, 0x0000, 0x0000, 0x0000, 0x0000, 0x0000,
    0x0000, 0x0000, 0x0000, 0x0000, 0x0000, 0x0000, 0x0000, 0x0000, 0x0000, 0x0000, 0x0000, 0xFFF4, 0xFFDA, 0xFFC7, 0xFFCE, 0x0000,
    0x0093, 0x017B, 0x0268, 0x030C, 0x0319, 0x0062, 0xFD8F, 0xFD2E, 0xFD25, 0xFD5A, 0xFDB4, 0xFE19, 0xFE6F, 0xFEEE, 0xFF99, 0x0000,
    0x001A, 0x0028, 0x002C, 0x0029, 0x0021, 0x0016, 0x000B, 0x0003, 0x0000, 0x0000, 0x0000, 0x0000, 0x0000, 0x0000, 0x0000, 0x0000,
    0x0000, 0x0000, 0x0000, 0x0000, 0x0000, 0x0000, 0x0000, 0x0000, 0x0000, 0x0000, 0x131B, 0x131B, 0x12AA, 0x11D4, 0x1153, 0x11E3,
    0x161D, 0x1BCE, 0x1C7A, 0x0DE8, 0xFDED, 0xFDBC, 0x012E, 0x0186, 0x01AD, 0x01B3, 0x01A6, 0x0198, 0x0197, 0x01A6, 0x01B6, 0x01B6,
    0x0197, 0x013F, 0x00B7, 0x0024, 0xFFAB, 0xFF6C, 0xFF8E, 0x009B, 0x0279, 0x044E, 0x0541, 0x0511, 0x0446, 0x0336, 0x0236, 0x019F,
    0x0168, 0x015A, 0x017C, 0x01DA, 0x027D, 0x04A3, 0x0720, 0x0883, 0x09C5, 0x0AEF, 0x0C0A, 0x0D1E, 0x0E35, 0x0F50, 0x1051, 0x1112,
    0x119F, 0x1222, 0x129D, 0x1310, 0x137E, 0x13E7, 0x144D, 0x14B1, 0x1515, 0x1556, 0x1567, 0x1572, 0x159E, 0x1612, 0x16F5, 0x1AC3,
    0x1E58, 0x1C48, 0x19C5, 0x1C3E, 0x1D94, 0x19CF, 0x1464, 0x0EBF, 0x0A4F, 0x0884, 0x5639, 0x5639, 0x595E, 0x60C9, 0x6971, 0x704C,
    0x7419, 0x7681, 0x78DB, 0x7BB6, 0x7E26, 0x7FD1, 0x809B, 0x80A3, 0x807B, 0x8033, 0x7FDE, 0x7F92, 0x7F5F, 0x7FAA, 0x8048, 0x8070,
    0x7F5F, 0x7D1C, 0x7A43, 0x76FD, 0x7374, 0x6FCF, 0x6C39, 0x6869, 0x643B, 0x6014, 0x5C55, 0x58C3, 0x54FF, 0x5141, 0x4DBE, 0x4AAE,
    0x4846, 0x46BD, 0x45C9, 0x44FB, 0x4453, 0x43D0, 0x4373, 0x433C, 0x432A, 0x433E, 0x4376, 0x43D4, 0x4457, 0x44FF, 0x45CC, 0x46BD,
    0x47E3, 0x4946, 0x4AE0, 0x4CA9, 0x4E9A, 0x50AB, 0x52D6, 0x5511, 0x5757, 0x599F, 0x5BE3, 0x5E1A, 0x603D, 0x6246, 0x642C, 0x65CA,
    0x65B4, 0x6378, 0x6031, 0x5C43, 0x575B, 0x5170, 0x4B5B, 0x45F6, 0x421B, 0x40A1,
};

static const u16 anim_2E_indices[] = {
    0x0001, 0x0000, 0x002F, 0x0001, 0x0001, 0x0000, 0x0001, 0x0000, 0x0001, 0x0030, 0x0001, 0x0000, 0x0001, 0x0000, 0x0001, 0x0000,
    0x002F, 0x05BB, 0x0001, 0x0000, 0x0001, 0x0000, 0x002F, 0x058C, 0x002F, 0x04FF, 0x002F, 0x052E, 0x002F, 0x055D, 0x0001, 0x04FB,
    0x0001, 0x04FC, 0x0001, 0x04FD, 0x002F, 0x00ED, 0x002F, 0x011C, 0x002F, 0x014B, 0x0001, 0x0000, 0x0001, 0x0000, 0x002F, 0x00BE,
    0x002F, 0x0031, 0x002F, 0x0060, 0x002F, 0x008F, 0x0001, 0x04F7, 0x0001, 0x04F8, 0x0001, 0x04F9, 0x002F, 0x0236, 0x002F, 0x0265,
    0x002F, 0x0294, 0x0001, 0x0000, 0x0001, 0x0000, 0x002F, 0x0207, 0x002F, 0x017A, 0x002F, 0x01A9, 0x002F, 0x01D8, 0x0001, 0x0000,
    0x0001, 0x0000, 0x0001, 0x04FA, 0x002F, 0x046A, 0x002F, 0x0499, 0x002F, 0x04C8, 0x0001, 0x0000, 0x0001, 0x0000, 0x002F, 0x043B,
    0x0001, 0x0000, 0x0001, 0x0000, 0x002F, 0x040C, 0x0001, 0x0000, 0x0001, 0x0000, 0x0001, 0x04FE, 0x002F, 0x037F, 0x002F, 0x03AE,
    0x002F, 0x03DD, 0x0001, 0x0000, 0x0001, 0x0000, 0x002F, 0x0350, 0x002F, 0x02C3, 0x002F, 0x02F2, 0x002F, 0x0321,
};

static const s16 anim_2E_values[] = {
    0x0000, 0x0059, 0x005A, 0x005C, 0x005F, 0x0062, 0x0066, 0x006A, 0x006D, 0x0070, 0x0071, 0x0072, 0x0072, 0x0073, 0x0074, 0x0074,
    0x0075, 0x0075, 0x0075, 0x0075, 0x0076, 0x0076, 0x0076, 0x0075, 0x0075, 0x0075, 0x0075, 0x0074, 0x0074, 0x0073, 0x0073, 0x0072,
    0x0071, 0x006E, 0x0067, 0x0060, 0x005A, 0x0056, 0x0053, 0x0050, 0x004E, 0x004E, 0x004E, 0x004E, 0x004E, 0x004E, 0x004E, 0x004E,
    0x3FFF, 0xF5A9, 0xF75E, 0xFAA3, 0xFFBC, 0x0600, 0x0CCA, 0x1371, 0x194F, 0x1DBC, 0x2010, 0x210D, 0x21E1, 0x228F, 0x2316, 0x2378,
    0x23B6, 0x23D1, 0x23CA, 0x23A1, 0x2357, 0x22EE, 0x2267, 0x21C1, 0x20FF, 0x2021, 0x1F29, 0x1E16, 0x1CEA, 0x1BA6, 0x1A4C, 0x18DA,
    0x1754, 0x121E, 0x0857, 0xFE11, 0xF75E, 0xF518, 0xF4CF, 0xF5A9, 0xF6CC, 0xF75E, 0xF75E, 0xF75E, 0xF75E, 0xF75E, 0xF75E, 0xF75E,
    0xF22A, 0xF2F0, 0xF450, 0xF674, 0xF916, 0xFBF0, 0xFEBD, 0x0136, 0x0317, 0x041A, 0x048F, 0x04F4, 0x054B, 0x0592, 0x05CB, 0x05F5,
    0x0611, 0x061E, 0x061E, 0x0610, 0x05F5, 0x05CC, 0x0596, 0x0553, 0x0504, 0x04A8, 0x043F, 0x03CA, 0x034A, 0x02BD, 0x0225, 0x0182,
    0xFF2B, 0xFAB4, 0xF600, 0xF2F0, 0xF1E6, 0xF1C5, 0xF229, 0xF2AD, 0xF2F0, 0xF2F0, 0xF2F0, 0xF2F0, 0xF2F0, 0xF2F0, 0xF2F0, 0xEECC,
    0xEE0A, 0xEC9F, 0xEA70, 0xE7C1, 0xE4D5, 0xE1F2, 0xDF5B, 0xDD56, 0xDC25, 0xDB7B, 0xDAD8, 0xDA3E, 0xD9AF, 0xD929, 0xD8B0, 0xD842,
    0xD7E1, 0xD78E, 0xD749, 0xD714, 0xD6EE, 0xD6D9, 0xD6D6, 0xD6E5, 0xD707, 0xD73D, 0xD787, 0xD7E6, 0xD85C, 0xD8E9, 0xD98D, 0xDCB6,
    0xE300, 0xE9AF, 0xEE0A, 0xEF7F, 0xEFAD, 0xEF21, 0xEE67, 0xEE0A, 0xEE0A, 0xEE0A, 0xEE0A, 0xEE0A, 0xEE0A, 0xEE0A, 0xDCF9, 0xDCA5,
    0xDC12, 0xDB2B, 0xDA0E, 0xD8DB, 0xD7B3, 0xD6B5, 0xD602, 0xD5B8, 0xD5B4, 0xD5BD, 0xD5D2, 0xD5F2, 0xD61D, 0xD650, 0xD68C, 0xD6CE,
    0xD718, 0xD766, 0xD7BA, 0xD810, 0xD86A, 0xD8C5, 0xD921, 0xD97C, 0xD9D7, 0xDA30, 0xDA86, 0xDAD7, 0xDB25, 0xDB6C, 0xDB68, 0xDB37,
    0xDB6F, 0xDCA5, 0xDF17, 0xE256, 0xE5F2, 0xE97D, 0xEC89, 0xEC89, 0xEC89, 0xEC89, 0xEC89, 0xEC89, 0xEC89, 0xE686, 0xE734, 0xE837,
    0xE9C8, 0xEBB5, 0xEDCC, 0xEFDA, 0xF1AC, 0xF310, 0xF3D3, 0xF42F, 0xF481, 0xF4C9, 0xF507, 0xF53B, 0xF564, 0xF584, 0xF599, 0xF5A4,
    0xF5A5, 0xF59C, 0xF589, 0xF56C, 0xF545, 0xF514, 0xF4D8, 0xF493, 0xF444, 0xF3EA, 0xF387, 0xF31A, 0xF2A2, 0xF0A1, 0xECD3, 0xE911,
    0xE734, 0xE7B2, 0xE962, 0xEBB4, 0xEE18, 0xEFFE, 0xEFFE, 0xEFFE, 0xEFFE, 0xEFFE, 0xEFFE, 0xEFFE, 0xD2A9, 0xD3BC, 0xD5B3, 0xD8B9,
    0xDC71, 0xE07D, 0xE481, 0xE820, 0xEAFC, 0xECBA, 0xEDC6, 0xEECC, 0xEFC8, 0xF0BA, 0xF1A1, 0xF279, 0xF342, 0xF3FB, 0xF4A1, 0xF532,
    0xF5AE, 0xF612, 0xF65D, 0xF68E, 0xF6A2, 0xF697, 0xF66D, 0xF622, 0xF5B3, 0xF520, 0xF467, 0xF385, 0xEEB9, 0xE50B, 0xDAA8, 0xD3BC,
    0xD120, 0xD05C, 0xD0AB, 0xD143, 0xD15F, 0xD15F, 0xD15F, 0xD15F, 0xD15F, 0xD15F, 0xD15F, 0x9C34, 0x9B98, 0x9AB8, 0x995B, 0x97AD,
    0x95DD, 0x9418, 0x928B, 0x9165, 0x90D3, 0x90A1, 0x907C, 0x9063, 0x9057, 0x9055, 0x905F, 0x9073, 0x9091, 0x90B8, 0x90E7, 0x911E,
    0x915D, 0x91A3, 0x91EE, 0x9240, 0x9297, 0x92F2, 0x9351, 0x93B4, 0x9419, 0x9481, 0x94EA, 0x9641, 0x98A2, 0x9AD2, 0x9B98, 0x9A9E,
    0x98B0, 0x9645, 0x93D3, 0x91D2, 0x91D2, 0x91D2, 0x91D2, 0x91D2, 0x91D2, 0x91D2, 0x03A5, 0x028B, 0x003C, 0xFCA9, 0xF843, 0xF37C,
    0xEEC8, 0xEA97, 0xE75D, 0xE58B, 0xE49D, 0xE3C3, 0xE2FC, 0xE24A, 0xE1AD, 0xE126, 0xE0B4, 0xE058, 0xE014, 0xDFE6, 0xDFD1, 0xDFD4,
    0xDFEF, 0xE023, 0xE072, 0xE0DA, 0xE15D, 0xE1FB, 0xE2B4, 0xE38A, 0xE47C, 0xE58B, 0xEA19, 0xF2FE, 0xFC69, 0x028B, 0x049B, 0x04DD,
    0x0417, 0x030F, 0x028B, 0x028B, 0x028B, 0x028B, 0x028B, 0x028B, 0x028B, 0x0FE7, 0x1035, 0x10C7, 0x11AA, 0x12C1, 0x13F0, 0x151B,
    0x1624, 0x16F1, 0x1764, 0x179F, 0x17D5, 0x1806, 0x1833, 0x1859, 0x187B, 0x1897, 0x18AE, 0x18BF, 0x18CA, 0x18CF, 0x18CF, 0x18C8,
    0x18BB, 0x18A8, 0x188E, 0x186D, 0x1846, 0x1818, 0x17E3, 0x17A7, 0x1764, 0x1643, 0x140F, 0x11BA, 0x1035, 0x0FB2, 0x0FA2, 0x0FD3,
    0x1014, 0x1035, 0x1035, 0x1035, 0x1035, 0x1035, 0x1035, 0x1035, 0xE5D3, 0xE4FF, 0xE36F, 0xE105, 0xDE0D, 0xDAD4, 0xD7A6, 0xD4D2,
    0xD2A5, 0xD16A, 0xD0CA, 0xD036, 0xCFB0, 0xCF38, 0xCECE, 0xCE73, 0xCE26, 0xCDE8, 0xCDBA, 0xCD9B, 0xCD8D, 0xCD8E, 0xCDA1, 0xCDC4,
    0xCDF9, 0xCE40, 0xCE98, 0xCF03, 0xCF80, 0xD010, 0xD0B3, 0xD16A, 0xD47D, 0xDA7E, 0xE0DA, 0xE4FF, 0xE663, 0xE68F, 0xE60A, 0xE558,
    0xE4FF, 0xE4FF, 0xE4FF, 0xE4FF, 0xE4FF, 0xE4FF, 0xE4FF, 0xE81A, 0xE7A5, 0xE6EA, 0xE5C6, 0xE45F, 0xE2DB, 0xE160, 0xE016, 0xDF24,
    0xDEAE, 0xDE8B, 0xDE73, 0xDE67, 0xDE65, 0xDE6D, 0xDE7F, 0xDE9A, 0xDEBD, 0xDEE8, 0xDF1A, 0xDF52, 0xDF91, 0xDFD4, 0xE01D, 0xE069,
    0xE0B9, 0xE10C, 0xE161, 0xE1B8, 0xE210, 0xE269, 0xE2C1, 0xE41F, 0xE675, 0xE82B, 0xE7A5, 0xE45D, 0xDF6E, 0xD9B2, 0xD400, 0xCF33,
    0xCF33, 0xCF33, 0xCF33, 0xCF33, 0xCF33, 0xCF33, 0xF6B7, 0xF747, 0xF86A, 0xFA2C, 0xFC56, 0xFEB0, 0x00FF, 0x030F, 0x04A6, 0x058C,
    0x0602, 0x066F, 0x06D3, 0x072C, 0x077B, 0x07C0, 0x07FA, 0x0829, 0x084D, 0x0865, 0x0872, 0x0873, 0x0867, 0x084F, 0x082A, 0x07F8,
    0x07B9, 0x076D, 0x0713, 0x06AA, 0x0634, 0x05AE, 0x02DD, 0xFD85, 0xF8A7, 0xF747, 0xFA3C, 0xFF91, 0x0619, 0x0CAA, 0x1218, 0x1218,
    0x1218, 0x1218, 0x1218, 0x1218, 0x1218, 0x2FF5, 0x2EFF, 0x2D53, 0x2AC7, 0x27A6, 0x2439, 0x20CA, 0x1DA2, 0x1B0C, 0x1950, 0x1816,
    0x16D5, 0x1591, 0x144D, 0x130B, 0x11CF, 0x109C, 0x0F74, 0x0E5B, 0x0D54, 0x0C62, 0x0B87, 0x0AC7, 0x0A25, 0x09A4, 0x0947, 0x0910,
    0x0904, 0x0925, 0x0975, 0x09F9, 0x0AB2, 0x103A, 0x1BA3, 0x27A7, 0x2EFF, 0x3088, 0x2F6C, 0x2CD6, 0x29F4, 0x27F3, 0x27F3, 0x27F3,
    0x27F3, 0x27F3, 0x27F3, 0x27F3, 0x78EB, 0x79BB, 0x7B53, 0x7DCA, 0x80D5, 0x8421, 0x8762, 0x8A4B, 0x8C8D, 0x8DDC, 0x8E92, 0x8F3D,
    0x8FDC, 0x906F, 0x90F5, 0x916E, 0x91D8, 0x9233, 0x927F, 0x92BB, 0x92E6, 0x92FF, 0x9306, 0x92FB, 0x92DB, 0x92A8, 0x9260, 0x9203,
    0x918F, 0x9105, 0x9063, 0x8FA9, 0x8B9B, 0x83CC, 0x7C6D, 0x79BB, 0x7CCF, 0x82FB, 0x8ABB, 0x928F, 0x98F9, 0x98F9, 0x98F9, 0x98F9,
    0x98F9, 0x98F9, 0x98F9, 0xFF94, 0xFF94, 0xFF94, 0xFF94, 0xFF94, 0xFF94, 0xFF94, 0xFF94, 0xFF94, 0xFF94, 0xFF94, 0xFF94, 0xFF94,
    0xFF94, 0xFF94, 0xFF94, 0xFF94, 0xFF94, 0xFF94, 0xFF94, 0xFF94, 0xFF94, 0xFF94, 0xFF94, 0xFF94, 0xFF94, 0xFF94, 0xFF94, 0xFF94,
    0xFF94, 0xFF94, 0xFF94, 0xFF94, 0xFF95, 0xFF95, 0xFF94, 0xFF91, 0xFF8D, 0xFF89, 0xFF84, 0xFF81, 0xFF81, 0xFF81, 0xFF81, 0xFF81,
    0xFF81, 0xFF81, 0xFF4F, 0xFF4F, 0xFF4F, 0xFF4F, 0xFF4F, 0xFF4F, 0xFF4F, 0xFF4F, 0xFF4F, 0xFF4F, 0xFF4F, 0xFF4F, 0xFF4F, 0xFF4F,
    0xFF4F, 0xFF4F, 0xFF4F, 0xFF4F, 0xFF4F, 0xFF4F, 0xFF4F, 0xFF4F, 0xFF4F, 0xFF4F, 0xFF4F, 0xFF4F, 0xFF4F, 0xFF4F, 0xFF4F, 0xFF4F,
    0xFF4F, 0xFF4F, 0xFF4E, 0xFF4E, 0xFF4E, 0xFF4F, 0xFF51, 0xFF53, 0xFF56, 0xFF59, 0xFF5C, 0xFF5C, 0xFF5C, 0xFF5C, 0xFF5C, 0xFF5C,
    0xFF5C, 0xE044, 0xE042, 0xE042, 0xE042, 0xE042, 0xE042, 0xE042, 0xE042, 0xE042, 0xE042, 0xE042, 0xE042, 0xE042, 0xE042, 0xE042,
    0xE042, 0xE042, 0xE042, 0xE042, 0xE042, 0xE042, 0xE042, 0xE042, 0xE042, 0xE042, 0xE042, 0xE042, 0xE042, 0xE042, 0xE042, 0xE042,
    0xE042, 0xE02A, 0xE002, 0xDFFA, 0xE042, 0xE0EC, 0xE1D5, 0xE2DD, 0xE3E0, 0xE4BD, 0xE4BD, 0xE4BD, 0xE4BD, 0xE4BD, 0xE4BD, 0xE4BD,
    0x1F1B, 0x1FEB, 0x2151, 0x2368, 0x25F9, 0x28CF, 0x2BB4, 0x2E73, 0x30D7, 0x32A9, 0x342E, 0x35CA, 0x377A, 0x3937, 0x3AFE, 0x3CC8,
    0x3E92, 0x4056, 0x420F, 0x43B9, 0x454E, 0x46CA, 0x4827, 0x4961, 0x4A72, 0x4B57, 0x4C0A, 0x4C85, 0x4CC5, 0x4CC4, 0x4C7D, 0x4BEB,
    0x4578, 0x37C7, 0x2927, 0x1FEB, 0x1D65, 0x1DD5, 0x1FF0, 0x226C, 0x23FE, 0x23FE, 0x23FE, 0x23FE, 0x23FE, 0x23FE, 0x23FE, 0x0AE3,
    0x0ABC, 0x0A7A, 0x0A1B, 0x09A7, 0x0924, 0x089C, 0x0816, 0x079B, 0x0731, 0x06CF, 0x0665, 0x05F4, 0x057D, 0x0503, 0x0486, 0x0407,
    0x0389, 0x030C, 0x0292, 0x021D, 0x01AE, 0x0146, 0x00E6, 0x0091, 0x0047, 0x000A, 0xFFDC, 0xFFBD, 0xFFAF, 0xFFB3, 0xFFCB, 0x0153,
    0x04A8, 0x084A, 0x0ABC, 0x0BB0, 0x0C07, 0x0C02, 0x0BE3, 0x0BEC, 0x0BEC, 0x0BEC, 0x0BEC, 0x0BEC, 0x0BEC, 0x0BEC, 0x0AA4, 0x0AC1,
    0x0AF4, 0x0B42, 0x0BA2, 0x0C0B, 0x0C75, 0x0CD5, 0x0D25, 0x0D5A, 0x0D80, 0x0DA6, 0x0DCD, 0x0DF4, 0x0E1A, 0x0E40, 0x0E65, 0x0E88,
    0x0EAA, 0x0ECA, 0x0EE7, 0x0F01, 0x0F18, 0x0F2B, 0x0F3B, 0x0F46, 0x0F4C, 0x0F4E, 0x0F4A, 0x0F40, 0x0F31, 0x0F1A, 0x0E7C, 0x0D32,
    0x0BC5, 0x0AC1, 0x0A3E, 0x09EF, 0x09BD, 0x0997, 0x0969, 0x0969, 0x0969, 0x0969, 0x0969, 0x0969, 0x0969, 0xA952, 0xA8CC, 0xA7EB,
    0xA69E, 0xA505, 0xA33F, 0xA169, 0x9FA3, 0x9E0A, 0x9CBE, 0x9B96, 0x9A57, 0x9906, 0x97A7, 0x963D, 0x94CE, 0x935C, 0x91EC, 0x9083,
    0x8F24, 0x8DD2, 0x8C94, 0x8B6B, 0x8A5D, 0x896D, 0x88A0, 0x87FA, 0x877E, 0x8731, 0x8717, 0x8734, 0x878C, 0x8C36, 0x964A, 0xA14F,
    0xA8CC, 0xABE2, 0xAD2A, 0xAD64, 0xAD4E, 0xADA6, 0xADA6, 0xADA6, 0xADA6, 0xADA6, 0xADA6, 0xADA6, 0xE31B, 0xE31B, 0xE31B, 0xE31B,
    0xE31B, 0xE31B, 0xE31B, 0xE31B, 0xE31B, 0xE31B, 0xE31B, 0xE31B, 0xE31B, 0xE31B, 0xE31B, 0xE31B, 0xE31B, 0xE31B, 0xE31B, 0xE31B,
    0xE31B, 0xE31B, 0xE31B, 0xE31B, 0xE31B, 0xE31B, 0xE31B, 0xE31B, 0xE31B, 0xE31B, 0xE31B, 0xE31B, 0xE2E9, 0xE295, 0xE285, 0xE31B,
    0xE47F, 0xE667, 0xE88D, 0xEAAB, 0xEC7A, 0xEC7A, 0xEC7A, 0xEC7A, 0xEC7A, 0xEC7A, 0xEC7A, 0x201D, 0x2124, 0x230B, 0x25F3, 0x2986,
    0x2D6D, 0x3153, 0x34DF, 0x37BD, 0x3996, 0x3AD0, 0x3C0C, 0x3D46, 0x3E7B, 0x3FAB, 0x40D0, 0x41EA, 0x42F5, 0x43EF, 0x44D5, 0x45A5,
    0x465B, 0x46F5, 0x4771, 0x47CC, 0x4804, 0x4815, 0x47FD, 0x47B9, 0x4747, 0x46A5, 0x45CF, 0x4071, 0x3561, 0x295E, 0x2124, 0x1DA0,
    0x1C0E, 0x1BA2, 0x1B8E, 0x1B07, 0x1B07, 0x1B07, 0x1B07, 0x1B07, 0x1B07, 0x1B07, 0xF787, 0xF7C8, 0xF83C, 0xF8ED, 0xF9C6, 0xFAB4,
    0xFBA2, 0xFC7C, 0xFD2E, 0xFDA4, 0xFDF5, 0xFE48, 0xFE9B, 0xFEEE, 0xFF40, 0xFF91, 0xFFDE, 0x0028, 0x006E, 0x00B0, 0x00EC, 0x0122,
    0x0150, 0x0177, 0x0196, 0x01AB, 0x01B6, 0x01B6, 0x01AB, 0x0193, 0x016E, 0x013C, 0xFFDF, 0xFD08, 0xF9EF, 0xF7C8, 0xF6D1, 0xF655,
    0xF621, 0xF605, 0xF5CE, 0xF5CE, 0xF5CE, 0xF5CE, 0xF5CE, 0xF5CE, 0xF5CE, 0xF4D5, 0xF4BA, 0xF489, 0xF43D, 0xF3DF, 0xF379, 0xF315,
    0xF2BB, 0xF276, 0xF24E, 0xF239, 0xF225, 0xF213, 0xF202, 0xF1F3, 0xF1E6, 0xF1DA, 0xF1D0, 0xF1C8, 0xF1C2, 0xF1BE, 0xF1BC, 0xF1BD,
    0xF1BF, 0xF1C4, 0xF1CB, 0xF1D4, 0xF1E0, 0xF1EF, 0xF200, 0xF213, 0xF22A, 0xF287, 0xF341, 0xF413, 0xF4BA, 0xF52B, 0xF58B, 0xF5E0,
    0xF62D, 0xF677, 0xF677, 0xF677, 0xF677, 0xF677, 0xF677, 0xF677, 0xA8C5, 0xA7F0, 0xA675, 0xA433, 0xA16C, 0x9E63, 0x9B5B, 0x9895,
    0x9654, 0x94DB, 0x93DA, 0x92D6, 0x91D2, 0x90D0, 0x8FD1, 0x8EDA, 0x8DEA, 0x8D06, 0x8C30, 0x8B68, 0x8AB3, 0x8A12, 0x8987, 0x8915,
    0x88BE, 0x8884, 0x8869, 0x8871, 0x889C, 0x88EE, 0x8969, 0x8A0F, 0x8E5B, 0x9745, 0xA10D, 0xA7F0, 0xAB38, 0xAD13, 0xAE10, 0xAEC3,
    0xAFBC, 0xAFBC, 0xAFBC, 0xAFBC, 0xAFBC, 0xAFBC, 0xAFBC, 0x8001, 0x8001, 0x4171, 0xBF5F, 0x8001, 0x8001, 0x4171, 0xBF5F, 0x0000,
    0x0000, 0x0000, 0x0000, 0xFFFF, 0xFFFF, 0xFFFF, 0xFFFF, 0xFFFF, 0x0000, 0x0006, 0x0010, 0x001A, 0x0027, 0x0039, 0x004C, 0x005E,
    0x0068, 0x006F, 0x007D, 0x009D, 0x00C1, 0x00D5, 0x00E9, 0x010C, 0x0128, 0x0123, 0x0118, 0x012D, 0x0121, 0x00AA, 0x0000, 0xFF81,
    0xFE68, 0xFD24, 0xF87B, 0xEC54, 0xDDA4, 0xD310, 0xD028, 0xD15D, 0xD2A1, 0xD298, 0xD297, 0xD29A, 0xD29F, 0xD2A1, 0x0000, 0x0000,
    0x0000, 0x0000, 0x0000, 0xFFFF, 0xFFFF, 0xFFFF, 0xFFFF, 0x0000, 0x0004, 0x000D, 0x001A, 0x0027, 0x0030, 0x0038, 0x0041, 0x004B,
    0x0057, 0x0060, 0x0061, 0x0066, 0x007F, 0x009A, 0x00A7, 0x00B1, 0x00CA, 0x00D7, 0x00BD, 0x008D, 0x0075, 0x0000, 0xFE83, 0xFCC6,
    0xFB04, 0xFA39, 0xFBAC, 0xFDE8, 0xFF33, 0xFE83, 0xFCE2, 0xFBBD, 0xFB76, 0xFB6D, 0xFB88, 0xFBAB, 0xFBBD, 0xDD50, 0xDDD3, 0xDEB4,
    0xE001, 0xE199, 0xE35F, 0xE535, 0xE6FC, 0xE895, 0xE9E1, 0xEA31, 0xE96F, 0xE6BB, 0xE55B, 0xE682, 0xE814, 0xE87F, 0xE6A8, 0xE45D,
    0xE408, 0xE56F, 0xE5B7, 0xE382, 0xE13B, 0xE15C, 0xE2A2, 0xE1A6, 0xDDE1, 0xDEEA, 0xE039, 0xDA42, 0xD976, 0xD966, 0xD911, 0xD5C1,
    0xD524, 0xDF20, 0xEC77, 0xF6D5, 0xFB72, 0xFD17, 0xFDC5, 0xFE53, 0xFE65, 0xFE30, 0xFDE9, 0xFDC5, 0x013C, 0x0197, 0x0246, 0x035D,
    0x04B5, 0x0625, 0x0786, 0x08AF, 0x097A, 0x09BD, 0x09A4, 0x0979, 0x093B, 0x08ED, 0x0890, 0x0827, 0x07B2, 0x0734, 0x06AD, 0x0621,
    0x058F, 0x04FB, 0x0465, 0x03D0, 0x033C, 0x02AC, 0x0222, 0x019E, 0x0123, 0x00B2, 0x004D, 0xFFF6, 0xFFF5, 0x0064, 0x0105, 0x0197,
    0x0211, 0x0294, 0x0319, 0x0397, 0x0408, 0x0408, 0x0408, 0x0408, 0x0408, 0x0408, 0x0408, 0x7F9E, 0x7F5F, 0x7EEB, 0x7E37, 0x7D59,
    0x7C69, 0x7B7C, 0x7AA9, 0x7A07, 0x79AB, 0x797C, 0x7951, 0x792A, 0x7907, 0x78E8, 0x78CE, 0x78B7, 0x78A5, 0x7898, 0x788F, 0x788B,
    0x788B, 0x7891, 0x789B, 0x78AA, 0x78BF, 0x78D9, 0x78F8, 0x791C, 0x7946, 0x7976, 0x79AB, 0x7AA6, 0x7C8A, 0x7E6C, 0x7F5F, 0x7F2C,
    0x7E65, 0x7D4F, 0x7C2F, 0x7B4C, 0x7B4C, 0x7B4C, 0x7B4C, 0x7B4C, 0x7B4C, 0x7B4C,
};

static const u16 anim_3A_indices[] = {
    0x0001, 0x0000, 0x0006, 0x0001, 0x0006, 0x0007, 0x0001, 0x0000, 0x0001, 0x000D, 0x0001, 0x0000, 0x0001, 0x0000, 0x0001, 0x0000,
    0x0006, 0x00B5, 0x0006, 0x00A3, 0x0006, 0x00A9, 0x0006, 0x00AF, 0x0006, 0x0091, 0x0006, 0x0097, 0x0006, 0x009D, 0x0001, 0x008D,
    0x0001, 0x008E, 0x0001, 0x008F, 0x0006, 0x0017, 0x0006, 0x001D, 0x0006, 0x0023, 0x0001, 0x0000, 0x0001, 0x0000, 0x0006, 0x0011,
    0x0001, 0x000E, 0x0001, 0x000F, 0x0001, 0x0010, 0x0001, 0x0089, 0x0001, 0x008A, 0x0001, 0x008B, 0x0006, 0x0041, 0x0006, 0x0047,
    0x0006, 0x004D, 0x0001, 0x0000, 0x0001, 0x0000, 0x0006, 0x003B, 0x0006, 0x0029, 0x0006, 0x002F, 0x0006, 0x0035, 0x0001, 0x0000,
    0x0001, 0x0000, 0x0001, 0x008C, 0x0006, 0x0077, 0x0006, 0x007D, 0x0006, 0x0083, 0x0001, 0x0000, 0x0001, 0x0000, 0x0006, 0x0071,
    0x0001, 0x006E, 0x0001, 0x006F, 0x0001, 0x0070, 0x0001, 0x0000, 0x0001, 0x0000, 0x0001, 0x0090, 0x0006, 0x005C, 0x0006, 0x0062,
    0x0006, 0x0068, 0x0001, 0x0000, 0x0001, 0x0000, 0x0006, 0x0056, 0x0001, 0x0053, 0x0001, 0x0054, 0x0001, 0x0055,
};

static const s16 anim_3A_values[] = {
    0x0000, 0x0034, 0x0035, 0x0035, 0x0035, 0x0036, 0x0036, 0xFFFE, 0xFFFE, 0xFFFF, 0x0000, 0x0000, 0x0000, 0x3FFF, 0xFF8A, 0xF980,
    0xF06F, 0xBED0, 0xC13B, 0xC6FD, 0xCDDD, 0xD39F, 0xD60A, 0xC400, 0xC064, 0xB7CA, 0xAD85, 0xA4EB, 0xA150, 0xD58C, 0xD49D, 0xD264,
    0xCFBD, 0xCD84, 0xCC95, 0x1569, 0x1B00, 0x2853, 0x383B, 0x458F, 0x4B26, 0x00AD, 0x009B, 0x0070, 0x003D, 0x0012, 0x0000, 0xFCD0,
    0xFD25, 0xFDF0, 0xFEE1, 0xFFAC, 0x0000, 0xE4F6, 0xE5DB, 0xE7FC, 0xEA86, 0xECA7, 0xED8C, 0xC626, 0xC865, 0xCDC0, 0xD424, 0xD97F,
    0xDBBE, 0x4BA5, 0x48E4, 0x4252, 0x3A7A, 0x33E9, 0x3127, 0x1FD6, 0x21AF, 0x2617, 0x2B59, 0x2FC1, 0x319A, 0x340F, 0x3134, 0x2A67,
    0x2249, 0x1B7B, 0x18A1, 0x001B, 0x025B, 0xCB25, 0x385D, 0x3327, 0x26B9, 0x17E4, 0x0B76, 0x0640, 0xF7EF, 0xF8BF, 0xFAB1, 0xFD03,
    0xFEF5, 0xFFC5, 0x07D6, 0x06E2, 0x049D, 0x01E8, 0xFFA5, 0xFEB1, 0x7ACB, 0x7E42, 0x8689, 0x9066, 0x98AA, 0x9C21, 0x0095, 0xFF09,
    0xCC42, 0x3426, 0x2FBE, 0x253C, 0x18B1, 0x0E2F, 0x09C7, 0xFFCB, 0xFFD1, 0xFFDE, 0xFFEE, 0xFFFB, 0x0000, 0xF3CA, 0xF51A, 0xF83C,
    0xFBFA, 0xFF1C, 0x006C, 0x8661, 0x892C, 0x8FD3, 0x97C5, 0x9E6C, 0xA137, 0x8001, 0x8001, 0x4171, 0xBF5F, 0x8001, 0x8001, 0x4171,
    0xBF5F, 0x011E, 0x0100, 0x00B9, 0x0064, 0x001D, 0x0000, 0x030F, 0x0315, 0x0321, 0x0330, 0x033D, 0x0342, 0x2662, 0x24E6, 0x215A,
    0x1D1E, 0x1992, 0x1815, 0xFFF9, 0xFFFA, 0xFFFC, 0xFFFE, 0x0000, 0x0000, 0xFCBC, 0xFCBC, 0xFCBD, 0xFCBD, 0xFCBE, 0xFCBE, 0x144D,
    0x1443, 0x142B, 0x140E, 0x13F6, 0x13EC, 0x1B25, 0x1B7C, 0x1C4B, 0x1D42, 0x1E11, 0x1E68,
};

static const u16 anim_3C_3D_indices[] = {
    0x0001, 0x0000, 0x000B, 0x0001, 0x000B, 0x000C, 0x0001, 0x0000, 0x0001, 0x0017, 0x0001, 0x0000, 0x0001, 0x0000, 0x0001, 0x0000,
    0x000B, 0x0178, 0x000B, 0x0157, 0x000B, 0x0162, 0x000B, 0x016D, 0x000B, 0x0136, 0x000B, 0x0141, 0x000B, 0x014C, 0x0001, 0x0132,
    0x0001, 0x0133, 0x0001, 0x0134, 0x000B, 0x0026, 0x000B, 0x0031, 0x000B, 0x003C, 0x0001, 0x0000, 0x0001, 0x0000, 0x000B, 0x001B,
    0x0001, 0x0018, 0x0001, 0x0019, 0x0001, 0x001A, 0x0001, 0x012E, 0x0001, 0x012F, 0x0001, 0x0130, 0x000B, 0x0073, 0x000B, 0x007E,
    0x000B, 0x0089, 0x0001, 0x0000, 0x0001, 0x0000, 0x000B, 0x0068, 0x000B, 0x0047, 0x000B, 0x0052, 0x000B, 0x005D, 0x0001, 0x0000,
    0x0001, 0x0000, 0x0001, 0x0131, 0x000B, 0x010D, 0x000B, 0x0118, 0x000B, 0x0123, 0x0001, 0x0000, 0x0001, 0x0000, 0x000B, 0x0102,
    0x000B, 0x00E1, 0x000B, 0x00EC, 0x000B, 0x00F7, 0x0001, 0x0000, 0x0001, 0x0000, 0x0001, 0x0135, 0x000B, 0x00C0, 0x000B, 0x00CB,
    0x000B, 0x00D6, 0x0001, 0x0000, 0x0001, 0x0000, 0x000B, 0x00B5, 0x000B, 0x0094, 0x000B, 0x009F, 0x000B, 0x00AA,
};

static const s16 anim_3C_3D_values[] = {
    0x0000, 0x0036, 0x0033, 0x0036, 0x004B, 0x005D, 0x0054, 0x0046, 0x0042, 0x003F, 0x003D, 0x003B, 0x0000, 0xFFE1, 0xFFBC, 0xFFC4,
    0xFFDE, 0x0005, 0x0024, 0x0029, 0x0025, 0x001E, 0x0019, 0x3FFF, 0xFF8A, 0xF980, 0xF06F, 0xD60A, 0xD17C, 0xC895, 0xC27B, 0xC0A3,
    0xBF99, 0xBF26, 0xBF10, 0xBF21, 0xBF1E, 0xBED0, 0x9BD8, 0x782F, 0x36BE, 0x15C5, 0x1F53, 0x3240, 0x4BFD, 0x69FD, 0x89B4, 0xA88E,
    0xC400, 0xC4ED, 0xC9EC, 0xD383, 0xD99D, 0xDAAE, 0xDABE, 0xDA12, 0xD8F0, 0xD7A0, 0xD667, 0xD58C, 0x194D, 0x401B, 0x881B, 0xAEA7,
    0xA88F, 0x98D0, 0x820B, 0x66E0, 0x49F7, 0x2DEF, 0x1569, 0x0000, 0xFFFD, 0xFFF9, 0x0000, 0x0013, 0x002A, 0x0043, 0x005D, 0x0079,
    0x0094, 0x00AD, 0x0000, 0x0012, 0x0024, 0x0000, 0xFFA6, 0xFF3B, 0xFEC5, 0xFE48, 0xFDC8, 0xFD49, 0xFCD0, 0xED8C, 0xEDBC, 0xEDED,
    0xED8C, 0xEC97, 0xEB78, 0xEA3A, 0xE8E9, 0xE791, 0xE63C, 0xE4F6, 0xDBBE, 0xDABE, 0xD87A, 0xD60A, 0xD3D9, 0xD19C, 0xCF56, 0xCD0A,
    0xCABC, 0xC86E, 0xC626, 0x492C, 0x4FF6, 0x5C9E, 0x6392, 0x62D9, 0x607A, 0x5CE8, 0x5897, 0x53FA, 0x4F83, 0x4BA5, 0x2EC5, 0x3DFB,
    0x59F1, 0x6828, 0x6451, 0x5C83, 0x51D2, 0x4553, 0x381B, 0x2B40, 0x1FD6, 0xF657, 0xFDC8, 0x0CC5, 0x1854, 0x1DEA, 0x2282, 0x2661,
    0x29CC, 0x2D09, 0x305E, 0x340F, 0x001B, 0xFFEB, 0xFF8E, 0xFF5D, 0xFF64, 0xFF77, 0xFF94, 0xFFB6, 0xFFDA, 0xFFFE, 0x001B, 0x025B,
    0x0256, 0x024B, 0x0245, 0x0246, 0x0249, 0x024C, 0x0250, 0x0254, 0x0258, 0x025B, 0xCB25, 0xC7C3, 0xC179, 0xBE16, 0xBE95, 0xBFEA,
    0xC1DB, 0xC42E, 0xC6A7, 0xC90D, 0xCB25, 0x5341, 0x562D, 0x5B16, 0x5C37, 0x58E2, 0x5474, 0x4F3C, 0x4984, 0x4399, 0x3DC8, 0x385D,
    0x007E, 0x00AF, 0x00DF, 0x007E, 0xFF8B, 0xFE6C, 0xFD2F, 0xFBDF, 0xFA87, 0xF933, 0xF7EF, 0xFEC4, 0xFE91, 0xFE5D, 0xFEC4, 0xFFC7,
    0x00F5, 0x0245, 0x03A9, 0x0515, 0x067E, 0x07D6, 0x854D, 0x8589, 0x85C4, 0x854D, 0x8422, 0x82C3, 0x813E, 0x7F9F, 0x7DFA, 0x7C59,
    0x7ACB, 0x0095, 0x00AF, 0x00E1, 0x00FB, 0x00F7, 0x00ED, 0x00DE, 0x00CB, 0x00B8, 0x00A5, 0x0095, 0xFF09, 0xFF24, 0xFF56, 0xFF71,
    0xFF6D, 0xFF63, 0xFF53, 0xFF41, 0xFF2D, 0xFF1A, 0xFF09, 0xCC42, 0xC6DF, 0xBCDE, 0xB77B, 0xB845, 0xBA63, 0xBD7A, 0xC12C, 0xC51C,
    0xC8ED, 0xCC42, 0x4A26, 0x4F49, 0x5868, 0x5C13, 0x58F2, 0x543E, 0x4E65, 0x47D6, 0x40FD, 0x3A48, 0x3426, 0x002A, 0x0012, 0xFFE6,
    0xFFC8, 0xFFC1, 0xFFBF, 0xFFBF, 0xFFC2, 0xFFC6, 0xFFC9, 0xFFCB, 0x0063, 0x00A9, 0x00ED, 0x005C, 0xFEF6, 0xFD51, 0xFB80, 0xF992,
    0xF799, 0xF5A6, 0xF3CA, 0xB183, 0xA8A6, 0x975C, 0x8B9F, 0x8841, 0x867C, 0x85E2, 0x8602, 0x866C, 0x86B1, 0x8661, 0x8001, 0x8001,
    0x4171, 0xBF5F, 0x8001, 0x8001, 0x4171, 0xBF5F, 0xFEEA, 0xFF32, 0xFFC4, 0x0031, 0x0064, 0x008C, 0x00AD, 0x00C9, 0x00E4, 0x00FF,
    0x011E, 0x0312, 0x031E, 0x0334, 0x0340, 0x033E, 0x0339, 0x0332, 0x0329, 0x0320, 0x0317, 0x030F, 0x0A30, 0x0DCD, 0x150B, 0x1A89,
    0x1D0E, 0x1F12, 0x20B8, 0x2222, 0x2376, 0x24D4, 0x2662, 0x0000, 0xFFBE, 0xFF42, 0xFEF9, 0xFEF8, 0xFF06, 0xFF1F, 0xFF3F, 0xFF61,
    0xFF82, 0xFF9E, 0xFCBE, 0xFCC9, 0xFCDD, 0xFCE9, 0xFCE9, 0xFCE7, 0xFCE2, 0xFCDD, 0xFCD8, 0xFCD3, 0xFCCE, 0x13EC, 0x1734, 0x1D64,
    0x2100, 0x210D, 0x205C, 0x1F20, 0x1D8E, 0x1BD9, 0x1A35, 0x18D7, 0x4A68, 0x4E5F, 0x5970, 0x6A58, 0x7FD8, 0x98B1, 0xB39F, 0xCF61,
    0xEAB9, 0x0465, 0x1B25,
};

static const u16 anim_48_indices[] = {
    0x0001, 0x0000, 0x004D, 0x0001, 0x0001, 0x0000, 0x0001, 0x0000, 0x0001, 0x004E, 0x0001, 0x0000, 0x0001, 0x0000, 0x0001, 0x0000,
    0x004D, 0x09A8, 0x004D, 0x090E, 0x0001, 0x0000, 0x004D, 0x095B, 0x004D, 0x0874, 0x0001, 0x0000, 0x004D, 0x08C1, 0x0001, 0x0870,
    0x0001, 0x0871, 0x0001, 0x0872, 0x004D, 0x0183, 0x004D, 0x01D0, 0x004D, 0x021D, 0x0001, 0x0000, 0x0001, 0x0000, 0x004D, 0x0136,
    0x004D, 0x004F, 0x004D, 0x009C, 0x004D, 0x00E9, 0x0001, 0x0787, 0x0001, 0x0788, 0x004D, 0x0789, 0x004D, 0x039E, 0x004D, 0x03EB,
    0x004D, 0x0438, 0x0001, 0x0000, 0x0001, 0x0000, 0x004D, 0x0351, 0x004D, 0x026A, 0x004D, 0x02B7, 0x004D, 0x0304, 0x0001, 0x0000,
    0x004D, 0x07D6, 0x004D, 0x0823, 0x004D, 0x06A0, 0x004D, 0x06ED, 0x004D, 0x073A, 0x0001, 0x0000, 0x0001, 0x0000, 0x004D, 0x0653,
    0x0001, 0x0000, 0x0001, 0x0000, 0x004D, 0x0606, 0x0001, 0x0000, 0x0001, 0x0000, 0x0001, 0x0873, 0x004D, 0x051F, 0x004D, 0x056C,
    0x004D, 0x05B9, 0x0001, 0x0000, 0x0001, 0x0000, 0x004D, 0x04D2, 0x0001, 0x0000, 0x0001, 0x0000, 0x004D, 0x0485,
};

static const s16 anim_48_values[] = {
    0x0000, 0x00C0, 0x00BF, 0x00BB, 0x00B7, 0x00B4, 0x00B1, 0x00AE, 0x00AC, 0x00AC, 0x00AD, 0x00AF, 0x00B1, 0x00B3, 0x00B6, 0x00B8,
    0x00BB, 0x00BE, 0x00C0, 0x00C3, 0x00C6, 0x00C8, 0x00CA, 0x00CD, 0x00D0, 0x00D3, 0x00D5, 0x00D8, 0x00D9, 0x00D9, 0x00D9, 0x00D8,
    0x00D5, 0x00D3, 0x00D0, 0x00CD, 0x00CA, 0x00C8, 0x00C5, 0x00C3, 0x00C0, 0x00BD, 0x00BA, 0x00B8, 0x00B5, 0x00B2, 0x00B0, 0x00AE,
    0x00AC, 0x00AB, 0x00AB, 0x00AB, 0x00AC, 0x00AC, 0x00AD, 0x00AE, 0x00B0, 0x00B2, 0x00B6, 0x00BB, 0x00C2, 0x00C6, 0x00C9, 0x00CC,
    0x00CF, 0x00D2, 0x00D4, 0x00D6, 0x00D8, 0x00D9, 0x00D9, 0x00D8, 0x00D6, 0x00D3, 0x00CF, 0x00CA, 0x00C5, 0x00C3, 0x3FFF, 0xDFD1,
    0xDFCB, 0xDFB9, 0xDF9C, 0xDF75, 0xDF46, 0xDF0E, 0xDECF, 0xDE89, 0xDE3F, 0xDDEF, 0xDD9C, 0xDD47, 0xDCEF, 0xDC97, 0xDC3F, 0xDBE7,
    0xDB92, 0xDB3F, 0xDAF0, 0xDAA5, 0xDA5F, 0xDA20, 0xD9E9, 0xD9B9, 0xD992, 0xD975, 0xD964, 0xD95D, 0xD960, 0xD967, 0xD973, 0xD984,
    0xD999, 0xD9B1, 0xD9CD, 0xD9ED, 0xDA10, 0xDA36, 0xDA5F, 0xDA8B, 0xDAB9, 0xDAE9, 0xDB1A, 0xDB4E, 0xDB82, 0xDBB8, 0xDBEF, 0xDC27,
    0xDC5F, 0xDC97, 0xDCCF, 0xDD07, 0xDD3F, 0xDD76, 0xDDAC, 0xDDE0, 0xDE14, 0xDE46, 0xDE75, 0xDEA3, 0xDECF, 0xDEF8, 0xDF1E, 0xDF41,
    0xDF61, 0xDF7D, 0xDF96, 0xDFAA, 0xDFBB, 0xDFC7, 0xDFCE, 0xDFD1, 0xDFD1, 0xDFD1, 0xDFD1, 0xDFD1, 0x047B, 0x0470, 0x0451, 0x041E,
    0x03DB, 0x0387, 0x0326, 0x02B7, 0x023E, 0x01BB, 0x0130, 0x009F, 0x0009, 0xFF71, 0xFED7, 0xFE3C, 0xFDA3, 0xFD0D, 0xFC7C, 0xFBF1,
    0xFB6E, 0xFAF5, 0xFA87, 0xFA25, 0xF9D1, 0xF98E, 0xF95B, 0xF93C, 0xF931, 0xF936, 0xF943, 0xF958, 0xF975, 0xF999, 0xF9C4, 0xF9F6,
    0xFA2D, 0xFA6B, 0xFAAD, 0xFAF5, 0xFB41, 0xFB91, 0xFBE5, 0xFC3C, 0xFC96, 0xFCF2, 0xFD51, 0xFDB1, 0xFE12, 0xFE74, 0xFED7, 0xFF39,
    0xFF9B, 0xFFFC, 0x005B, 0x00BA, 0x0116, 0x0170, 0x01C7, 0x021B, 0x026B, 0x02B7, 0x02FF, 0x0341, 0x037F, 0x03B7, 0x03E8, 0x0413,
    0x0437, 0x0454, 0x0469, 0x0476, 0x047B, 0x047B, 0x047B, 0x047B, 0x047B, 0xED8C, 0xED85, 0xED72, 0xED55, 0xED2C, 0xECFB, 0xECC0,
    0xEC7F, 0xEC36, 0xEBE9, 0xEB96, 0xEB40, 0xEAE6, 0xEA8B, 0xEA2F, 0xE9D3, 0xE978, 0xE91F, 0xE8C9, 0xE876, 0xE828, 0xE7E0, 0xE79E,
    0xE764, 0xE732, 0xE70A, 0xE6EC, 0xE6D9, 0xE6D3, 0xE6D6, 0xE6DD, 0xE6EA, 0xE6FB, 0xE711, 0xE72A, 0xE748, 0xE769, 0xE78E, 0xE7B5,
    0xE7E0, 0xE80D, 0xE83D, 0xE86F, 0xE8A3, 0xE8D8, 0xE90F, 0xE947, 0xE980, 0xE9BA, 0xE9F5, 0xEA2F, 0xEA6A, 0xEAA4, 0xEADE, 0xEB17,
    0xEB50, 0xEB87, 0xEBBC, 0xEBF0, 0xEC22, 0xEC51, 0xEC7F, 0xECA9, 0xECD1, 0xECF6, 0xED17, 0xED34, 0xED4E, 0xED63, 0xED75, 0xED81,
    0xED89, 0xED8C, 0xED8C, 0xED8C, 0xED8C, 0xED8C, 0xDF7F, 0xDF86, 0xDF9A, 0xDFBB, 0xDFE7, 0xE01D, 0xE05D, 0xE0A4, 0xE0F3, 0xE148,
    0xE1A2, 0xE200, 0xE262, 0xE2C5, 0xE32A, 0xE38E, 0xE3F1, 0xE453, 0xE4B1, 0xE50B, 0xE560, 0xE5AF, 0xE5F7, 0xE636, 0xE66C, 0xE698,
    0xE6B9, 0xE6CD, 0xE6D4, 0xE6D1, 0xE6C9, 0xE6BB, 0xE6A9, 0xE691, 0xE675, 0xE655, 0xE631, 0xE609, 0xE5DD, 0xE5AF, 0xE57E, 0xE549,
    0xE513, 0xE4DB, 0xE4A0, 0xE464, 0xE427, 0xE3E8, 0xE3A9, 0xE36A, 0xE32A, 0xE2EA, 0xE2AA, 0xE26B, 0xE22C, 0xE1EF, 0xE1B3, 0xE179,
    0xE140, 0xE10A, 0xE0D6, 0xE0A4, 0xE076, 0xE04A, 0xE023, 0xDFFE, 0xDFDE, 0xDFC2, 0xDFAB, 0xDF98, 0xDF8A, 0xDF82, 0xDF7F, 0xDF7F,
    0xDF7F, 0xDF7F, 0xDF7F, 0xF765, 0xF75F, 0xF74F, 0xF734, 0xF711, 0xF6E5, 0xF6B1, 0xF677, 0xF637, 0xF5F2, 0xF5A9, 0xF55C, 0xF50E,
    0xF4BD, 0xF46C, 0xF41A, 0xF3C9, 0xF37B, 0xF32E, 0xF2E5, 0xF2A0, 0xF260, 0xF226, 0xF1F3, 0xF1C7, 0xF1A3, 0xF188, 0xF178, 0xF172,
    0xF175, 0xF17B, 0xF186, 0xF196, 0xF1A9, 0xF1BF, 0xF1DA, 0xF1F7, 0xF217, 0xF23A, 0xF260, 0xF288, 0xF2B2, 0xF2DF, 0xF30C, 0xF33C,
    0xF36C, 0xF39E, 0xF3D1, 0xF404, 0xF438, 0xF46C, 0xF49F, 0xF4D3, 0xF506, 0xF539, 0xF56B, 0xF59B, 0xF5CB, 0xF5F8, 0xF625, 0xF64F,
    0xF677, 0xF69D, 0xF6C0, 0xF6E0, 0xF6FE, 0xF718, 0xF72E, 0xF741, 0xF751, 0xF75C, 0xF763, 0xF765, 0xF765, 0xF765, 0xF765, 0xF765,
    0xE83F, 0xE843, 0xE84D, 0xE85D, 0xE872, 0xE88C, 0xE8AB, 0xE8CE, 0xE8F4, 0xE91D, 0xE949, 0xE977, 0xE9A6, 0xE9D6, 0xEA07, 0xEA37,
    0xEA68, 0xEA97, 0xEAC5, 0xEAF0, 0xEB19, 0xEB40, 0xEB63, 0xEB81, 0xEB9C, 0xEBB1, 0xEBC1, 0xEBCB, 0xEBCE, 0xEBCD, 0xEBC9, 0xEBC2,
    0xEBB9, 0xEBAD, 0xEBA0, 0xEB90, 0xEB7F, 0xEB6B, 0xEB56, 0xEB40, 0xEB28, 0xEB0F, 0xEAF4, 0xEAD9, 0xEABC, 0xEA9F, 0xEA82, 0xEA63,
    0xEA45, 0xEA26, 0xEA07, 0xE9E8, 0xE9C9, 0xE9AA, 0xE98C, 0xE96E, 0xE951, 0xE935, 0xE919, 0xE8FF, 0xE8E6, 0xE8CE, 0xE8B7, 0xE8A2,
    0xE88F, 0xE87D, 0xE86E, 0xE860, 0xE855, 0xE84C, 0xE845, 0xE841, 0xE83F, 0xE83F, 0xE83F, 0xE83F, 0xE83F, 0xBB44, 0xBB7E, 0xBC23,
    0xBD2E, 0xBE94, 0xC04E, 0xC253, 0xC49B, 0xC71E, 0xC9D3, 0xCCB1, 0xCFB1, 0xD2CB, 0xD5F5, 0xD927, 0xDC59, 0xDF83, 0xE29C, 0xE59C,
    0xE87B, 0xEB30, 0xEDB3, 0xEFFB, 0xF200, 0xF3BA, 0xF520, 0xF62A, 0xF6D0, 0xF709, 0xF6F2, 0xF6AD, 0xF63E, 0xF5A5, 0xF4E6, 0xF401,
    0xF2FB, 0xF1D4, 0xF08F, 0xEF2E, 0xEDB3, 0xEC20, 0xEA78, 0xE8BC, 0xE6EF, 0xE513, 0xE32A, 0xE136, 0xDF3A, 0xDD37, 0xDB30, 0xD927,
    0xD71E, 0xD517, 0xD314, 0xD117, 0xCF24, 0xCD3B, 0xCB5F, 0xC992, 0xC7D6, 0xC62E, 0xC49B, 0xC320, 0xC1BF, 0xC07A, 0xBF53, 0xBE4C,
    0xBD68, 0xBCA9, 0xBC10, 0xBBA0, 0xBB5C, 0xBB44, 0xBB44, 0xBB44, 0xBB44, 0xBB44, 0x0000, 0x0014, 0x0050, 0x00B1, 0x0132, 0x01D2,
    0x028E, 0x0361, 0x044A, 0x0545, 0x064F, 0x0765, 0x0884, 0x09A9, 0x0AD1, 0x0BFA, 0x0D1F, 0x0E3E, 0x0F54, 0x105E, 0x1159, 0x1242,
    0x1315, 0x13D0, 0x1470, 0x14F2, 0x1553, 0x158F, 0x15A3, 0x159B, 0x1582, 0x155A, 0x1522, 0x14DD, 0x148A, 0x142B, 0x13C1, 0x134B,
    0x12CB, 0x1242, 0x11B0, 0x1116, 0x1076, 0x0FCF, 0x0F22, 0x0E71, 0x0DBD, 0x0D04, 0x0C4A, 0x0B8E, 0x0AD1, 0x0A15, 0x0959, 0x089E,
    0x07E6, 0x0731, 0x0680, 0x05D4, 0x052D, 0x048D, 0x03F3, 0x0361, 0x02D8, 0x0258, 0x01E2, 0x0178, 0x0118, 0x00C6, 0x0081, 0x0049,
    0x0021, 0x0008, 0x0000, 0x0000, 0x0000, 0x0000, 0x0000, 0x0000, 0x000D, 0x0035, 0x0074, 0x00CA, 0x0133, 0x01AE, 0x023A, 0x02D3,
    0x0378, 0x0428, 0x04DF, 0x059C, 0x065D, 0x0721, 0x07E4, 0x08A5, 0x0962, 0x0A19, 0x0AC9, 0x0B6E, 0x0C07, 0x0C93, 0x0D0E, 0x0D77,
    0x0DCD, 0x0E0C, 0x0E34, 0x0E42, 0x0E3C, 0x0E2C, 0x0E11, 0x0DED, 0x0DBF, 0x0D89, 0x0D4A, 0x0D04, 0x0CB6, 0x0C62, 0x0C07, 0x0BA7,
    0x0B42, 0x0AD8, 0x0A6A, 0x09F9, 0x0984, 0x090D, 0x0894, 0x0819, 0x079D, 0x0721, 0x06A4, 0x0628, 0x05AE, 0x0534, 0x04BD, 0x0448,
    0x03D7, 0x0369, 0x02FF, 0x029A, 0x023A, 0x01DF, 0x018B, 0x013E, 0x00F7, 0x00B9, 0x0082, 0x0055, 0x0030, 0x0015, 0x0005, 0x0000,
    0x0000, 0x0000, 0x0000, 0x0000, 0xF549, 0xF540, 0xF525, 0xF4FA, 0xF4C1, 0xF47A, 0xF426, 0xF3C8, 0xF361, 0xF2F1, 0xF27B, 0xF1FF,
    0xF17F, 0xF0FD, 0xF079, 0xEFF5, 0xEF72, 0xEEF3, 0xEE77, 0xEE01, 0xED91, 0xED29, 0xECCB, 0xEC78, 0xEC31, 0xEBF7, 0xEBCC, 0xEBB2,
    0xEBA8, 0xEBAC, 0xEBB7, 0xEBC9, 0xEBE2, 0xEC01, 0xEC25, 0xEC50, 0xEC7F, 0xECB4, 0xECEC, 0xED29, 0xED6A, 0xEDAF, 0xEDF6, 0xEE40,
    0xEE8D, 0xEEDC, 0xEF2C, 0xEF7E, 0xEFD1, 0xF025, 0xF079, 0xF0CD, 0xF120, 0xF173, 0xF1C5, 0xF216, 0xF264, 0xF2B1, 0xF2FB, 0xF343,
    0xF387, 0xF3C8, 0xF405, 0xF43E, 0xF472, 0xF4A2, 0xF4CC, 0xF4F1, 0xF510, 0xF528, 0xF53A, 0xF546, 0xF549, 0xF549, 0xF549, 0xF549,
    0xF549, 0xD47F, 0xD48C, 0xD4B4, 0xD4F4, 0xD549, 0xD5B2, 0xD62E, 0xD6B9, 0xD753, 0xD7F8, 0xD8A7, 0xD95E, 0xDA1C, 0xDADD, 0xDBA0,
    0xDC63, 0xDD25, 0xDDE2, 0xDE99, 0xDF48, 0xDFEE, 0xE087, 0xE112, 0xE18E, 0xE1F7, 0xE24D, 0xE28C, 0xE2B4, 0xE2C1, 0xE2BC, 0xE2AB,
    0xE291, 0xE26C, 0xE23F, 0xE208, 0xE1CA, 0xE183, 0xE136, 0xE0E1, 0xE087, 0xE027, 0xDFC2, 0xDF58, 0xDEEA, 0xDE78, 0xDE04, 0xDD8C,
    0xDD13, 0xDC98, 0xDC1C, 0xDBA0, 0xDB24, 0xDAA8, 0xDA2D, 0xD9B4, 0xD93D, 0xD8C8, 0xD856, 0xD7E8, 0xD77E, 0xD719, 0xD6B9, 0xD65F,
    0xD60B, 0xD5BD, 0xD577, 0xD538, 0xD502, 0xD4D4, 0xD4AF, 0xD495, 0xD484, 0xD47F, 0xD47F, 0xD47F, 0xD47F, 0xD47F, 0x0340, 0x0331,
    0x0305, 0x02C0, 0x0262, 0x01EE, 0x0166, 0x00CD, 0x0024, 0xFF70, 0xFEAF, 0xFDE6, 0xFD15, 0xFC41, 0xFB6A, 0xFA94, 0xF9BF, 0xF8EF,
    0xF826, 0xF765, 0xF6B0, 0xF607, 0xF56E, 0xF4E6, 0xF472, 0xF414, 0xF3CE, 0xF3A3, 0xF394, 0xF39A, 0xF3AC, 0xF3C9, 0xF3F1, 0xF424,
    0xF460, 0xF4A4, 0xF4F2, 0xF547, 0xF5A4, 0xF607, 0xF671, 0xF6E0, 0xF754, 0xF7CD, 0xF84A, 0xF8CA, 0xF94D, 0xF9D3, 0xFA5A, 0xFAE2,
    0xFB6A, 0xFBF3, 0xFC7B, 0xFD02, 0xFD88, 0xFE0B, 0xFE8B, 0xFF08, 0xFF81, 0xFFF5, 0x0063, 0x00CD, 0x0130, 0x018D, 0x01E2, 0x0230,
    0x0274, 0x02B0, 0x02E2, 0x030A, 0x0328, 0x033A, 0x0340, 0x0340, 0x0340, 0x0340, 0x0340, 0x2A4A, 0x2A3E, 0x2A1D, 0x29E7, 0x299E,
    0x2944, 0x28DB, 0x2865, 0x27E2, 0x2756, 0x26C1, 0x2625, 0x2584, 0x24E0, 0x243A, 0x2393, 0x22EF, 0x224E, 0x21B2, 0x211D, 0x2091,
    0x200E, 0x1F98, 0x1F2F, 0x1ED5, 0x1E8C, 0x1E56, 0x1E35, 0x1E29, 0x1E2E, 0x1E3C, 0x1E52, 0x1E71, 0x1E98, 0x1EC7, 0x1EFC, 0x1F38,
    0x1F7A, 0x1FC1, 0x200E, 0x2060, 0x20B6, 0x2110, 0x216E, 0x21CE, 0x2231, 0x2297, 0x22FE, 0x2366, 0x23D0, 0x243A, 0x24A3, 0x250D,
    0x2575, 0x25DC, 0x2642, 0x26A5, 0x2705, 0x2763, 0x27BD, 0x2813, 0x2865, 0x28B2, 0x28F9, 0x293B, 0x2977, 0x29AC, 0x29DB, 0x2A02,
    0x2A21, 0x2A37, 0x2A45, 0x2A4A, 0x2A4A, 0x2A4A, 0x2A4A, 0x2A4A, 0xF36B, 0xF32A, 0xF26F, 0xF142, 0xEFAE, 0xEDBB, 0xEB72, 0xE8DF,
    0xE609, 0xE2FA, 0xDFBD, 0xDC59, 0xD8D9, 0xD546, 0xD1AA, 0xCE0E, 0xCA7B, 0xC6FB, 0xC398, 0xC05A, 0xBD4B, 0xBA76, 0xB7E2, 0xB59A,
    0xB3A7, 0xB212, 0xB0E5, 0xB02A, 0xAFE9, 0xB004, 0xB051, 0xB0CF, 0xB17C, 0xB254, 0xB356, 0xB47E, 0xB5CB, 0xB73B, 0xB8C9, 0xBA76,
    0xBC3C, 0xBE1C, 0xC011, 0xC219, 0xC433, 0xC65B, 0xC88F, 0xCACE, 0xCD13, 0xCF5D, 0xD1AA, 0xD3F7, 0xD641, 0xD887, 0xDAC5, 0xDCF9,
    0xDF21, 0xE13B, 0xE344, 0xE539, 0xE718, 0xE8DF, 0xEA8B, 0xEC1A, 0xED89, 0xEED6, 0xEFFF, 0xF100, 0xF1D8, 0xF285, 0xF303, 0xF351,
    0xF36B, 0xF36B, 0xF36B, 0xF36B, 0xF36B, 0xC353, 0xC37E, 0xC3EE, 0xC489, 0xC535, 0xC5DA, 0xC65C, 0xC6A3, 0xC696, 0xC54D, 0xC2E4,
    0xC0C2, 0xC04B, 0xC14B, 0xC293, 0xC417, 0xC5CA, 0xC79F, 0xC98A, 0xCB7E, 0xCD6E, 0xCF4D, 0xD10F, 0xD2A7, 0xD408, 0xD55B, 0xD6BD,
    0xD80F, 0xD932, 0xDA04, 0xDA69, 0xDA3E, 0xD967, 0xD7FB, 0xD633, 0xD41E, 0xD1C9, 0xCF42, 0xCC99, 0xC9DB, 0xC716, 0xC459, 0xC1B2,
    0xBF2F, 0xBCDE, 0xBACF, 0xB90E, 0xB7AA, 0xB6B2, 0xB625, 0xB5F1, 0xB60D, 0xB66E, 0xB70B, 0xB7D9, 0xB8CD, 0xB9DF, 0xBB03, 0xBC2F,
    0xBD5A, 0xBE79, 0xBF82, 0xC06A, 0xC128, 0xC1B2, 0xC211, 0xC258, 0xC289, 0xC2A8, 0xC2B8, 0xC2BC, 0xC2B8, 0xC2AD, 0xC29F, 0xC291,
    0xC287, 0xC283, 0x17EE, 0x1871, 0x19CE, 0x1BBF, 0x1E00, 0x204D, 0x2262, 0x23F9, 0x24CE, 0x2511, 0x2523, 0x250B, 0x24CF, 0x2476,
    0x2406, 0x2388, 0x2301, 0x2277, 0x21F3, 0x217B, 0x2115, 0x20C8, 0x209B, 0x2094, 0x20BB, 0x212F, 0x21FF, 0x231B, 0x2472, 0x25F3,
    0x278E, 0x2933, 0x2AD0, 0x2C7F, 0x2E5C, 0x305F, 0x327D, 0x34AD, 0x36E5, 0x391C, 0x3B48, 0x3D60, 0x3F59, 0x412B, 0x42CB, 0x4431,
    0x4552, 0x4624, 0x469F, 0x46C8, 0x46AE, 0x4656, 0x45C4, 0x44FE, 0x4408, 0x42E7, 0x41A1, 0x4038, 0x3EB3, 0x3D17, 0x3B67, 0x39A9,
    0x37E2, 0x3616, 0x344A, 0x3229, 0x2F73, 0x2C4D, 0x28DE, 0x254A, 0x21B7, 0x1E4A, 0x1B28, 0x1878, 0x165E, 0x14FF, 0x1482, 0x0057,
    0x0058, 0x005A, 0x005C, 0x005F, 0x0062, 0x0064, 0x0067, 0x0068, 0x0068, 0x0068, 0x0068, 0x0068, 0x0067, 0x0066, 0x0065, 0x0064,
    0x0064, 0x0063, 0x0063, 0x0063, 0x0063, 0x0064, 0x0066, 0x0068, 0x006C, 0x0073, 0x007D, 0x0087, 0x0091, 0x0099, 0x009F, 0x00A1,
    0x00A0, 0x009C, 0x0097, 0x0091, 0x008A, 0x0083, 0x007B, 0x0074, 0x006F, 0x006A, 0x0068, 0x0068, 0x0075, 0x008F, 0x00A9, 0x00B5,
    0x00B5, 0x00B4, 0x00B3, 0x00B2, 0x00B0, 0x00AD, 0x00AA, 0x00A6, 0x00A1, 0x009C, 0x0096, 0x008E, 0x0086, 0x007D, 0x0073, 0x0068,
    0x0059, 0x0045, 0x002C, 0x0011, 0xFFF5, 0xFFD8, 0xFFBC, 0xFFA2, 0xFF8C, 0xFF7B, 0xFF6F, 0xFF6B, 0xFFC8, 0xFFBE, 0xFFA4, 0xFF7F,
    0xFF53, 0xFF25, 0xFEFC, 0xFEDB, 0xFEC8, 0xFEBE, 0xFEB7, 0xFEB2, 0xFEAF, 0xFEAD, 0xFEAD, 0xFEAE, 0xFEB0, 0xFEB3, 0xFEB6, 0xFEBA,
    0xFEBD, 0xFEC1, 0xFEC4, 0xFEC6, 0xFEC8, 0xFEC9, 0xFECD, 0xFED1, 0xFED5, 0xFEDA, 0xFEDD, 0xFEE0, 0xFEE1, 0xFEE0, 0xFEDF, 0xFEDD,
    0xFEDA, 0xFED6, 0xFED3, 0xFED0, 0xFECD, 0xFECA, 0xFEC8, 0xFEC7, 0xFEC8, 0xFECE, 0xFEDB, 0xFEE7, 0xFEED, 0xFEED, 0xFEEB, 0xFEEA,
    0xFEE8, 0xFEE5, 0xFEE2, 0xFEDF, 0xFEDC, 0xFED8, 0xFED5, 0xFED2, 0xFECF, 0xFECC, 0xFECA, 0xFEC9, 0xFEC8, 0xFEC7, 0xFEC8, 0xFEC9,
    0xFECB, 0xFECE, 0xFED0, 0xFED3, 0xFED5, 0xFED7, 0xFED9, 0xFEDA, 0xFEDA, 0xA28A, 0xA293, 0xA2B2, 0xA2EF, 0xA352, 0xA3E5, 0xA4AE,
    0xA5B6, 0xA706, 0xA88C, 0xAA2F, 0xABEC, 0xADBF, 0xAFA6, 0xB19C, 0xB39E, 0xB5A9, 0xB7B9, 0xB9CB, 0xBBDA, 0xBDE5, 0xBFE7, 0xC1DC,
    0xC3C2, 0xC594, 0xC784, 0xC9A9, 0xCBD9, 0xCDEA, 0xCFB4, 0xD10C, 0xD1C9, 0xD1C1, 0xD126, 0xD048, 0xCF29, 0xCDCE, 0xCC3A, 0xCA72,
    0xC878, 0xC651, 0xC400, 0xC189, 0xBEF0, 0xBC38, 0xB775, 0xB063, 0xA987, 0xA564, 0xA386, 0xA1CC, 0xA034, 0x9EBD, 0x9D65, 0x9C2C,
    0x9B11, 0x9A12, 0x992D, 0x9863, 0x97B1, 0x9717, 0x9693, 0x9624, 0x95C9, 0x9581, 0x9579, 0x95D4, 0x967E, 0x9765, 0x9876, 0x999F,
    0x9ACE, 0x9BEF, 0x9CF1, 0x9DC0, 0x9E49, 0x9E7B, 0xD74A, 0xD6C1, 0xD552, 0xD33F, 0xD0CA, 0xCE33, 0xCBBC, 0xC9A8, 0xC837, 0xC733,
    0xC639, 0xC54A, 0xC466, 0xC390, 0xC2C7, 0xC20B, 0xC15F, 0xC0C2, 0xC036, 0xBFBB, 0xBF52, 0xBEFB, 0xBEB8, 0xBE89, 0xBE70, 0xBE86,
    0xBEDE, 0xBF6C, 0xC025, 0xC0FE, 0xC1EB, 0xC2E0, 0xC3D2, 0xC4B6, 0xC57F, 0xC623, 0xC696, 0xC6E8, 0xC72A, 0xC752, 0xC756, 0xC72B,
    0xC6C8, 0xC621, 0xC52C, 0xC312, 0xBFAF, 0xBC09, 0xB924, 0xB6BB, 0xB470, 0xB328, 0xB3C5, 0xB5E4, 0xB87A, 0xBB6D, 0xBEA7, 0xC20E,
    0xC58A, 0xC903, 0xCC61, 0xCF8B, 0xD269, 0xD4E4, 0xD6E2, 0xD872, 0xD9B8, 0xDABC, 0xDB85, 0xDC1A, 0xDC84, 0xDCC8, 0xDCEF, 0xDD01,
    0xDD04, 0xDD01, 0xDCFE, 0x2A1A, 0x2B45, 0x2E5E, 0x32CA, 0x37EC, 0x3D29, 0x41E6, 0x4587, 0x4770, 0x483B, 0x48E6, 0x496E, 0x49D1,
    0x4A0B, 0x4A19, 0x49F8, 0x49A4, 0x491B, 0x4859, 0x475C, 0x461F, 0x44A1, 0x42DD, 0x40D1, 0x3E79, 0x3AC3, 0x3508, 0x2DE9, 0x2609,
    0x1E09, 0x168A, 0x102F, 0x0B97, 0x0AA9, 0x0D59, 0x1163, 0x1482, 0x167C, 0x1891, 0x1AB7, 0x1CE4, 0x1F0C, 0x2124, 0x2322, 0x24FC,
    0x26A6, 0x2815, 0x2940, 0x2A1A, 0x2AB3, 0x2B21, 0x2B68, 0x2B8B, 0x2B8F, 0x2B77, 0x2B46, 0x2B01, 0x2AAB, 0x2A48, 0x29DB, 0x2967,
    0x28F2, 0x287E, 0x280F, 0x27A8, 0x272E, 0x2687, 0x25BF, 0x24DF, 0x23F3, 0x2304, 0x221D, 0x2149, 0x2092, 0x2002, 0x1FA4, 0x1F82,
    0x00D0, 0x002B, 0xFE76, 0xFC0A, 0xF93F, 0xF66F, 0xF3F2, 0xF221, 0xF156, 0xF14A, 0xF17B, 0xF1E0, 0xF272, 0xF329, 0xF400, 0xF4EE,
    0xF5EC, 0xF6F3, 0xF7FC, 0xF8FF, 0xF9F5, 0xFAD8, 0xFB9F, 0xFC43, 0xFCBE, 0xFCF7, 0xFCE6, 0xFC9F, 0xFC36, 0xFBBC, 0xFB44, 0xFAE3,
    0xFAAB, 0xFAB0, 0xFAE4, 0xFB28, 0xFB5C, 0xFB7E, 0xFBA1, 0xFBC4, 0xFBE7, 0xFC0A, 0xFC2C, 0xFC4C, 0xFC69, 0xFC84, 0xFC9C, 0xFCAF,
    0xFCBE, 0xFCC7, 0xFCCA, 0xFCC8, 0xFCC1, 0xFCB8, 0xFCAD, 0xFCA0, 0xFC94, 0xFC8A, 0xFC81, 0xFC7C, 0xFC7C, 0xFC81, 0xFC8E, 0xFCA1,
    0xFCBE, 0xFCED, 0xFD32, 0xFD89, 0xFDED, 0xFE58, 0xFEC6, 0xFF30, 0xFF93, 0xFFE9, 0x002C, 0x0058, 0x0068, 0x0000, 0x0005, 0x0011,
    0x0021, 0x002F, 0x0038, 0x0035, 0x0024, 0x0000, 0xFFCB, 0xFF8A, 0xFF41, 0xFEF1, 0xFE9B, 0xFE41, 0xFDE6, 0xFD8B, 0xFD32, 0xFCDC,
    0xFC8B, 0xFC41, 0xFC01, 0xFBCB, 0xFBA1, 0xFB85, 0xFB8E, 0xFBC8, 0xFC24, 0xFC96, 0xFD0F, 0xFD83, 0xFDE4, 0xFE23, 0xFE20, 0xFDE3,
    0xFD9D, 0xFD82, 0xFD90, 0xFDA5, 0xFDC0, 0xFDDE, 0xFE00, 0xFE23, 0xFE46, 0xFE68, 0xFE87, 0xFEA2, 0xFEB8, 0xFEC8, 0xFED2, 0xFED9,
    0xFEDF, 0xFEE2, 0xFEE3, 0xFEE3, 0xFEE1, 0xFEDF, 0xFEDC, 0xFED8, 0xFED4, 0xFED0, 0xFECD, 0xFECA, 0xFEC8, 0xFEC8, 0xFEC8, 0xFEC8,
    0xFEC8, 0xFEC8, 0xFEC8, 0xFEC8, 0xFEC8, 0xFEC8, 0xFEC8, 0xFEC8, 0xFEC8, 0xFEC8, 0xCE23, 0xCD34, 0xCABC, 0xC73A, 0xC32B, 0xBF0E,
    0xBB62, 0xB8A3, 0xB752, 0xB6FC, 0xB6D9, 0xB6E6, 0xB721, 0xB786, 0xB813, 0xB8C5, 0xB998, 0xBA8A, 0xBB98, 0xBCBE, 0xBDFB, 0xBF4A,
    0xC0A9, 0xC215, 0xC38B, 0xC57F, 0xC83D, 0xCB81, 0xCF0B, 0xD299, 0xD5E8, 0xD8B6, 0xDAC3, 0xDADB, 0xD914, 0xD719, 0xD693, 0xD76C,
    0xD86C, 0xD98F, 0xDAD0, 0xDC2B, 0xDD9C, 0xDF1D, 0xE0AA, 0xE23E, 0xE3D6, 0xE56D, 0xE6FD, 0xE890, 0xEA2E, 0xEBD7, 0xED89, 0xEF41,
    0xF0FE, 0xF2BF, 0xF480, 0xF641, 0xF800, 0xF9BA, 0xFB6F, 0xFD1B, 0xFEBF, 0x0055, 0x01E0, 0x0373, 0x0520, 0x06D9, 0x0894, 0x0A46,
    0x0BE3, 0x0D5F, 0x0EB0, 0x0FCA, 0x10A1, 0x112B, 0x115B, 0x8001, 0x8001, 0x4171, 0x4178, 0x418C, 0x41AD, 0x41D9, 0x420F, 0x424E,
    0x4296, 0x42E5, 0x433A, 0x4394, 0x43F2, 0x4454, 0x44B7, 0x451B, 0x4580, 0x45E3, 0x4644, 0x46A3, 0x46FD, 0x4752, 0x47A1, 0x47E8,
    0x4828, 0x485E, 0x488A, 0x48AB, 0x48BF, 0x48C6, 0x47A9, 0x4531, 0x42AE, 0x4171, 0x4148, 0x4124, 0x4103, 0x40E6, 0x40CD, 0x40B8,
    0x40A5, 0x4096, 0x408A, 0x4081, 0x407A, 0x4076, 0x4074, 0x4074, 0x4077, 0x407B, 0x4081, 0x4088, 0x4091, 0x409B, 0x40A6, 0x40B3,
    0x40BF, 0x40CD, 0x40DB, 0x40E9, 0x40F7, 0x4105, 0x4113, 0x4121, 0x412E, 0x413A, 0x4146, 0x4150, 0x4159, 0x4161, 0x4168, 0x416D,
    0x4170, 0x4171, 0x4171, 0x4171, 0x4171, 0x4171, 0x0000, 0xFF5B, 0xFDA6, 0xFB3B, 0xF877, 0xF5B2, 0xF348, 0xF193, 0xF0ED, 0xF111,
    0xF175, 0xF213, 0xF2E1, 0xF3D8, 0xF4F1, 0xF622, 0xF763, 0xF8AE, 0xF9F8, 0xFB3C, 0xFC6F, 0xFD8B, 0xFE88, 0xFF5C, 0x0000, 0x0073,
    0x00BF, 0x00E8, 0x00F5, 0x00EA, 0x00CE, 0x00A7, 0x007A, 0x004D, 0x0026, 0x000A, 0x0000, 0x0000, 0x0000, 0x0000, 0x0000, 0x0000,
    0x0000, 0x0000, 0x0000, 0x0000, 0x0000, 0x0000, 0x0000, 0x0000, 0x0000, 0x0000, 0x0000, 0x0000, 0x0000, 0x0000, 0x0000, 0x0000,
    0x0000, 0x0000, 0x0000, 0x0000, 0x0000, 0x0000, 0x0000, 0x0000, 0x0000, 0x0000, 0x0000, 0x0000, 0x0000, 0x0000, 0x0000, 0x0000,
    0x0000, 0x0000, 0x0000, 0xC5E4, 0xC5E6, 0xC5DC, 0xC5AD, 0xC543, 0xC484, 0xC35A, 0xC1AA, 0xBF5F, 0xBC8A, 0xB95A, 0xB5DC, 0xB21E,
    0xAE31, 0xAA21, 0xA5FE, 0xA1D6, 0x9DB8, 0x99B3, 0x95D4, 0x922A, 0x8EC5, 0x8BB2, 0x8900, 0x86BD, 0x850A, 0x83EE, 0x8353, 0x8325,
    0x834C, 0x83B5, 0x8448, 0x84F1, 0x859A, 0x862D, 0x8696, 0x86BD, 0x86BD, 0x86BD, 0x86BD, 0x86BD, 0x86BD, 0x86BD, 0x86BD, 0x86BD,
    0x86BD, 0x86BD, 0x86BD, 0x86BD, 0x86BD, 0x86BD, 0x86BD, 0x86BD, 0x86BD, 0x86BD, 0x86BD, 0x86BD, 0x86BD, 0x86BD, 0x86BD, 0x86BD,
    0x86BD, 0x86BD, 0x86BD, 0x86BD, 0x86BD, 0x86BD, 0x86BD, 0x86BD, 0x86BD, 0x86BD, 0x86BD, 0x86BD, 0x86BD, 0x86BD, 0x86BD, 0x86BD,
    0x8001, 0x8001, 0x4171, 0xBF5F, 0x06A3, 0x069B, 0x0685, 0x0660, 0x062E, 0x05F0, 0x05A6, 0x0552, 0x04F5, 0x048E, 0x0420, 0x03AB,
    0x0330, 0x02B0, 0x022C, 0x01A4, 0x011A, 0x008E, 0x0002, 0xFF77, 0xFEEC, 0xFE63, 0xFDDD, 0xFD5B, 0xFCDE, 0xFC66, 0xFBF5, 0xFB8B,
    0xFB29, 0xFAD0, 0xFA82, 0xFA3F, 0xFA07, 0xF9DC, 0xF9BF, 0xF9B0, 0xF9B1, 0xF9C1, 0xF9DE, 0xFA07, 0xFA3D, 0xFA7E, 0xFAC9, 0xFB1E,
    0xFB7C, 0xFBE2, 0xFC50, 0xFCC5, 0xFD40, 0xFDC1, 0xFE47, 0xFED0, 0xFF5D, 0xFFEC, 0x007D, 0x010F, 0x01A2, 0x0235, 0x02C7, 0x0358,
    0x03E6, 0x0470, 0x04F7, 0x057A, 0x05F7, 0x066F, 0x06E0, 0x0749, 0x07AA, 0x0803, 0x0852, 0x0897, 0x08D1, 0x08FF, 0x0921, 0x0936,
    0x093D, 0x0154, 0x0168, 0x0199, 0x01D5, 0x020D, 0x0246, 0x0287, 0x02BA, 0x02CC, 0x02C0, 0x02A6, 0x0283, 0x025A, 0x0230, 0x0209,
    0x01E9, 0x01D3, 0x01C3, 0x01B4, 0x01A5, 0x0197, 0x0189, 0x017C, 0x0170, 0x0166, 0x015D, 0x0156, 0x0151, 0x014E, 0x014D, 0x014F,
    0x0154, 0x015B, 0x016A, 0x0182, 0x01A2, 0x01C7, 0x01F1, 0x021C, 0x0246, 0x026E, 0x0292, 0x02B0, 0x02C5, 0x02D0, 0x02D2, 0x02D0,
    0x02C9, 0x02BF, 0x02B2, 0x02A2, 0x0290, 0x027C, 0x0268, 0x0252, 0x023D, 0x0228, 0x0214, 0x0202, 0x01F2, 0x01E4, 0x01D7, 0x01CA,
    0x01BD, 0x01B0, 0x01A2, 0x0195, 0x0188, 0x017C, 0x0171, 0x0166, 0x015D, 0x0155, 0x014F, 0x014A, 0x0147, 0x0146, 0xF9E6, 0xFA31,
    0xFA82, 0xFADA, 0xFB38, 0xFB9C, 0xFC04, 0xFC70, 0xFCE1, 0xFD54, 0xFDCB, 0xFE43, 0xFEBD, 0xFF38, 0xFFB3, 0x002E, 0x00A9, 0x0123,
    0x019B, 0x0211, 0x0284, 0x02F4, 0x0360, 0x03C8, 0x042A, 0x0488, 0x04DF, 0x0530, 0x0579, 0x05BB, 0x05F5, 0x0626, 0x064E, 0x066C,
    0x067F, 0x0688, 0x0685, 0x0677, 0x065F, 0x063E, 0x0613, 0x05DF, 0x05A4, 0x0560, 0x0516, 0x04C4, 0x046C, 0x040E, 0x03AA, 0x0342,
    0x02D5, 0x0264, 0x01EF, 0x0177, 0x00FC, 0x007E, 0x0000, 0xFF80, 0xFEFF, 0xFE7D, 0xFDFB, 0xFD7A, 0xFCF9, 0xFC7A, 0xFBFC, 0xFB81,
    0xFB09, 0xFA94, 0xFA22, 0xF9B5, 0xF94C, 0xF8E8, 0xF889, 0xF830, 0xF7DE, 0xF793, 0xF74F, 0xFFC6, 0xFFCF, 0xFFE7, 0x0007, 0x002D,
    0x0053, 0x0072, 0x0086, 0x0089, 0x0081, 0x0076, 0x0069, 0x0059, 0x0047, 0x0034, 0x001F, 0x0009, 0xFFF3, 0xFFDB, 0xFFC3, 0xFFAC,
    0xFF94, 0xFF7D, 0xFF67, 0xFF52, 0xFF3F, 0xFF2D, 0xFF1D, 0xFF0F, 0xFF04, 0xFEFC, 0xFEF7, 0xFEF6, 0xFEFA, 0xFF07, 0xFF1B, 0xFF35,
    0xFF54, 0xFF76, 0xFF9B, 0xFFC1, 0xFFE7, 0x000B, 0x002E, 0x004E, 0x0068, 0x007E, 0x008C, 0x0092, 0x0093, 0x0091, 0x008C, 0x0085,
    0x007C, 0x0072, 0x0066, 0x0058, 0x0049, 0x0039, 0x0028, 0x0017, 0x0005, 0xFFF4, 0xFFE1, 0xFFCF, 0xFFBD, 0xFFAC, 0xFF9B, 0xFF8C,
    0xFF7D, 0xFF70, 0xFF64, 0xFF5A, 0xFF52, 0xFF4C, 0xFF48, 0xFF47, 0x3B05, 0x3B16, 0x3B40, 0x3B7C, 0x3BC1, 0x3C06, 0x3C42, 0x3C6D,
    0x3C7D, 0x3C7C, 0x3C78, 0x3C71, 0x3C68, 0x3C5D, 0x3C51, 0x3C42, 0x3C33, 0x3C22, 0x3C10, 0x3BFD, 0x3BE9, 0x3BD5, 0x3BC1, 0x3BAD,
    0x3B99, 0x3B86, 0x3B73, 0x3B61, 0x3B50, 0x3B40, 0x3B32, 0x3B25, 0x3B1A, 0x3B12, 0x3B0B, 0x3B07, 0x3B05, 0x3B16, 0x3B40, 0x3B7C,
    0x3BC1, 0x3C06, 0x3C42, 0x3C6D, 0x3C7D, 0x3C7C, 0x3C79, 0x3C74, 0x3C6D, 0x3C64, 0x3C5A, 0x3C4F, 0x3C42, 0x3C35, 0x3C26, 0x3C16,
    0x3C06, 0x3BF6, 0x3BE4, 0x3BD3, 0x3BC1, 0x3BB0, 0x3B9E, 0x3B8D, 0x3B7C, 0x3B6C, 0x3B5D, 0x3B4E, 0x3B40, 0x3B34, 0x3B28, 0x3B1E,
    0x3B16, 0x3B0F, 0x3B0A, 0x3B07, 0x3B05,
};

static const u16 anim_4B_indices[] = {
    0x0001, 0x0000, 0x0012, 0x0001, 0x0012, 0x0013, 0x0001, 0x0000, 0x0001, 0x0025, 0x0001, 0x0000, 0x0001, 0x0000, 0x0001, 0x0000,
    0x0012, 0x02A3, 0x0012, 0x026D, 0x0012, 0x027F, 0x0012, 0x0291, 0x0012, 0x0237, 0x0012, 0x0249, 0x0012, 0x025B, 0x0001, 0x0233,
    0x0001, 0x0234, 0x0001, 0x0235, 0x0012, 0x006E, 0x0012, 0x0080, 0x0012, 0x0092, 0x0001, 0x0000, 0x0001, 0x0000, 0x0012, 0x005C,
    0x0012, 0x0026, 0x0012, 0x0038, 0x0012, 0x004A, 0x0001, 0x021E, 0x0001, 0x021F, 0x0001, 0x0220, 0x0012, 0x00EC, 0x0012, 0x00FE,
    0x0012, 0x0110, 0x0001, 0x0000, 0x0001, 0x0000, 0x0012, 0x00DA, 0x0012, 0x00A4, 0x0012, 0x00B6, 0x0012, 0x00C8, 0x0001, 0x0000,
    0x0001, 0x0000, 0x0012, 0x0221, 0x0012, 0x01E8, 0x0012, 0x01FA, 0x0012, 0x020C, 0x0001, 0x0000, 0x0001, 0x0000, 0x0012, 0x01D6,
    0x0012, 0x01A0, 0x0012, 0x01B2, 0x0012, 0x01C4, 0x0001, 0x0000, 0x0001, 0x0000, 0x0001, 0x0236, 0x0012, 0x016A, 0x0012, 0x017C,
    0x0012, 0x018E, 0x0001, 0x0000, 0x0001, 0x0000, 0x0012, 0x0158, 0x0012, 0x0122, 0x0012, 0x0134, 0x0012, 0x0146,
};

static const s16 anim_4B_values[] = {
    0x0000, 0x00AC, 0x0091, 0x0074, 0x006E, 0x0077, 0x0081, 0x0087, 0x008D, 0x0092, 0x0097, 0x009A, 0x009E, 0x00A2, 0x00A5, 0x00A7,
    0x00AA, 0x00AB, 0x00AC, 0x0000, 0x0000, 0x0000, 0x0000, 0x0000, 0x0000, 0x0000, 0x0000, 0x0000, 0x0000, 0x0000, 0x0000, 0x0000,
    0x0000, 0x0000, 0x0000, 0x0000, 0x0000, 0x3FFF, 0xFFFB, 0xFFFE, 0x0000, 0x0001, 0x0000, 0x0000, 0x0000, 0x0000, 0x0000, 0x0000,
    0x0000, 0x0000, 0x0000, 0x0000, 0x0000, 0x0000, 0x0000, 0x0000, 0xFBF5, 0xFA84, 0xF97C, 0xF930, 0xF956, 0xF97C, 0xF97C, 0xF97C,
    0xF97C, 0xF97C, 0xF97C, 0xF97C, 0xF97C, 0xF97C, 0xF97C, 0xF97C, 0xF97C, 0xF97C, 0xF317, 0xEFD9, 0xED8C, 0xECE9, 0xED3A, 0xED8C,
    0xED8C, 0xED8C, 0xED8C, 0xED8C, 0xED8C, 0xED8C, 0xED8C, 0xED8C, 0xED8C, 0xED8C, 0xED8C, 0xED8C, 0xE131, 0xD7C6, 0xD111, 0xCF4A,
    0xD054, 0xD111, 0xD08E, 0xCFF1, 0xCF40, 0xCE83, 0xCDC2, 0xCD03, 0xCC4E, 0xCBA9, 0xCB1D, 0xCAAF, 0xCA68, 0xCA4F, 0xC457, 0xD408,
    0xDF2E, 0xE1D9, 0xDFE4, 0xDF2E, 0xE14B, 0xE3D6, 0xE6B0, 0xE9BB, 0xECDB, 0xEFF0, 0xF2DE, 0xF587, 0xF7CC, 0xF990, 0xFAB5, 0xFB1D,
    0xE169, 0xDF53, 0xDDCA, 0xDD73, 0xDDDD, 0xDDCA, 0xDCF7, 0xDBF8, 0xDADA, 0xD9A9, 0xD870, 0xD73B, 0xD616, 0xD50C, 0xD428, 0xD377,
    0xD305, 0xD2DC, 0xF0C9, 0xF3BB, 0xF5F0, 0xF735, 0xF750, 0xF5F0, 0xF36C, 0xF066, 0xED01, 0xE962, 0xE5AA, 0xE1FF, 0xDE83, 0xDB59,
    0xD8A6, 0xD68C, 0xD530, 0xD4B4, 0x0853, 0x0C76, 0x0E42, 0x0E03, 0x0D74, 0x0CA1, 0x0B98, 0x0A65, 0x0913, 0x07B1, 0x0649, 0x04E9,
    0x039D, 0x0271, 0x0172, 0x00AC, 0x002D, 0x0000, 0x01F4, 0x00AF, 0x0000, 0xFFD2, 0xFFB1, 0xFF9A, 0xFF8E, 0xFF8A, 0xFF8E, 0xFF97,
    0xFFA4, 0xFFB4, 0xFFC5, 0xFFD7, 0xFFE7, 0xFFF4, 0xFFFD, 0x0000, 0xF19A, 0xF3FA, 0xF549, 0xF594, 0xF5CA, 0xF5EE, 0xF602, 0xF608,
    0xF602, 0xF5F4, 0xF5DF, 0xF5C5, 0xF5A8, 0xF58C, 0xF572, 0xF55D, 0xF54F, 0xF549, 0xDBB7, 0xCE5E, 0xC729, 0xC544, 0xC3EA, 0xC30B,
    0xC296, 0xC27E, 0xC2B1, 0xC322, 0xC3BF, 0xC479, 0xC542, 0xC609, 0xC6BE, 0xC754, 0xC7B8, 0xC7DD, 0x910E, 0xB55A, 0xC2FA, 0xBD41,
    0xB40E, 0xA7F6, 0x998A, 0x895D, 0x7803, 0x660C, 0x540D, 0x4299, 0x3241, 0x2399, 0x1733, 0x0DA2, 0x077A, 0x054B, 0x3F7A, 0x4F79,
    0x56C5, 0x569C, 0x555A, 0x5329, 0x5032, 0x4CA1, 0x489E, 0x4455, 0x3FEF, 0x3B97, 0x3776, 0x33B7, 0x3084, 0x2E07, 0x2C69, 0x2BD6,
    0x4D31, 0x7564, 0x8550, 0x806E, 0x77FC, 0x6C8E, 0x5EB8, 0x4F0D, 0x3E23, 0x2C8C, 0x1ADD, 0x09A9, 0xF986, 0xEB06, 0xDEBD, 0xD53F,
    0xCF21, 0xCCF6, 0x0804, 0x0976, 0x09C7, 0x08FF, 0x06CF, 0x09B3, 0x0912, 0x0841, 0x074D, 0x0641, 0x0529, 0x0410, 0x0303, 0x020C,
    0x0138, 0x0092, 0x0026, 0x0000, 0x021D, 0x01FF, 0x017E, 0x0159, 0x00E3, 0x009B, 0x0078, 0x0052, 0x002A, 0x0001, 0xFFDA, 0xFFB4,
    0xFF90, 0xFF71, 0xFF56, 0xFF42, 0xFF35, 0xFF30, 0xB85F, 0xABEE, 0xA47F, 0xA419, 0xAB4E, 0xAEAE, 0xB130, 0xB3F4, 0xB6E3, 0xB9E6,
    0xBCE5, 0xBFC9, 0xC27B, 0xC4E4, 0xC6EC, 0xC87C, 0xC97D, 0xC9D8, 0x2BC9, 0x3F59, 0x4FF9, 0x53E3, 0x4BD3, 0x4703, 0x4344, 0x3F21,
    0x3ABC, 0x363A, 0x31BB, 0x2D65, 0x2959, 0x25BB, 0x22AE, 0x2055, 0x1ED2, 0x1E4A, 0x0D04, 0x0B26, 0x0976, 0x082A, 0x0735, 0x0838,
    0x09DF, 0x0BBB, 0x0DBC, 0x0FCF, 0x11E4, 0x13EA, 0x15CF, 0x1783, 0x18F4, 0x1A10, 0x1AC8, 0x1B09, 0x0C6D, 0x11DB, 0x1688, 0x17E4,
    0x17C6, 0x16F8, 0x1670, 0x15DA, 0x153C, 0x149A, 0x13F9, 0x135E, 0x12CE, 0x124D, 0x11E0, 0x118D, 0x1157, 0x1144, 0xAFE5, 0xA399,
    0x98F2, 0x9504, 0x9431, 0x9699, 0x9895, 0x9AC7, 0x9D1C, 0x9F82, 0xA1E6, 0xA436, 0xA65E, 0xA84B, 0xA9EC, 0xAB2D, 0xABFB, 0xAC44,
    0xFF48, 0xFEC8, 0xFE62, 0xFE7D, 0x0000, 0x0036, 0x0035, 0x0032, 0x002C, 0x0026, 0x001F, 0x0017, 0x0010, 0x000A, 0x0004, 0x0001,
    0x0000, 0x0000, 0x00ED, 0x0182, 0x01D8, 0x00AA, 0x0000, 0x023E, 0x0231, 0x020C, 0x01D5, 0x0191, 0x0146, 0x00F8, 0x00AC, 0x0068,
    0x0032, 0x000D, 0x0000, 0x0000, 0xC3DF, 0xB992, 0xB0C9, 0xAEAD, 0xB449, 0xACB9, 0xADE9, 0xAF90, 0xB18E, 0xB3C6, 0xB616, 0xB861,
    0xBA87, 0xBC6A, 0xBDE9, 0xBEE5, 0xBF40, 0xBF40, 0x4CAD, 0x4BE9, 0x4C30, 0x526E, 0x4928, 0x4998, 0x4645, 0x426A, 0x3E33, 0x39CF,
    0x356C, 0x3137, 0x2D60, 0x2A13, 0x277E, 0x25D0, 0x2537, 0x2537, 0xF4BA, 0xF6B3, 0xF83A, 0xF777, 0xF749, 0xF1FB, 0xEF11, 0xEBE3,
    0xE890, 0xE535, 0xE1EE, 0xDED8, 0xDC11, 0xD9B6, 0xD7E3, 0xD6B5, 0xD64A, 0xD64A, 0xEE97, 0xEDD8, 0xED20, 0xECC5, 0xEBDC, 0xED15,
    0xED17, 0xED0E, 0xECFC, 0xECE3, 0xECC6, 0xECA7, 0xEC88, 0xEC6D, 0xEC56, 0xEC46, 0xEC41, 0xEC41, 0x8DAA, 0x8C24, 0x8AE6, 0x8C61,
    0x8B9C, 0x94AC, 0x9855, 0x9C3B, 0xA03E, 0xA43E, 0xA81D, 0xABBA, 0xAEF5, 0xB1B0, 0xB3CA, 0xB524, 0xB59E, 0xB59E, 0x7FFF, 0x7FFF,
    0x4171, 0xBFC7, 0xBFD4, 0xBF5F, 0xBB4C, 0xBF5F, 0xBF5F, 0xBF5F, 0xBF5F, 0xBF5F, 0xBF5F, 0xBF5F, 0xBF5F, 0xBF5F, 0xBF5F, 0xBF5F,
    0xBF5F, 0xBF5F, 0xBF5F, 0x7FFF, 0x7FFF, 0x4171, 0xBF5F, 0x007F, 0x0074, 0x0064, 0x0051, 0x001B, 0xFFEE, 0xFFE9, 0xFFE7, 0xFFE7,
    0xFFE8, 0xFFEB, 0xFFEE, 0xFFF2, 0xFFF7, 0xFFFA, 0xFFFE, 0x0000, 0x0000, 0x01C7, 0x018E, 0x0157, 0x012F, 0x013A, 0x014A, 0x0131,
    0x0113, 0x00F2, 0x00CE, 0x00A9, 0x0084, 0x0061, 0x0042, 0x0027, 0x0012, 0x0004, 0x0000, 0x03D6, 0x03D4, 0x0433, 0x058F, 0x0BF0,
    0x10F4, 0x1000, 0x0E85, 0x0CA2, 0x0A74, 0x0819, 0x05AF, 0x0352, 0x0121, 0xFF3A, 0xFDB9, 0xFCBD, 0xFC62, 0x004A, 0x0091, 0x00CB,
    0x00E4, 0x00E2, 0x00D9, 0x00CB, 0x00B9, 0x00A4, 0x008C, 0x0074, 0x005B, 0x0043, 0x002E, 0x001B, 0x000C, 0x0003, 0x0000, 0xFF5E,
    0xFF66, 0xFF6F, 0xFF79, 0xFF82, 0xFF8D, 0xFF99, 0xFFA6, 0xFFB3, 0xFFC0, 0xFFCC, 0xFFD8, 0xFFE3, 0xFFED, 0xFFF5, 0xFFFB, 0xFFFF,
    0x0000, 0x173E, 0x1950, 0x1AA2, 0x1AD1, 0x1A19, 0x1909, 0x17B0, 0x161F, 0x1466, 0x1297, 0x10C0, 0x0EF3, 0x0D40, 0x0BB7, 0x0A69,
    0x0966, 0x08BF, 0x0884, 0x4196, 0x4669, 0x48C7, 0x48F9, 0x48E6, 0x4897, 0x4816, 0x476D, 0x46A6, 0x45CB, 0x44E5, 0x43FE, 0x431F,
    0x4254, 0x41A4, 0x411B, 0x40C1, 0x40A1,
};

static const u16 anim_4C_indices[] = {
    0x0001, 0x0000, 0x0001, 0x0001, 0x0009, 0x0002, 0x0001, 0x0000, 0x0001, 0x000B, 0x0001, 0x0000, 0x0001, 0x0000, 0x0001, 0x0000,
    0x0009, 0x0146, 0x0009, 0x012B, 0x0009, 0x0134, 0x0009, 0x013D, 0x0009, 0x0110, 0x0009, 0x0119, 0x0009, 0x0122, 0x0001, 0x010C,
    0x0001, 0x010D, 0x0001, 0x010E, 0x0009, 0x0030, 0x0009, 0x0039, 0x0009, 0x0042, 0x0001, 0x0000, 0x0001, 0x0000, 0x0009, 0x0027,
    0x0009, 0x000C, 0x0009, 0x0015, 0x0009, 0x001E, 0x0001, 0x0108, 0x0001, 0x0109, 0x0001, 0x010A, 0x0009, 0x006F, 0x0009, 0x0078,
    0x0009, 0x0081, 0x0001, 0x0000, 0x0001, 0x0000, 0x0009, 0x0066, 0x0009, 0x004B, 0x0009, 0x0054, 0x0009, 0x005D, 0x0001, 0x0000,
    0x0001, 0x0000, 0x0001, 0x010B, 0x0009, 0x00ED, 0x0009, 0x00F6, 0x0009, 0x00FF, 0x0001, 0x0000, 0x0001, 0x0000, 0x0009, 0x00E4,
    0x0009, 0x00C9, 0x0009, 0x00D2, 0x0009, 0x00DB, 0x0001, 0x0000, 0x0001, 0x0000, 0x0001, 0x010F, 0x0009, 0x00AE, 0x0009, 0x00B7,
    0x0009, 0x00C0, 0x0001, 0x0000, 0x0001, 0x0000, 0x0009, 0x00A5, 0x0009, 0x008A, 0x0009, 0x0093, 0x0009, 0x009C,
};

static const s16 anim_4C_values[] = {
    0x0000, 0x00AA, 0x0000, 0x0000, 0x0000, 0x0000, 0x0000, 0x0000, 0x0000, 0x0000, 0x0000, 0x3FFF, 0xFCC4, 0xFD55, 0xFE16, 0xFED4,
    0xFF5D, 0xFFA4, 0xFFC6, 0xFFD6, 0xFFE5, 0xFAC9, 0xFB2D, 0xFB99, 0xFC08, 0xFC75, 0xFD05, 0xFDB0, 0xFE29, 0xFE23, 0x027D, 0xFDFD,
    0xF853, 0xF328, 0xF021, 0xF08E, 0xF34A, 0xF64B, 0xF788, 0xEB24, 0xE70D, 0xE27E, 0xDED3, 0xDD64, 0xE073, 0xE6D9, 0xECD4, 0xEEA1,
    0xF744, 0xEFD8, 0xE593, 0xDA8C, 0xD0D7, 0xC678, 0xBAAD, 0xB16A, 0xAEA5, 0xEED2, 0xEEF0, 0xEE3D, 0xED28, 0xEC20, 0xEAF8, 0xE95F,
    0xE78B, 0xE5B1, 0xCD95, 0xCE7C, 0xD13C, 0xD4CC, 0xD826, 0xDBD1, 0xE07E, 0xE560, 0xE9A9, 0x0297, 0x023B, 0x01C4, 0x0146, 0x00D9,
    0x0090, 0x0082, 0x00C5, 0x016D, 0x0339, 0x035D, 0x038D, 0x03C0, 0x03EF, 0x0413, 0x0425, 0x041C, 0x03F1, 0xFD38, 0xFBCD, 0xF9F3,
    0xF7D4, 0xF59A, 0xF36F, 0xF17D, 0xEFEF, 0xEEEE, 0xF2EC, 0xF465, 0xF5A3, 0xF685, 0xF6EC, 0xF6BB, 0xF5D0, 0xF40E, 0xF156, 0x0F88,
    0x1277, 0x169D, 0x1C0F, 0x22E0, 0x2B24, 0x34EF, 0x4054, 0x4D67, 0x1223, 0x1235, 0x12B8, 0x13C0, 0x1560, 0x17AC, 0x1AB8, 0x1E98,
    0x2360, 0xD18C, 0xD355, 0xD5E8, 0xD986, 0xDE71, 0xE4EB, 0xED34, 0xF78F, 0x043C, 0xFF5D, 0xFF2A, 0xFEE9, 0xFEAA, 0xFE7A, 0xFE68,
    0xFE83, 0xFED8, 0xFF76, 0xFF61, 0xFF53, 0xFF3F, 0xFF2A, 0xFF1A, 0xFF13, 0xFF19, 0xFF33, 0xFF65, 0xE907, 0xEAA0, 0xEC29, 0xED69,
    0xEE28, 0xEE2B, 0xED3A, 0xEB1C, 0xE797, 0x1654, 0x1302, 0x100C, 0x0DA4, 0x0BFD, 0x0B48, 0x0BBA, 0x0D83, 0x10D8, 0x0C29, 0x0CC8,
    0x0D66, 0x0DFC, 0x0E81, 0x0EEE, 0x0F39, 0x0F5C, 0x0F4E, 0x0255, 0x01FF, 0x01BA, 0x0194, 0x019D, 0x01E1, 0x0270, 0x0357, 0x04A6,
    0xC122, 0xC2E6, 0xC459, 0xC560, 0xC5E5, 0xC5CF, 0xC507, 0xC373, 0xC0FD, 0x0003, 0x000B, 0x0015, 0x001F, 0x0027, 0x002A, 0x0026,
    0x0019, 0x0000, 0xFFFD, 0xFFF4, 0xFFE8, 0xFFDD, 0xFFD4, 0xFFD0, 0xFFD5, 0xFFE4, 0x0000, 0xD312, 0xD3EE, 0xD4D3, 0xD59A, 0xD61C,
    0xD632, 0xD5B6, 0xD47F, 0xD266, 0x3222, 0x3415, 0x36FF, 0x3A95, 0x3E8B, 0x4297, 0x466F, 0x49C6, 0x4C54, 0xF3E5, 0xF368, 0xF2F1,
    0xF285, 0xF22C, 0xF1EC, 0xF1CB, 0xF1D1, 0xF204, 0xFB11, 0xFA25, 0xF8F6, 0xF797, 0xF61A, 0xF492, 0xF312, 0xF1AB, 0xF070, 0xAF1D,
    0xACDB, 0xA9B6, 0xA5EF, 0xA1C5, 0x9D76, 0x9941, 0x9567, 0x9226, 0x7FFF, 0x7FFF, 0x4171, 0xBF5F, 0x7FFF, 0x7FFF, 0x4171, 0xBF5F,
    0xFF6A, 0xFF7F, 0xFF9E, 0xFFC5, 0xFFEE, 0x0018, 0x003F, 0x005F, 0x0076, 0x020E, 0x0213, 0x0219, 0x0220, 0x0226, 0x0229, 0x0228,
    0x0222, 0x0216, 0xEE42, 0xEFBD, 0xF1F5, 0xF4B2, 0xF7BC, 0xFADC, 0xFDD9, 0x007A, 0x0289, 0x0048, 0x003E, 0x002F, 0x001C, 0x0009,
    0xFFF8, 0xFFEC, 0xFFE7, 0xFFEC, 0xFF62, 0xFF60, 0xFF5D, 0xFF5A, 0xFF58, 0xFF56, 0xFF54, 0xFF54, 0xFF55, 0xFB5B, 0xFC77, 0xFEA8,
    0x01A4, 0x0523, 0x08DA, 0x0C80, 0x0FCA, 0x1270, 0x4058, 0x3F97, 0x3E85, 0x3D4B, 0x3C0E, 0x3AF7, 0x3A2D, 0x39D7, 0x3A1C,
};

static const u16 anim_4D_4E_indices[] = {
    0x0001, 0x0000, 0x0026, 0x0001, 0x0026, 0x0027, 0x0001, 0x0000, 0x0001, 0x004D, 0x0001, 0x0000, 0x0001, 0x0000, 0x0001, 0x0000,
    0x0026, 0x04A6, 0x0026, 0x0434, 0x0026, 0x045A, 0x0026, 0x0480, 0x0026, 0x03C2, 0x0026, 0x03E8, 0x0026, 0x040E, 0x0001, 0x03BE,
    0x0001, 0x03BF, 0x0001, 0x03C0, 0x0026, 0x0076, 0x0026, 0x009C, 0x0026, 0x00C2, 0x0001, 0x0000, 0x0001, 0x0000, 0x0026, 0x0050,
    0x0001, 0x0000, 0x0001, 0x004E, 0x0001, 0x004F, 0x0001, 0x0395, 0x0001, 0x0396, 0x0001, 0x0397, 0x0026, 0x010F, 0x0026, 0x0135,
    0x0026, 0x015B, 0x0001, 0x0000, 0x0001, 0x0000, 0x0026, 0x00E9, 0x0001, 0x0000, 0x0001, 0x0000, 0x0001, 0x00E8, 0x0001, 0x0000,
    0x0001, 0x0000, 0x0026, 0x0398, 0x0026, 0x0323, 0x0026, 0x0349, 0x0026, 0x036F, 0x0001, 0x0000, 0x0001, 0x0000, 0x0026, 0x02FD,
    0x0026, 0x028B, 0x0026, 0x02B1, 0x0026, 0x02D7, 0x0001, 0x0000, 0x0001, 0x0000, 0x0001, 0x03C1, 0x0026, 0x0219, 0x0026, 0x023F,
    0x0026, 0x0265, 0x0001, 0x0000, 0x0001, 0x0000, 0x0026, 0x01F3, 0x0026, 0x0181, 0x0026, 0x01A7, 0x0026, 0x01CD,
};

static const s16 anim_4D_4E_values[] = {
    0x0000, 0x00AA, 0x00AA, 0x00AA, 0x00AA, 0x00AA, 0x00AA, 0x00AA, 0x00AA, 0x00AA, 0x00AA, 0x00AA, 0x00AA, 0x00AA, 0x00AA, 0x00AA,
    0x00AA, 0x00AA, 0x00AA, 0x00AA, 0x00AA, 0x00AA, 0x00AA, 0x00AA, 0x0090, 0x0074, 0x0073, 0x007A, 0x0081, 0x0086, 0x008C, 0x0091,
    0x0096, 0x009A, 0x009E, 0x00A2, 0x00A5, 0x00A7, 0x00AA, 0x0000, 0x0000, 0x0000, 0x0000, 0x0000, 0x0000, 0x0000, 0x0000, 0x0000,
    0x0000, 0x0000, 0x0000, 0x0000, 0x0000, 0x0000, 0x0000, 0x0000, 0x0000, 0x0000, 0x0000, 0x0000, 0x0000, 0x0000, 0x0000, 0x0000,
    0x0000, 0x0000, 0x0000, 0x0000, 0x0000, 0x0000, 0x0000, 0x0000, 0x0000, 0x0000, 0x0000, 0x0000, 0x0000, 0x3FFF, 0xF97C, 0xED8C,
    0xD5C7, 0xD923, 0xE140, 0xEB2F, 0xF400, 0xF8C2, 0xFA69, 0xFBDE, 0xFD1E, 0xFE27, 0xFEF7, 0xFF8B, 0xFFE1, 0xFFF6, 0xFFC9, 0xFF57,
    0xFE9E, 0xFD9B, 0xFC4C, 0xFAAF, 0xF8C2, 0xF271, 0xE6B4, 0xDA11, 0xD111, 0xCEA5, 0xD001, 0xD111, 0xD08E, 0xCFF1, 0xCF40, 0xCE83,
    0xCDC2, 0xCD03, 0xCC4E, 0xCBA9, 0xCB1D, 0xCAAF, 0xF619, 0xF4A1, 0xF114, 0xECBC, 0xE8E1, 0xE6CD, 0xE628, 0xE5BE, 0xE586, 0xE578,
    0xE58C, 0xE5BA, 0xE5FA, 0xE644, 0xE690, 0xE6D7, 0xE710, 0xE734, 0xE73A, 0xE71A, 0xE6CD, 0xE596, 0xE355, 0xE0E8, 0xDF2E, 0xDE48,
    0xDE1C, 0xDF2E, 0xE14B, 0xE3D6, 0xE6B0, 0xE9BB, 0xECDB, 0xEFF0, 0xF2DE, 0xF587, 0xF7CC, 0xF990, 0xD3FE, 0xD452, 0xD51F, 0xD61A,
    0xD6F9, 0xD771, 0xD792, 0xD7A0, 0xD79D, 0xD78D, 0xD774, 0xD755, 0xD734, 0xD714, 0xD6F8, 0xD6E4, 0xD6DC, 0xD6E2, 0xD6FB, 0xD729,
    0xD771, 0xD874, 0xDA54, 0xDC5A, 0xDDCA, 0xDE5B, 0xDE51, 0xDDCA, 0xDCF7, 0xDBF8, 0xDADA, 0xD9A9, 0xD870, 0xD73B, 0xD616, 0xD50C,
    0xD428, 0xD377, 0xDA6E, 0xDC1C, 0xE02A, 0xE520, 0xE988, 0xEBE8, 0xECA3, 0xED19, 0xED55, 0xED60, 0xED43, 0xED09, 0xECBA, 0xEC61,
    0xEC06, 0xEBB4, 0xEB75, 0xEB50, 0xEB51, 0xEB80, 0xEBE8, 0xED81, 0xF078, 0xF3AA, 0xF5F0, 0xF711, 0xF73E, 0xF5F0, 0xF36C, 0xF066,
    0xED01, 0xE962, 0xE5AA, 0xE1FF, 0xDE83, 0xDB59, 0xD8A6, 0xD68C, 0xF549, 0xC61C, 0xC90E, 0xD02C, 0xD8E3, 0xE09F, 0xE4CB, 0xE62D,
    0xE745, 0xE818, 0xE8AD, 0xE907, 0xE92E, 0xE925, 0xE8F3, 0xE89C, 0xE827, 0xE798, 0xE6F5, 0xE644, 0xE589, 0xE4CB, 0xE28B, 0xDE5B,
    0xD9D9, 0xD6A4, 0xD5F6, 0xD6A1, 0xD6A4, 0xD586, 0xD42E, 0xD2AC, 0xD10F, 0xCF68, 0xCDC7, 0xCC3A, 0xCAD2, 0xC99F, 0xC8B0, 0x3FFC,
    0x3EDB, 0x3C22, 0x38CD, 0x35D7, 0x343F, 0x3400, 0x345B, 0x352E, 0x3658, 0x37B7, 0x392A, 0x3A90, 0x3BC7, 0x3CAE, 0x3D24, 0x3D07,
    0x3C36, 0x3A90, 0x37F3, 0x343F, 0x26BF, 0x0DBE, 0xF396, 0xE29E, 0xE31A, 0xEDCA, 0xF5C4, 0xF804, 0xFA21, 0xFC18, 0xFDE7, 0xFF8B,
    0x00FF, 0x0243, 0x0353, 0x042B, 0x04C9, 0x3DF7, 0x3EAF, 0x406B, 0x428B, 0x446D, 0x4572, 0x45E2, 0x466C, 0x4707, 0x47A9, 0x4847,
    0x48D9, 0x4955, 0x49B0, 0x49E1, 0x49DE, 0x499E, 0x4916, 0x483D, 0x470A, 0x4572, 0x3FCC, 0x3555, 0x2A5B, 0x232D, 0x233B, 0x277A,
    0x2A7B, 0x2AFF, 0x2B62, 0x2BAB, 0x2BDC, 0x2BF9, 0x2C07, 0x2C07, 0x2C00, 0x2BF3, 0x2BE6, 0xD957, 0xD744, 0xD242, 0xCC21, 0xC6B0,
    0xC3C0, 0xC310, 0xC30F, 0xC39B, 0xC492, 0xC5D0, 0xC733, 0xC899, 0xC9DD, 0xCADE, 0xCB79, 0xCB8B, 0xCAF1, 0xC988, 0xC72E, 0xC3C0,
    0xB6FF, 0x9F66, 0x86E9, 0x777A, 0x78DB, 0x8471, 0x8EAC, 0x94B0, 0x9B33, 0xA205, 0xA8F4, 0xAFCC, 0xB65D, 0xBC75, 0xC1E1, 0xC66F,
    0xC9EE, 0xFF76, 0xFF76, 0xFF76, 0xFF76, 0xFF76, 0xFF76, 0xFF6D, 0xFF55, 0xFF33, 0xFF09, 0xFEDB, 0xFEAD, 0xFE83, 0xFE61, 0xFE49,
    0xFE40, 0xFE4A, 0xFE6B, 0xFEA5, 0xFEFC, 0xFF76, 0x0104, 0x03EF, 0x0732, 0x09C7, 0x08FF, 0x06CF, 0x0538, 0x04AD, 0x041B, 0x0385,
    0x02EF, 0x025D, 0x01D3, 0x0153, 0x00E3, 0x0085, 0x003D, 0xFF65, 0xFF65, 0xFF65, 0xFF65, 0xFF65, 0xFF65, 0xFF63, 0xFF5E, 0xFF57,
    0xFF4F, 0xFF45, 0xFF3C, 0xFF34, 0xFF2C, 0xFF28, 0xFF26, 0xFF28, 0xFF2E, 0xFF3A, 0xFF4C, 0xFF65, 0xFFB6, 0x004D, 0x00F7, 0x017E,
    0x0159, 0x00E3, 0x009B, 0x0078, 0x0052, 0x002A, 0x0001, 0xFFDA, 0xFFB4, 0xFF90, 0xFF71, 0xFF56, 0xFF42, 0xE797, 0xE797, 0xE797,
    0xE797, 0xE797, 0xE797, 0xE7CF, 0xE868, 0xE949, 0xEA5A, 0xEB84, 0xECAD, 0xEDBE, 0xEE9F, 0xEF38, 0xEF70, 0xEF30, 0xEE5F, 0xECE5,
    0xEAAB, 0xE797, 0xDDA7, 0xCB07, 0xB5E9, 0xA47F, 0xA419, 0xAB4E, 0xAEAE, 0xB130, 0xB3F4, 0xB6E3, 0xB9E6, 0xBCE5, 0xBFC9, 0xC27B,
    0xC4E4, 0xC6EC, 0xC87C, 0x10D8, 0x10D8, 0x10D8, 0x10D8, 0x10D8, 0x10D8, 0x10A3, 0x1013, 0x0F3F, 0x0E3E, 0x0D27, 0x0C0F, 0x0B0E,
    0x0A3A, 0x09AA, 0x0975, 0x09B2, 0x0A76, 0x0BDA, 0x0DF3, 0x10D8, 0x1A10, 0x2B5D, 0x3F31, 0x4FF9, 0x53E3, 0x4BD3, 0x4703, 0x4344,
    0x3F21, 0x3ABC, 0x363A, 0x31BB, 0x2D65, 0x2959, 0x25BB, 0x22AE, 0x2055, 0x0F4E, 0x0F4E, 0x0F4E, 0x0F4E, 0x0F4E, 0x0F4E, 0x0F52,
    0x0F60, 0x0F73, 0x0F8B, 0x0FA5, 0x0FBF, 0x0FD7, 0x0FEA, 0x0FF8, 0x0FFC, 0x0FF7, 0x0FE5, 0x0FC4, 0x0F92, 0x0F4E, 0x0E7C, 0x0CF1,
    0x0B1F, 0x0976, 0x082A, 0x0735, 0x0838, 0x09DF, 0x0BBB, 0x0DBC, 0x0FCF, 0x11E4, 0x13EA, 0x15CF, 0x1783, 0x18F4, 0x1A10, 0x04A6,
    0x04A6, 0x04A6, 0x04A6, 0x04A6, 0x04A6, 0x0497, 0x046E, 0x0432, 0x03E9, 0x039A, 0x034B, 0x0302, 0x02C6, 0x029D, 0x028E, 0x029F,
    0x02D7, 0x033C, 0x03D4, 0x04A6, 0x0740, 0x0C22, 0x11BF, 0x1688, 0x17E4, 0x17C6, 0x16F8, 0x1670, 0x15DA, 0x153C, 0x149A, 0x13F9,
    0x135E, 0x12CE, 0x124D, 0x11E0, 0x118D, 0xC0FD, 0xC0FD, 0xC0FD, 0xC0FD, 0xC0FD, 0xC0FD, 0xC11E, 0xC17A, 0xC200, 0xC2A3, 0xC354,
    0xC406, 0xC4A9, 0xC52F, 0xC58A, 0xC5AC, 0xC585, 0xC509, 0xC427, 0xC2D3, 0xC0FD, 0xBB32, 0xB04F, 0xA3C1, 0x98F2, 0x9504, 0x9431,
    0x9699, 0x9895, 0x9AC7, 0x9D1C, 0x9F82, 0xA1E6, 0xA436, 0xA65E, 0xA84B, 0xA9EC, 0xAB2D, 0x0000, 0x0000, 0x0000, 0x0000, 0x0000,
    0x0000, 0x0001, 0x0005, 0x000A, 0x0011, 0x0018, 0x001F, 0x0026, 0x002B, 0x002F, 0x0030, 0x002E, 0x0029, 0x0020, 0x0013, 0x0000,
    0xFFC2, 0xFF4D, 0xFECA, 0xFE62, 0xFE7D, 0x0000, 0x03E1, 0x03CA, 0x038A, 0x032C, 0x02B6, 0x0234, 0x01AD, 0x012A, 0x00B5, 0x0056,
    0x0017, 0x0000, 0x0000, 0x0000, 0x0000, 0x0000, 0x0000, 0xFFFF, 0xFFFB, 0xFFF5, 0xFFED, 0xFFE5, 0xFFDD, 0xFFD5, 0xFFCF, 0xFFCB,
    0xFFC9, 0xFFCB, 0xFFD1, 0xFFDB, 0xFFEB, 0x0000, 0x0051, 0x00E7, 0x0180, 0x01D8, 0x00AA, 0x0000, 0x023E, 0x0231, 0x020C, 0x01D5,
    0x0191, 0x0146, 0x00F8, 0x00AC, 0x0068, 0x0032, 0x000D, 0xD266, 0xD266, 0xD266, 0xD266, 0xD266, 0xD266, 0xD283, 0xD2CF, 0xD340,
    0xD3C9, 0xD45E, 0xD4F3, 0xD57C, 0xD5EC, 0xD639, 0xD655, 0xD635, 0xD5CC, 0xD50F, 0xD3F1, 0xD266, 0xCD7E, 0xC448, 0xB9B9, 0xB0C9,
    0xAEAD, 0xB449, 0xACB9, 0xADE9, 0xAF90, 0xB18E, 0xB3C6, 0xB616, 0xB861, 0xBA87, 0xBC6A, 0xBDE9, 0xBEE5, 0x4C54, 0x4C54, 0x4C54,
    0x4C54, 0x4C54, 0x4C54, 0x4C54, 0x4C54, 0x4C54, 0x4C55, 0x4C56, 0x4C56, 0x4C57, 0x4C57, 0x4C58, 0x4C58, 0x4C57, 0x4C57, 0x4C56,
    0x4C55, 0x4C54, 0x4C12, 0x4BA5, 0x4B86, 0x4C30, 0x526E, 0x4928, 0x4998, 0x4645, 0x426A, 0x3E33, 0x39CF, 0x356C, 0x3137, 0x2D60,
    0x2A13, 0x277E, 0x25D0, 0xF8BF, 0xF981, 0xFB52, 0xFD7C, 0xFF4D, 0x000F, 0x0015, 0x0027, 0x0041, 0x0061, 0x0084, 0x00A7, 0x00C7,
    0x00E1, 0x00F3, 0x00F9, 0x00F2, 0x00D9, 0x00AD, 0x006B, 0x000F, 0xFEEE, 0xFCCC, 0xFA57, 0xF83A, 0xF777, 0xF749, 0xF1FB, 0xEF11,
    0xEBE3, 0xE890, 0xE535, 0xE1EE, 0xDED8, 0xDC11, 0xD9B6, 0xD7E3, 0xD6B5, 0xED03, 0xECD6, 0xEC6A, 0xEBE9, 0xEB7D, 0xEB50, 0xEB4E,
    0xEB4A, 0xEB44, 0xEB3D, 0xEB35, 0xEB2C, 0xEB25, 0xEB1F, 0xEB1B, 0xEB19, 0xEB1B, 0xEB21, 0xEB2B, 0xEB3A, 0xEB50, 0xEB98, 0xEC1F,
    0xECB2, 0xED20, 0xECC5, 0xEBDC, 0xED15, 0xED17, 0xED0E, 0xECFC, 0xECE3, 0xECC6, 0xECA7, 0xEC88, 0xEC6D, 0xEC56, 0xEC46, 0x8275,
    0x80D6, 0x7CF9, 0x785D, 0x7481, 0x72E2, 0x72CE, 0x7297, 0x7247, 0x71E5, 0x717B, 0x7110, 0x70AE, 0x705E, 0x7027, 0x7013, 0x702A,
    0x7075, 0x70FC, 0x71C8, 0x72E2, 0x7664, 0x7CF9, 0x8484, 0x8AE6, 0x8C61, 0x8B9C, 0x94AC, 0x9855, 0x9C3B, 0xA03E, 0xA43E, 0xA81D,
    0xABBA, 0xAEF5, 0xB1B0, 0xB3CA, 0xB524, 0x7FFF, 0x7FFF, 0x4171, 0xBF5F, 0xBF5F, 0xBF5F, 0xBF5F, 0xBF5F, 0xBF5F, 0xBF5F, 0xBF5F,
    0xBF5F, 0xBF5F, 0xBF5F, 0xBF5F, 0xBF5F, 0xBF5F, 0xBF5F, 0xBF5F, 0xBF5F, 0xBF5F, 0xBF5F, 0xBF5F, 0xBF5F, 0xBF86, 0xBFC7, 0xBFD4,
    0xBF5F, 0xBB4C, 0xBF5F, 0xBF5F, 0xBF5F, 0xBF5F, 0xBF5F, 0xBF5F, 0xBF5F, 0xBF5F, 0xBF5F, 0xBF5F, 0xBF5F, 0xBF5F, 0x7FFF, 0x7FFF,
    0x4171, 0xBF5F, 0x022D, 0xFFD5, 0xFA2A, 0xF33A, 0xED12, 0xE9C0, 0xE89D, 0xE7A5, 0xE6D8, 0xE635, 0xE5BD, 0xE56E, 0xE548, 0xE54B,
    0xE577, 0xE5CC, 0xE648, 0xE6EB, 0xE7B6, 0xE8A8, 0xE9C0, 0xED4E, 0xF3E8, 0xFAFC, 0xFFF4, 0x0118, 0x0005, 0xFF22, 0xFF28, 0xFF34,
    0xFF47, 0xFF5E, 0xFF77, 0xFF93, 0xFFAE, 0xFFC8, 0xFFDE, 0xFFF0, 0x087F, 0x0951, 0x0B4B, 0x0DB7, 0x0FDD, 0x1106, 0x116F, 0x11CF,
    0x1224, 0x126E, 0x12AB, 0x12D9, 0x12F7, 0x1304, 0x12FE, 0x12E4, 0x12B4, 0x126E, 0x1210, 0x1198, 0x1106, 0x0F22, 0x0B9D, 0x07D2,
    0x051E, 0x0469, 0x04D5, 0x050B, 0x04A8, 0x0432, 0x03AE, 0x0321, 0x0290, 0x0202, 0x017B, 0x0101, 0x0098, 0x0047, 0x054E, 0x04D1,
    0x03A3, 0x0231, 0x00E9, 0x0038, 0x0003, 0xFFE5, 0xFFD8, 0xFFDB, 0xFFEA, 0x0001, 0x001D, 0x003C, 0x005A, 0x0073, 0x0084, 0x008A,
    0x0082, 0x0067, 0x0038, 0xFFB2, 0xFEB0, 0xFD57, 0xFBD0, 0xF968, 0xF695, 0xF53F, 0xF56B, 0xF5D3, 0xF66C, 0xF72A, 0xF7FE, 0xF8DF,
    0xF9BE, 0xFA91, 0xFB4A, 0xFBDD, 0xEC3E, 0xF121, 0xFCF1, 0x0B65, 0x183A, 0x1F26, 0x2175, 0x2350, 0x24BE, 0x25C6, 0x2670, 0x26C4,
    0x26C7, 0x2683, 0x25FD, 0x253E, 0x244D, 0x2331, 0x21F2, 0x2096, 0x1F26, 0x1AA9, 0x1254, 0x096B, 0x0337, 0x0201, 0x03A9, 0x04D1,
    0x048A, 0x0429, 0x03B4, 0x0330, 0x02A4, 0x0216, 0x018D, 0x010E, 0x00A1, 0x004C, 0xFBE4, 0xFAE0, 0xF86C, 0xF56B, 0xF2C1, 0xF150,
    0xF0D5, 0xF071, 0xF023, 0xEFEA, 0xEFC4, 0xEFB0, 0xEFAD, 0xEFBA, 0xEFD4, 0xEFFB, 0xF02E, 0xF06B, 0xF0B0, 0xF0FD, 0xF150, 0xF24E,
    0xF427, 0xF62B, 0xF7AD, 0xF838, 0xF841, 0xF87B, 0xF919, 0xF9CF, 0xFA98, 0xFB6B, 0xFC41, 0xFD13, 0xFDD9, 0xFE8C, 0xFF24, 0xFF99,
    0x11A9, 0x0E6B, 0x0694, 0xFCFC, 0xF478, 0xEFDF, 0xEE4C, 0xECF2, 0xEBD3, 0xEAEE, 0xEA43, 0xE9D1, 0xE999, 0xE99A, 0xE9D5, 0xEA49,
    0xEAF5, 0xEBDB, 0xECF9, 0xEE50, 0xEFDF, 0xF524, 0xFEE5, 0x0910, 0x0F98, 0x0F0C, 0x0A6D, 0x0754, 0x06F5, 0x06C3, 0x06B8, 0x06CC,
    0x06F9, 0x0737, 0x077F, 0x07CA, 0x0810, 0x084C, 0x40A1, 0x40A1, 0x40A1, 0x40A1, 0x40A1, 0x40A1, 0x409A, 0x4088, 0x406C, 0x404B,
    0x4027, 0x4003, 0x3FE2, 0x3FC6, 0x3FB4, 0x3FAD, 0x3FB5, 0x3FCE, 0x3FFC, 0x4041, 0x40A1, 0x4225, 0x44EB, 0x4796, 0x48C7, 0x48AC,
    0x4862, 0x47EE, 0x4759, 0x46AA, 0x45E9, 0x451C, 0x444C, 0x437F, 0x42BE, 0x420F, 0x417A, 0x4106,
};

static const u16 anim_4F_indices[] = {
    0x0015, 0x0001, 0x0015, 0x0016, 0x0015, 0x002B, 0x0001, 0x0000, 0x0001, 0x0040, 0x0001, 0x0000, 0x0015, 0x02D6, 0x0015, 0x02EB,
    0x0015, 0x0300, 0x0015, 0x0297, 0x0015, 0x02AC, 0x0015, 0x02C1, 0x0015, 0x0258, 0x0015, 0x026D, 0x0015, 0x0282, 0x0001, 0x0254,
    0x0001, 0x0255, 0x0001, 0x0256, 0x0015, 0x0058, 0x0015, 0x006D, 0x0015, 0x0082, 0x0001, 0x0000, 0x0001, 0x0000, 0x0015, 0x0043,
    0x0001, 0x0000, 0x0001, 0x0041, 0x0001, 0x0042, 0x0001, 0x0250, 0x0001, 0x0251, 0x0001, 0x0252, 0x0015, 0x00EB, 0x0015, 0x0100,
    0x0015, 0x0115, 0x0001, 0x0000, 0x0001, 0x0000, 0x0015, 0x00D6, 0x0015, 0x0097, 0x0015, 0x00AC, 0x0015, 0x00C1, 0x0001, 0x0000,
    0x0001, 0x0000, 0x0001, 0x0253, 0x0015, 0x0211, 0x0015, 0x0226, 0x0015, 0x023B, 0x0001, 0x0000, 0x0001, 0x0000, 0x0015, 0x01FC,
    0x0015, 0x01BD, 0x0015, 0x01D2, 0x0015, 0x01E7, 0x0001, 0x0000, 0x0001, 0x0000, 0x0001, 0x0257, 0x0015, 0x017E, 0x0015, 0x0193,
    0x0015, 0x01A8, 0x0001, 0x0000, 0x0001, 0x0000, 0x0015, 0x0169, 0x0015, 0x012A, 0x0015, 0x013F, 0x0015, 0x0154,
};

static const s16 anim_4F_values[] = {
    0x0000, 0x0010, 0x0011, 0x0011, 0x0011, 0x0012, 0x0012, 0x0011, 0x0010, 0x000F, 0x000E, 0x000D, 0x000C, 0x000B, 0x0009, 0x0007,
    0x0005, 0x0004, 0x0002, 0x0001, 0x0000, 0x0000, 0x00C9, 0x0142, 0x0171, 0x019A, 0x01B9, 0x01CA, 0x01CD, 0x01C4, 0x01B3, 0x019D,
    0x0186, 0x0171, 0x015B, 0x0141, 0x0124, 0x0106, 0x00EA, 0x00D1, 0x00BC, 0x00AF, 0x00AA, 0x002B, 0x002F, 0x0033, 0x0036, 0x0038,
    0x0038, 0x0037, 0x0035, 0x0032, 0x002F, 0x002B, 0x0027, 0x0022, 0x001D, 0x0018, 0x0012, 0x000C, 0x0007, 0x0003, 0x0000, 0x0000,
    0x3FFF, 0xF97C, 0xED8C, 0xE30F, 0xE59B, 0xE6F1, 0xE72F, 0xE6A2, 0xE59B, 0xE409, 0xE1DD, 0xDF6F, 0xDD16, 0xDB28, 0xD9FD, 0xD980,
    0xD959, 0xD974, 0xD9BF, 0xDA27, 0xDA99, 0xDB01, 0xDB4E, 0xDB6C, 0xABAC, 0xA63E, 0xA3CB, 0xA427, 0xA58E, 0xA63E, 0xA6FC, 0xA8E9,
    0xAAC7, 0xAB59, 0xA961, 0xA3A0, 0x9934, 0x8AF4, 0x7A37, 0x685C, 0x56B9, 0x46A8, 0x3983, 0x30A2, 0x2D60, 0xCA7F, 0xC90F, 0xC850,
    0xC845, 0xC89E, 0xC90F, 0xC997, 0xCA56, 0xCB2A, 0xCBF3, 0xCC91, 0xCCE3, 0xCCEB, 0xCCCB, 0xCC8D, 0xCC3C, 0xCBE2, 0xCB89, 0xCB3D,
    0xCB07, 0xCAF3, 0x2777, 0x2D22, 0x2FE0, 0x2FD2, 0x2E6C, 0x2D22, 0x2B3C, 0x27E6, 0x2466, 0x2200, 0x21FA, 0x259B, 0x2D88, 0x38CB,
    0x4640, 0x54C3, 0x6332, 0x7067, 0x7B3F, 0x829A, 0x854D, 0xFFA6, 0x0000, 0x001E, 0x001A, 0x000A, 0x0000, 0x0000, 0x0000, 0x0000,
    0x0000, 0x0000, 0x0000, 0x0000, 0x0000, 0x0000, 0x0000, 0x0000, 0x0000, 0x0000, 0x0000, 0x0000, 0xFFF2, 0x0000, 0x0000, 0x0000,
    0x0000, 0x0000, 0x0000, 0x0000, 0x0000, 0x0000, 0x0000, 0x0000, 0x0000, 0x0000, 0x0000, 0x0000, 0x0000, 0x0000, 0x0000, 0x0000,
    0x0000, 0xF48B, 0xF549, 0xF5A0, 0xF597, 0xF566, 0xF549, 0xF549, 0xF549, 0xF549, 0xF549, 0xF549, 0xF549, 0xF549, 0xF549, 0xF549,
    0xF549, 0xF549, 0xF549, 0xF549, 0xF549, 0xF549, 0xE039, 0xE2C1, 0xE3DF, 0xE425, 0xE3B9, 0xE2C1, 0xE0E8, 0xDE2B, 0xDB29, 0xD885,
    0xD6DD, 0xD6D3, 0xD883, 0xDB5D, 0xDF06, 0xE320, 0xE74C, 0xEB2E, 0xEE67, 0xF09B, 0xF16C, 0x2317, 0x2751, 0x26A3, 0x26A6, 0x26FF,
    0x2751, 0x2638, 0x2397, 0x2101, 0x2008, 0x223F, 0x2936, 0x3606, 0x4799, 0x5C42, 0x7257, 0x882C, 0x9C0E, 0xAC55, 0xB754, 0xBB5D,
    0x2017, 0x1853, 0x16DF, 0x16D2, 0x1786, 0x1853, 0x18FE, 0x19C3, 0x1AAC, 0x1BC4, 0x1D14, 0x1EA8, 0x20AF, 0x2332, 0x2600, 0x28E7,
    0x2BB6, 0x2E3B, 0x3045, 0x31A2, 0x3222, 0xE9CE, 0xF7D2, 0xF908, 0xF8FC, 0xF85B, 0xF7D2, 0xF6AD, 0xF472, 0xF228, 0xF0D6, 0xF183,
    0xF535, 0xFC88, 0x06BE, 0x12D9, 0x1FD6, 0x2CB6, 0x3878, 0x421C, 0x48A0, 0x4B06, 0x0005, 0x0000, 0xFFF7, 0xFFEB, 0xFFEA, 0x0000,
    0x0039, 0x008C, 0x00E8, 0x013C, 0x0177, 0x0189, 0x0171, 0x013D, 0x00F7, 0x00A5, 0x0051, 0x0001, 0xFFC0, 0xFF92, 0xFF81, 0xFF31,
    0xFF30, 0xFF32, 0xFF36, 0xFF37, 0xFF30, 0xFF1E, 0xFF03, 0xFEE6, 0xFECB, 0xFEB8, 0xFEB3, 0xFEBB, 0xFECC, 0xFEE2, 0xFEFD, 0xFF18,
    0xFF32, 0xFF47, 0xFF56, 0xFF5B, 0xC8C9, 0xC9D8, 0xCA69, 0xCA76, 0xCA34, 0xC9D8, 0xC91A, 0xC7D9, 0xC685, 0xC58B, 0xC55C, 0xC666,
    0xC8DB, 0xCC65, 0xD0A8, 0xD544, 0xD9DB, 0xDE11, 0xE187, 0xE3E0, 0xE4BD, 0x5948, 0x0000, 0x0000, 0x0000, 0x0000, 0x0000, 0x0012,
    0x0000, 0x0000, 0x0000, 0x0283, 0x09B7, 0x2D05, 0x4C40, 0x4A45, 0x42EF, 0x384E, 0x2C73, 0x216E, 0x194E, 0x1624, 0xF588, 0xF1C7,
    0xEFCA, 0xEF8B, 0xF026, 0xF0B2, 0xF0D3, 0xF0E5, 0xF113, 0xF189, 0xF272, 0xF3FA, 0xF659, 0xF977, 0xFD0F, 0x00D9, 0x0491, 0x07F0,
    0x0AAF, 0x0C89, 0x0D37, 0x0DFC, 0x0F56, 0x1184, 0x146F, 0x16F6, 0x17FA, 0x1756, 0x15DC, 0x13E1, 0x11B9, 0x0FB9, 0x0E36, 0x0D08,
    0x0BD8, 0x0AAF, 0x0998, 0x089D, 0x07C8, 0x0723, 0x06B8, 0x0693, 0x882B, 0x7D93, 0x77E5, 0x771A, 0x7841, 0x786C, 0x7660, 0x736F,
    0x707C, 0x6E6D, 0x6E24, 0x7085, 0x7605, 0x7DF5, 0x8783, 0x91D9, 0x9C27, 0xA598, 0xAD5C, 0xB2A0, 0xB48F, 0x042D, 0x03EB, 0x03CA,
    0x03B0, 0x0388, 0x033D, 0x02C2, 0x0227, 0x017F, 0x00DF, 0x005A, 0x0004, 0xFFD9, 0xFFC1, 0xFFBA, 0xFFBF, 0xFFCC, 0xFFDD, 0xFFEE,
    0xFFFB, 0x0000, 0xFE72, 0xFC50, 0xFBB7, 0xFB83, 0xFB8E, 0xFBB4, 0xFBED, 0xFC43, 0xFCAA, 0xFD17, 0xFD7E, 0xFDD4, 0xFE21, 0xFE73,
    0xFEC6, 0xFF17, 0xFF61, 0xFFA1, 0xFFD4, 0xFFF5, 0x0000, 0xC578, 0xD849, 0xDE01, 0xE08A, 0xE0AD, 0xDF38, 0xDBD5, 0xD673, 0xD03D,
    0xCA5E, 0xC604, 0xC45A, 0xC55D, 0xC7F4, 0xCBAD, 0xD012, 0xD4AF, 0xD911, 0xDCC1, 0xDF4D, 0xE041, 0x13D5, 0x1127, 0x0E45, 0x0B39,
    0x0968, 0x0A3A, 0x0DDD, 0x131F, 0x1959, 0x1FDF, 0x2609, 0x2B2C, 0x2FCB, 0x34B0, 0x39A5, 0x3E70, 0x42DB, 0x46AB, 0x49AA, 0x4BA0,
    0x4C54, 0xF1E2, 0xF2BF, 0xF2CE, 0xF219, 0xF0F7, 0xEFBF, 0xEE2C, 0xEC0B, 0xE9D4, 0xE7FD, 0xE6FB, 0xE744, 0xE8FA, 0xEBB6, 0xEF25,
    0xF2F3, 0xF6CC, 0xFA5C, 0xFD4F, 0xFF52, 0x000F, 0xFA51, 0xF805, 0xF520, 0xF185, 0xEDF8, 0xEB3B, 0xE930, 0xE74B, 0xE5A6, 0xE45A,
    0xE380, 0xE333, 0xE37B, 0xE43A, 0xE54F, 0xE696, 0xE7EF, 0xE936, 0xEA4A, 0xEB09, 0xEB50, 0xD28B, 0xDAD4, 0xE0F9, 0xE53C, 0xE748,
    0xE6C8, 0xE444, 0xE08F, 0xDBC5, 0xD602, 0xCF61, 0xC7FE, 0xBEF8, 0xB3E7, 0xA7A0, 0x9AF6, 0x8EBE, 0x83CC, 0x7AF1, 0x7507, 0x72DF,
    0x8001, 0x8001, 0x4171, 0xBF5F, 0x8001, 0x8001, 0x4171, 0xBF5F, 0x1245, 0x16EF, 0x1BAC, 0x1FE6, 0x22D9, 0x23C0, 0x22AB, 0x206D,
    0x1D64, 0x19ED, 0x1666, 0x132D, 0x0FE6, 0x0C1F, 0x0814, 0x0403, 0x0027, 0xFCBE, 0xFA03, 0xF833, 0xF78B, 0xF2A0, 0xEE34, 0xEB07,
    0xE842, 0xE66B, 0xE60A, 0xE720, 0xE91A, 0xEBA7, 0xEE72, 0xF12A, 0xF37C, 0xF5A5, 0xF806, 0xFA7E, 0xFCEE, 0xFF35, 0x0131, 0x02C5,
    0x03CF, 0x042F, 0x111F, 0x16E7, 0x1928, 0x19AE, 0x18F5, 0x1779, 0x14F4, 0x114A, 0x0D36, 0x0976, 0x06C3, 0x05DA, 0x06C1, 0x08C9,
    0x0B9D, 0x0EEA, 0x125A, 0x1599, 0x1853, 0x1A34, 0x1AE7, 0xEA69, 0xE634, 0xE0AE, 0xDB12, 0xD69B, 0xD484, 0xD4E8, 0xD6C8, 0xD9BD,
    0xDD5F, 0xE144, 0xE505, 0xE915, 0xEDF2, 0xF345, 0xF8B6, 0xFDEE, 0x0294, 0x0653, 0x08D2, 0x09BB, 0x0000, 0xFF71, 0xFF05, 0xFEBB,
    0xFE90, 0xFE85, 0xFEA0, 0xFEE2, 0xFF3A, 0xFF98, 0xFFEB, 0x0023, 0x0046, 0x0064, 0x007E, 0x0092, 0x00A3, 0x00AF, 0x00B7, 0x00BC,
    0x00BE, 0xF700, 0xF5C4, 0xF4EE, 0xF48F, 0xF4B7, 0xF574, 0xF710, 0xF97E, 0xFC4C, 0xFF0B, 0x0149, 0x0296, 0x0308, 0x030F, 0x02C3,
    0x023F, 0x019B, 0x00EF, 0x0056, 0xFFE8, 0xFFBE, 0x11BF, 0x120B, 0x1460, 0x178A, 0x1A4F, 0x1B73, 0x1AE3, 0x1987, 0x17A1, 0x1571,
    0x1336, 0x1131, 0x0F28, 0x0CCE, 0x0A4B, 0x07C3, 0x055C, 0x033C, 0x0189, 0x0068, 0x0000, 0xFF4E, 0x0359, 0x0250, 0xFFD2, 0xFD3B,
    0xFBEB, 0xFC1D, 0xFCF6, 0xFE2B, 0xFF76, 0x008C, 0x0128, 0x0155, 0x0157, 0x0138, 0x0102, 0x00C0, 0x007B, 0x003D, 0x0011, 0x0000,
    0x31B4, 0x240D, 0x2028, 0x1EC5, 0x1EDD, 0x1F68, 0x200E, 0x211B, 0x2283, 0x2438, 0x262B, 0x284E, 0x2AE3, 0x2E0E, 0x3190, 0x352F,
    0x38AC, 0x3BCD, 0x3E53, 0x4003, 0x40A1,
};

static const u16 anim_50_indices[] = {
    0x0001, 0x0000, 0x0001, 0x0001, 0x0006, 0x0002, 0x0001, 0x0000, 0x0001, 0x0008, 0x0001, 0x0000, 0x0001, 0x0000, 0x0001, 0x0000,
    0x0001, 0x00D1, 0x0006, 0x00BF, 0x0006, 0x00C5, 0x0006, 0x00CB, 0x0006, 0x00AD, 0x0006, 0x00B3, 0x0006, 0x00B9, 0x0001, 0x00A9,
    0x0001, 0x00AA, 0x0001, 0x00AB, 0x0006, 0x0021, 0x0006, 0x0027, 0x0006, 0x002D, 0x0001, 0x0000, 0x0001, 0x0000, 0x0006, 0x001B,
    0x0006, 0x0009, 0x0006, 0x000F, 0x0006, 0x0015, 0x0001, 0x00A5, 0x0001, 0x00A6, 0x0001, 0x00A7, 0x0006, 0x004B, 0x0006, 0x0051,
    0x0006, 0x0057, 0x0001, 0x0000, 0x0001, 0x0000, 0x0006, 0x0045, 0x0006, 0x0033, 0x0006, 0x0039, 0x0006, 0x003F, 0x0001, 0x0000,
    0x0001, 0x0000, 0x0001, 0x00A8, 0x0006, 0x0093, 0x0006, 0x0099, 0x0006, 0x009F, 0x0001, 0x0000, 0x0001, 0x0000, 0x0006, 0x008D,
    0x0001, 0x0000, 0x0001, 0x0000, 0x0006, 0x0087, 0x0001, 0x0000, 0x0001, 0x0000, 0x0001, 0x00AC, 0x0006, 0x0075, 0x0006, 0x007B,
    0x0006, 0x0081, 0x0001, 0x0000, 0x0001, 0x0000, 0x0006, 0x006F, 0x0006, 0x005D, 0x0006, 0x0063, 0x0006, 0x0069,
};

static const s16 anim_50_values[] = {
    0x0000, 0x00AA, 0x0000, 0x0000, 0x0000, 0x0000, 0x0000, 0x0000, 0x3FFF, 0x0000, 0xFFA8, 0xFED3, 0xFDD4, 0xFCF9, 0xFC93, 0xF97C,
    0xF989, 0xF9AE, 0xF9E5, 0xFA29, 0xFA73, 0xED8C, 0xEFDC, 0xF564, 0xFC08, 0x01AA, 0x042F, 0xE67B, 0xE759, 0xE95B, 0xEBA0, 0xED45,
    0xED69, 0xCA25, 0xCEFD, 0xDA95, 0xE884, 0xF460, 0xF9C2, 0xD6DA, 0xD8DD, 0xDDCA, 0xE3F9, 0xE9C0, 0xED76, 0xFDA5, 0xF973, 0xEF38,
    0xE27A, 0xD6BF, 0xCF8D, 0x020B, 0x0220, 0x0251, 0x028A, 0x02B6, 0x02C2, 0x03A9, 0x039B, 0x0379, 0x0352, 0x0332, 0x0328, 0xF578,
    0xF670, 0xF8B6, 0xFB5C, 0xFD73, 0xFE0B, 0xDAE3, 0xDCF7, 0xE205, 0xE847, 0xEDF9, 0xF156, 0x3BED, 0x36EC, 0x2B11, 0x1D19, 0x11BE,
    0x0DBD, 0x29A2, 0x274A, 0x21AE, 0x1AEB, 0x1520, 0x126D, 0xF54C, 0xF147, 0xE7C3, 0xDC8E, 0xD377, 0xD04D, 0xFFC5, 0xFFBE, 0xFFAC,
    0xFF96, 0xFF81, 0xFF76, 0xFF39, 0xFF3D, 0xFF47, 0xFF53, 0xFF5E, 0xFF65, 0xD5A9, 0xD752, 0xDB5C, 0xE05B, 0xE4E8, 0xE797, 0x41BC,
    0x3E24, 0x355B, 0x2A60, 0x2031, 0x19CE, 0x0768, 0x07C0, 0x089A, 0x09B3, 0x0AC7, 0x0B92, 0x0954, 0x08B1, 0x0726, 0x0543, 0x0396,
    0x02AE, 0xA3E7, 0xA667, 0xAC7E, 0xB40E, 0xBAFA, 0xBF23, 0xCB11, 0xCBBF, 0xCD66, 0xCF71, 0xD14D, 0xD266, 0x4CBC, 0x49E6, 0x4324,
    0x3B11, 0x344B, 0x3170, 0xF894, 0xF837, 0xF753, 0xF631, 0xF51C, 0xF460, 0xF606, 0xF6AC, 0xF832, 0xF9F6, 0xFB53, 0xFBA8, 0x98E7,
    0x9B68, 0xA15A, 0xA860, 0xAE20, 0xB03E, 0x7FFF, 0x7FFF, 0x4171, 0xBF5F, 0x7FFF, 0x7FFF, 0x4171, 0xBF5F, 0x007C, 0x005E, 0x0018,
    0xFFC6, 0xFF80, 0xFF63, 0x0215, 0x0214, 0x0212, 0x020F, 0x020D, 0x020C, 0x02F2, 0x00BE, 0xFB7F, 0xF539, 0xEFF6, 0xEDBC, 0xFFB1,
    0xFFC0, 0xFFE5, 0x0010, 0x0036, 0x0049, 0xFF67, 0xFF67, 0xFF66, 0xFF66, 0xFF65, 0xFF64, 0x211B, 0x1D60, 0x146A, 0x0991, 0x0030,
    0xFB9F, 0x40A1,
};

static const u16 anim_53_indices[] = {
    0x0001, 0x0000, 0x0019, 0x0001, 0x0019, 0x001A, 0x0001, 0x0000, 0x0001, 0x0033, 0x0001, 0x0000, 0x0019, 0x038E, 0x0019, 0x03A7,
    0x0019, 0x03C0, 0x0019, 0x0343, 0x0019, 0x035C, 0x0019, 0x0375, 0x0019, 0x02F8, 0x0019, 0x0311, 0x0019, 0x032A, 0x0001, 0x02F4,
    0x0001, 0x02F5, 0x0001, 0x02F6, 0x0019, 0x0098, 0x0019, 0x00B1, 0x0019, 0x00CA, 0x0001, 0x0000, 0x0001, 0x0000, 0x0019, 0x007F,
    0x0019, 0x0034, 0x0019, 0x004D, 0x0019, 0x0066, 0x0001, 0x02F0, 0x0001, 0x02F1, 0x0001, 0x02F2, 0x0019, 0x0147, 0x0019, 0x0160,
    0x0019, 0x0179, 0x0001, 0x0000, 0x0001, 0x0000, 0x0019, 0x012E, 0x0019, 0x00E3, 0x0019, 0x00FC, 0x0019, 0x0115, 0x0001, 0x0000,
    0x0001, 0x0000, 0x0001, 0x02F3, 0x0019, 0x02A5, 0x0019, 0x02BE, 0x0019, 0x02D7, 0x0001, 0x0000, 0x0001, 0x0000, 0x0019, 0x028C,
    0x0019, 0x0241, 0x0019, 0x025A, 0x0019, 0x0273, 0x0001, 0x0000, 0x0001, 0x0000, 0x0001, 0x02F7, 0x0019, 0x01F6, 0x0019, 0x020F,
    0x0019, 0x0228, 0x0001, 0x0000, 0x0001, 0x0000, 0x0019, 0x01DD, 0x0019, 0x0192, 0x0019, 0x01AB, 0x0019, 0x01C4,
};

static const s16 anim_53_values[] = {
    0x0000, 0x004A, 0x004B, 0x004C, 0x004E, 0x0051, 0x0055, 0x0059, 0x005E, 0x0063, 0x0069, 0x006E, 0x0074, 0x007A, 0x0080, 0x0086,
    0x008C, 0x0091, 0x0096, 0x009B, 0x009F, 0x00A3, 0x00A6, 0x00A8, 0x00A9, 0x00AA, 0xFFDD, 0xFFDD, 0xFFDE, 0xFFDF, 0xFFE0, 0xFFE1,
    0xFFE3, 0xFFE4, 0xFFE6, 0xFFE8, 0xFFEA, 0xFFED, 0xFFEF, 0xFFF1, 0xFFF3, 0xFFF5, 0xFFF7, 0xFFF9, 0xFFFB, 0xFFFD, 0xFFFE, 0xFFFF,
    0x0000, 0x0000, 0x0000, 0x3FFF, 0xD3BC, 0xD3F5, 0xD49B, 0xD5A3, 0xD703, 0xD8B2, 0xDAA6, 0xDCD6, 0xDF36, 0xE1BD, 0xE463, 0xE71B,
    0xE9DE, 0xECA1, 0xEF5A, 0xF1FF, 0xF486, 0xF6E7, 0xF916, 0xFB0A, 0xFCB9, 0xFE1A, 0xFF22, 0xFFC7, 0x0000, 0xF442, 0xF449, 0xF45C,
    0xF47C, 0xF4A5, 0xF4D8, 0xF513, 0xF555, 0xF59D, 0xF5E9, 0xF639, 0xF68B, 0xF6DF, 0xF732, 0xF785, 0xF7D4, 0xF821, 0xF869, 0xF8AB,
    0xF8E6, 0xF919, 0xF942, 0xF961, 0xF975, 0xF97C, 0xF0C3, 0xF0BF, 0xF0B3, 0xF0A0, 0xF086, 0xF067, 0xF043, 0xF01A, 0xEFEE, 0xEFBF,
    0xEF8E, 0xEF5B, 0xEF27, 0xEEF4, 0xEEC1, 0xEE90, 0xEE61, 0xEE35, 0xEE0C, 0xEDE8, 0xEDC9, 0xEDAF, 0xED9C, 0xED90, 0xED8C, 0xD5BB,
    0xD5C2, 0xD5D7, 0xD5F9, 0xD627, 0xD65E, 0xD69E, 0xD6E6, 0xD734, 0xD788, 0xD7DF, 0xD838, 0xD893, 0xD8EE, 0xD948, 0xD99F, 0xD9F2,
    0xDA40, 0xDA88, 0xDAC9, 0xDB00, 0xDB2D, 0xDB4F, 0xDB65, 0xDB6C, 0xE897, 0xE865, 0xE7DC, 0xE715, 0xE624, 0xE521, 0xE422, 0xE33E,
    0xE28C, 0xE221, 0xE214, 0xE27C, 0xE370, 0xE505, 0xE753, 0xEA70, 0xEE72, 0xF371, 0xF981, 0x00BA, 0x0934, 0x1303, 0x1E3F, 0x2AFE,
    0x2D60, 0xE6FA, 0xE6B3, 0xE5E8, 0xE4AD, 0xE313, 0xE12C, 0xDF0B, 0xDCC1, 0xDA62, 0xD7FF, 0xD5AA, 0xD376, 0xD174, 0xCFB8, 0xCE52,
    0xCD4D, 0xCC9A, 0xCC29, 0xCBE9, 0xCBCB, 0xCBBC, 0xCBAE, 0xCB8F, 0xCB4E, 0xCAF3, 0x1770, 0x172A, 0x165B, 0x1506, 0x1330, 0x10DB,
    0x0E0C, 0x0AC6, 0x070E, 0x02E7, 0xFE56, 0xF95C, 0xF3FF, 0xEE42, 0xE829, 0xE0DA, 0xD7BF, 0xCD3D, 0xC1BB, 0xB59F, 0xA94F, 0x9D32,
    0x91AE, 0x872A, 0x854D, 0xE0EB, 0xE243, 0xE5D4, 0xEAF0, 0xF0E5, 0xF703, 0xFC9B, 0x00FB, 0x0375, 0x048E, 0x054A, 0x05B4, 0x05D4,
    0x05B7, 0x0566, 0x04EB, 0x0451, 0x03A3, 0x02EA, 0x0231, 0x0182, 0x00E9, 0x006E, 0x001D, 0x0000, 0x03F5, 0x03EE, 0x03DC, 0x03BF,
    0x039C, 0x0373, 0x0347, 0x031A, 0x02EE, 0x02C1, 0x028D, 0x0255, 0x021A, 0x01DC, 0x019E, 0x015F, 0x0122, 0x00E8, 0x00B2, 0x0080,
    0x0055, 0x0031, 0x0017, 0x0005, 0x0000, 0xE246, 0xE266, 0xE2BF, 0xE347, 0xE3F2, 0xE4B7, 0xE58B, 0xE663, 0xE734, 0xE80F, 0xE906,
    0xEA12, 0xEB30, 0xEC58, 0xED84, 0xEEB0, 0xEFD4, 0xF0EC, 0xF1F2, 0xF2DF, 0xF3AE, 0xF459, 0xF4DB, 0xF52D, 0xF549, 0xCEA6, 0xCED3,
    0xCF55, 0xD025, 0xD13A, 0xD28C, 0xD415, 0xD5CC, 0xD7AA, 0xD9A7, 0xDBBB, 0xDDDE, 0xE009, 0xE234, 0xE458, 0xE66C, 0xE868, 0xEA46,
    0xEBFD, 0xED86, 0xEED9, 0xEFEE, 0xF0BD, 0xF13F, 0xF16C, 0x49A0, 0x4B85, 0x50DC, 0x591F, 0x63CC, 0x705C, 0x7E4C, 0x8D1A, 0x9C3B,
    0xAB2F, 0xB971, 0xC67B, 0xD1CB, 0xDADA, 0xE126, 0xE3ED, 0xE348, 0xDFF4, 0xDAAC, 0xD42E, 0xCD37, 0xC683, 0xC0D0, 0xBCD9, 0xBB5D,
    0x167A, 0x16CF, 0x17C0, 0x1937, 0x1B1C, 0x1D59, 0x1FD9, 0x2284, 0x2544, 0x2803, 0x2AA9, 0x2D22, 0x2F56, 0x312F, 0x3296, 0x3382,
    0x3403, 0x342F, 0x3416, 0x33CD, 0x3366, 0x32F5, 0x328C, 0x3240, 0x3222, 0x2327, 0x24A3, 0x28CB, 0x2F35, 0x3771, 0x4113, 0x4BAF,
    0x56D5, 0x621A, 0x6D11, 0x774B, 0x805F, 0x87D9, 0x8D50, 0x9056, 0x8FBE, 0x8B42, 0x83CF, 0x7A53, 0x6FC0, 0x6503, 0x5B0A, 0x52C3,
    0x4D1D, 0x4B06, 0xFFF8, 0xFFF7, 0xFFF5, 0xFFF3, 0xFFEF, 0xFFEA, 0xFFE5, 0xFFDF, 0xFFD9, 0xFFD2, 0xFFCB, 0xFFC4, 0xFFBC, 0xFFB5,
    0xFFAE, 0xFFA7, 0xFFA0, 0xFF99, 0xFF94, 0xFF8E, 0xFF8A, 0xFF86, 0xFF83, 0xFF82, 0xFF81, 0xFF30, 0xFF31, 0xFF31, 0xFF32, 0xFF33,
    0xFF35, 0xFF37, 0xFF39, 0xFF3B, 0xFF3E, 0xFF41, 0xFF43, 0xFF46, 0xFF49, 0xFF4B, 0xFF4E, 0xFF50, 0xFF53, 0xFF55, 0xFF57, 0xFF58,
    0xFF5A, 0xFF5B, 0xFF5B, 0xFF5B, 0xCBFA, 0xCC1A, 0xCC76, 0xCD0A, 0xCDCF, 0xCEC0, 0xCFD8, 0xD111, 0xD265, 0xD3CF, 0xD54A, 0xD6D0,
    0xD85B, 0xD9E7, 0xDB6C, 0xDCE7, 0xDE51, 0xDFA6, 0xE0DE, 0xE1F6, 0xE2E7, 0xE3AD, 0xE440, 0xE49D, 0xE4BD, 0x1605, 0x1606, 0x1606,
    0x1607, 0x1608, 0x1609, 0x160A, 0x160C, 0x160D, 0x160F, 0x1611, 0x1613, 0x1615, 0x1616, 0x1618, 0x161A, 0x161C, 0x161D, 0x161F,
    0x1620, 0x1621, 0x1622, 0x1623, 0x1623, 0x1624, 0x0675, 0x067E, 0x0697, 0x06BF, 0x06F5, 0x0737, 0x0783, 0x07D9, 0x0835, 0x0898,
    0x0900, 0x096A, 0x09D6, 0x0A42, 0x0AAC, 0x0B13, 0x0B76, 0x0BD3, 0x0C28, 0x0C75, 0x0CB7, 0x0CEC, 0x0D15, 0x0D2E, 0x0D37, 0xFCFD,
    0xFD0A, 0xFD2E, 0xFD67, 0xFDB3, 0xFE11, 0xFE7D, 0xFEF6, 0xFF7A, 0x0005, 0x0098, 0x012F, 0x01C8, 0x0261, 0x02F8, 0x038A, 0x0416,
    0x049A, 0x0513, 0x0580, 0x05DD, 0x0629, 0x0662, 0x0686, 0x0693, 0xA81E, 0xA82E, 0xA85C, 0xA8A7, 0xA90A, 0xA983, 0xAA0F, 0xAAAD,
    0xAB58, 0xAC0E, 0xACCC, 0xAD90, 0xAE57, 0xAF1D, 0xAFE1, 0xB09F, 0xB155, 0xB200, 0xB29E, 0xB32A, 0xB3A3, 0xB407, 0xB451, 0xB47F,
    0xB48F, 0xFB0A, 0xFB10, 0xFB23, 0xFB40, 0xFB68, 0xFB98, 0xFBD0, 0xFC0F, 0xFC53, 0xFC9C, 0xFCE8, 0xFD36, 0xFD85, 0xFDD4, 0xFE23,
    0xFE6E, 0xFEB7, 0xFEFB, 0xFF3A, 0xFF72, 0xFFA2, 0xFFCA, 0xFFE8, 0xFFFA, 0x0000, 0xFD4D, 0xFD50, 0xFD5A, 0xFD6A, 0xFD80, 0xFD9A,
    0xFDB9, 0xFDDB, 0xFE00, 0xFE28, 0xFE51, 0xFE7C, 0xFEA7, 0xFED2, 0xFEFC, 0xFF26, 0xFF4D, 0xFF72, 0xFF94, 0xFFB3, 0xFFCD, 0xFFE3,
    0xFFF3, 0xFFFD, 0x0000, 0xA73E, 0xA788, 0xA85D, 0xA9B1, 0xAB77, 0xADA3, 0xB027, 0xB2F7, 0xB606, 0xB948, 0xBCB0, 0xC031, 0xC3BF,
    0xC74D, 0xCACF, 0xCE37, 0xD179, 0xD488, 0xD758, 0xD9DC, 0xDC08, 0xDDCE, 0xDF21, 0xDFF7, 0xE041, 0x61F7, 0x61DB, 0x618A, 0x6109,
    0x605D, 0x5F8A, 0x5E95, 0x5D84, 0x5C5B, 0x5B1E, 0x59D3, 0x587F, 0x5725, 0x55CC, 0x5477, 0x532C, 0x51F0, 0x50C6, 0x4FB5, 0x4EC1,
    0x4DEE, 0x4D42, 0x4CC1, 0x4C70, 0x4C54, 0xFC1D, 0xFC22, 0xFC31, 0xFC49, 0xFC68, 0xFC8E, 0xFCBB, 0xFCED, 0xFD23, 0xFD5D, 0xFD99,
    0xFDD7, 0xFE16, 0xFE55, 0xFE94, 0xFED0, 0xFF0A, 0xFF40, 0xFF72, 0xFF9E, 0xFFC5, 0xFFE4, 0xFFFC, 0x000A, 0x000F, 0xEB36, 0xEB36,
    0xEB37, 0xEB37, 0xEB38, 0xEB39, 0xEB3A, 0xEB3B, 0xEB3D, 0xEB3E, 0xEB40, 0xEB41, 0xEB43, 0xEB45, 0xEB46, 0xEB48, 0xEB49, 0xEB4A,
    0xEB4C, 0xEB4D, 0xEB4E, 0xEB4F, 0xEB4F, 0xEB50, 0xEB50, 0x8D13, 0x8CF1, 0x8C8F, 0x8BF3, 0x8B23, 0x8A24, 0x88FC, 0x87B1, 0x8649,
    0x84CA, 0x8339, 0x819D, 0x7FF8, 0x7E56, 0x7CB9, 0x7B29, 0x79AA, 0x7842, 0x76F7, 0x75CF, 0x74D0, 0x73FF, 0x7363, 0x7301, 0x72DF,
    0x8001, 0x8001, 0x4171, 0xBF5F, 0x8001, 0x8001, 0x4171, 0xBF5F, 0x11CF, 0x11AD, 0x114B, 0x10AE, 0x0FDD, 0x0EDD, 0x0DB5, 0x0C69,
    0x0B00, 0x097F, 0x07EE, 0x0650, 0x04AD, 0x0309, 0x016C, 0xFFDB, 0xFE5B, 0xFCF2, 0xFBA6, 0xFA7D, 0xF97D, 0xF8AC, 0xF80F, 0xF7AD,
    0xF78B, 0xF4A2, 0xF4B6, 0xF4F1, 0xF54D, 0xF5C9, 0xF661, 0xF710, 0xF7D5, 0xF8AA, 0xF98E, 0xFA7C, 0xFB71, 0xFC69, 0xFD61, 0xFE56,
    0xFF44, 0x0026, 0x00FC, 0x01C1, 0x0270, 0x0308, 0x0384, 0x03E0, 0x041B, 0x042F, 0x1A18, 0x1A19, 0x1A1C, 0x1A21, 0x1A27, 0x1A2F,
    0x1A38, 0x1A43, 0x1A4E, 0x1A59, 0x1A66, 0x1A73, 0x1A80, 0x1A8C, 0x1A99, 0x1AA6, 0x1AB1, 0x1ABD, 0x1AC7, 0x1AD0, 0x1AD8, 0x1ADE,
    0x1AE3, 0x1AE6, 0x1AE7, 0xF33B, 0xF358, 0xF3AC, 0xF433, 0xF4E6, 0xF5C1, 0xF6BF, 0xF7DB, 0xF911, 0xFA5A, 0xFBB2, 0xFD14, 0xFE7C,
    0xFFE3, 0x0144, 0x029C, 0x03E5, 0x051B, 0x0637, 0x0735, 0x0810, 0x08C3, 0x094A, 0x099E, 0x09BB, 0xFCB4, 0xFCB9, 0xFCC8, 0xFCE0,
    0xFD00, 0xFD28, 0xFD55, 0xFD88, 0xFDC0, 0xFDFB, 0xFE39, 0xFE79, 0xFEB9, 0xFEFA, 0xFF39, 0xFF77, 0xFFB2, 0xFFEA, 0x001C, 0x004A,
    0x0071, 0x0091, 0x00AA, 0x00B9, 0x00BE, 0x1203, 0x11EB, 0x11A7, 0x113A, 0x10A8, 0x0FF6, 0x0F28, 0x0E41, 0x0D46, 0x0C3B, 0x0B23,
    0x0A03, 0x08E0, 0x07BC, 0x069C, 0x0585, 0x047A, 0x037F, 0x0298, 0x01C9, 0x0117, 0x0086, 0x0019, 0xFFD6, 0xFFBE, 0xF1AC, 0xF1BF,
    0xF1F5, 0xF24A, 0xF2BC, 0xF348, 0xF3EA, 0xF49E, 0xF563, 0xF635, 0xF710, 0xF7F2, 0xF8D6, 0xF9BB, 0xFA9D, 0xFB78, 0xFC4A, 0xFD0E,
    0xFDC3, 0xFE65, 0xFEF1, 0xFF63, 0xFFB8, 0xFFEE, 0x0000, 0xFF34, 0xFF35, 0xFF38, 0xFF3C, 0xFF43, 0xFF4B, 0xFF54, 0xFF5E, 0xFF69,
    0xFF74, 0xFF81, 0xFF8D, 0xFF9A, 0xFFA7, 0xFFB3, 0xFFC0, 0xFFCB, 0xFFD6, 0xFFE0, 0xFFEA, 0xFFF1, 0xFFF8, 0xFFFC, 0xFFFF, 0x0000,
    0x0D43, 0x0D86, 0x0E46, 0x0F78, 0x1111, 0x1306, 0x154A, 0x17D3, 0x1A94, 0x1D84, 0x2096, 0x23BE, 0x26F2, 0x2A26, 0x2D4F, 0x3060,
    0x3350, 0x3612, 0x389A, 0x3ADF, 0x3CD3, 0x3E6C, 0x3F9E, 0x405E, 0x40A1,
};

static const u16 anim_56_57_indices[] = {
    0x0001, 0x0000, 0x0018, 0x0001, 0x0018, 0x0019, 0x0001, 0x0000, 0x0001, 0x0031, 0x0001, 0x0000, 0x0001, 0x0000, 0x0001, 0x0000,
    0x0018, 0x02F4, 0x0018, 0x02AC, 0x0018, 0x02C4, 0x0018, 0x02DC, 0x0018, 0x0264, 0x0018, 0x027C, 0x0018, 0x0294, 0x0001, 0x0260,
    0x0001, 0x0261, 0x0001, 0x0262, 0x0018, 0x004C, 0x0018, 0x0064, 0x0018, 0x007C, 0x0001, 0x0000, 0x0001, 0x0000, 0x0018, 0x0034,
    0x0001, 0x0000, 0x0001, 0x0032, 0x0001, 0x0033, 0x0001, 0x0245, 0x0001, 0x0246, 0x0001, 0x0247, 0x0018, 0x00AD, 0x0018, 0x00C5,
    0x0018, 0x00DD, 0x0001, 0x0000, 0x0001, 0x0000, 0x0018, 0x0095, 0x0001, 0x0000, 0x0001, 0x0000, 0x0001, 0x0094, 0x0001, 0x0000,
    0x0001, 0x0000, 0x0018, 0x0248, 0x0018, 0x01FD, 0x0018, 0x0215, 0x0018, 0x022D, 0x0001, 0x0000, 0x0001, 0x0000, 0x0018, 0x01E5,
    0x0018, 0x019D, 0x0018, 0x01B5, 0x0018, 0x01CD, 0x0001, 0x0000, 0x0001, 0x0000, 0x0001, 0x0263, 0x0018, 0x0155, 0x0018, 0x016D,
    0x0018, 0x0185, 0x0001, 0x0000, 0x0001, 0x0000, 0x0018, 0x013D, 0x0018, 0x00F5, 0x0018, 0x010D, 0x0018, 0x0125,
};

static const s16 anim_56_57_values[] = {
    0x0000, 0x00AA, 0x00AA, 0x00AA, 0x00AA, 0x00AA, 0x00AA, 0x00AA, 0x00AA, 0x00AA, 0x00AA, 0x0078, 0x006B, 0x0075, 0x0081, 0x0087,
    0x008D, 0x0092, 0x0096, 0x009A, 0x009F, 0x00A3, 0x00A6, 0x00A9, 0x00AA, 0x0000, 0x0000, 0x0000, 0x0000, 0x0000, 0x0000, 0x0000,
    0x0000, 0x0000, 0x0000, 0x0000, 0x0000, 0x0000, 0x0000, 0x0000, 0x0000, 0x0000, 0x0000, 0x0000, 0x0000, 0x0000, 0x0000, 0x0000,
    0x0000, 0x3FFF, 0xF97C, 0xED8C, 0xDB6C, 0xDB34, 0xDA99, 0xD9B0, 0xD88A, 0xD73D, 0xD5DC, 0xD479, 0xD32A, 0xD200, 0xD111, 0xD0D4,
    0xD11F, 0xD111, 0xD075, 0xCFB3, 0xCED8, 0xCDF0, 0xCD0A, 0xCC30, 0xCB71, 0xCAD9, 0xCA74, 0xCA4F, 0x2D63, 0x3122, 0x3B80, 0x4B2C,
    0x5ED7, 0x7530, 0x8CE7, 0xA4AC, 0xBB2F, 0xCF1F, 0xDF2E, 0xE4C8, 0xE143, 0xDF2E, 0xE1B3, 0xE4D6, 0xE85F, 0xEC1B, 0xEFD5, 0xF358,
    0xF66F, 0xF8E5, 0xFA86, 0xFB1D, 0xCAF3, 0xCB59, 0xCC72, 0xCE1B, 0xD031, 0xD28F, 0xD512, 0xD797, 0xD9FA, 0xDC17, 0xDDCA, 0xDE9F,
    0xDE7C, 0xDDCA, 0xDCCE, 0xDB94, 0xDA31, 0xD8BB, 0xD746, 0xD5E6, 0xD4B1, 0xD3BA, 0xD317, 0xD2DC, 0x854A, 0x8245, 0x79E9, 0x6D46,
    0x5D6A, 0x4B65, 0x3846, 0x251C, 0x12F5, 0x02E1, 0xF5F0, 0xF19B, 0xF49F, 0xF5F0, 0xF2F0, 0xEF35, 0xEB00, 0xE68F, 0xE220, 0xDDF2,
    0xDA45, 0xD757, 0xD567, 0xD4B4, 0xF549, 0xF16C, 0xF0D6, 0xEF37, 0xECC7, 0xE9BB, 0xE64A, 0xE2AB, 0xDF15, 0xDBBD, 0xD8DB, 0xD6A4,
    0xD4DA, 0xD31D, 0xD170, 0xCFD7, 0xCE58, 0xCCF6, 0xCBB5, 0xCA9A, 0xC9A9, 0xC8E6, 0xC856, 0xC7FC, 0xC7DD, 0xBB5A, 0xB743, 0xAC0C,
    0x9B4A, 0x8692, 0x6F7B, 0x5799, 0x4081, 0x2BCA, 0x1B08, 0x0FD1, 0x08E5, 0x03D0, 0x0058, 0xFE45, 0xFD5C, 0xFD65, 0xFE27, 0xFF67,
    0x00ED, 0x0280, 0x03E8, 0x04E9, 0x054B, 0x3222, 0x31AB, 0x3069, 0x2E8B, 0x2C44, 0x29C5, 0x273F, 0x24E3, 0x22E2, 0x216F, 0x20B9,
    0x20AD, 0x210A, 0x21BD, 0x22B5, 0x23DF, 0x252A, 0x2683, 0x27D8, 0x2918, 0x2A30, 0x2B0F, 0x2BA1, 0x2BD6, 0x4B06, 0x485E, 0x4116,
    0x3633, 0x28B9, 0x19AD, 0x0A16, 0xFAF8, 0xED57, 0xE239, 0xDAA2, 0xD5BC, 0xD1EA, 0xCF0E, 0xCD0A, 0xCBBE, 0xCB0D, 0xCAD6, 0xCAFC,
    0xCB61, 0xCBE4, 0xCC68, 0xCCCD, 0xCCF6, 0xFF81, 0xFF5C, 0xFF09, 0xFEB6, 0xFE8F, 0xFEC0, 0xFF76, 0x0147, 0x0426, 0x0741, 0x09C7,
    0x0945, 0x07FD, 0x0817, 0x0733, 0x062E, 0x051D, 0x0417, 0x0330, 0x0257, 0x017C, 0x00BC, 0x0033, 0x0000, 0xFF5B, 0xFF55, 0xFF46,
    0xFF37, 0xFF32, 0xFF3E, 0xFF65, 0xFFC6, 0x005D, 0x00FF, 0x017E, 0x013D, 0x0129, 0xFFD1, 0xFFA1, 0xFF91, 0xFF92, 0xFF96, 0xFF90,
    0xFF7C, 0xFF62, 0xFF4A, 0xFF37, 0xFF30, 0xE4BD, 0xE5D7, 0xE855, 0xEAFB, 0xEC90, 0xEBD7, 0xE797, 0xDC2A, 0xC9F4, 0xB5C9, 0xA47F,
    0xA062, 0xA9B3, 0xAEEF, 0xB1E5, 0xB49E, 0xB735, 0xB9C3, 0xBC63, 0xBF82, 0xC30F, 0xC666, 0xC8E0, 0xC9D8, 0x1624, 0x14F1, 0x1232,
    0x0F27, 0x0D13, 0x0D38, 0x10D8, 0x1B62, 0x2C6F, 0x3F78, 0x4FF9, 0x5584, 0x4D0C, 0x4703, 0x424C, 0x3DA9, 0x3924, 0x34C6, 0x3098,
    0x2C16, 0x2738, 0x22C7, 0x1F8A, 0x1E4A, 0x0D37, 0x0D6C, 0x0DEC, 0x0E8A, 0x0F18, 0x0F69, 0x0F4E, 0x0E72, 0x0CE9, 0x0B1B, 0x0976,
    0x082A, 0x0735, 0x0838, 0x0A7B, 0x0CF1, 0x0F6F, 0x11CD, 0x13E1, 0x15D4, 0x17C1, 0x196B, 0x1A97, 0x1B09, 0x0693, 0x0635, 0x055D,
    0x046A, 0x03BA, 0x03AF, 0x04A6, 0x079E, 0x0C76, 0x11DF, 0x1688, 0x17E4, 0x17C6, 0x16F8, 0x1638, 0x1574, 0x14B4, 0x1400, 0x1361,
    0x12CB, 0x123A, 0x11BD, 0x1165, 0x1144, 0xB48F, 0xB5DD, 0xB902, 0xBCD8, 0xC038, 0xC1FC, 0xC0FD, 0xBAD4, 0xAFFC, 0xA3A2, 0x98F2,
    0x9504, 0x9431, 0x9699, 0x995E, 0x9C41, 0x9F1C, 0xA1CC, 0xA42B, 0xA666, 0xA894, 0xAA74, 0xABC5, 0xAC44, 0x0000, 0x0005, 0x0012,
    0x001F, 0x0024, 0x001C, 0x0000, 0xFF98, 0xFEF1, 0xFE6A, 0xFE62, 0x01B5, 0x0000, 0x0047, 0x0046, 0x003D, 0x0030, 0x0023, 0x0018,
    0x0010, 0x0008, 0x0002, 0x0000, 0x0000, 0x0000, 0xFFFA, 0xFFEB, 0xFFDD, 0xFFD6, 0xFFE0, 0x0000, 0x0063, 0x0101, 0x0194, 0x01D8,
    0x0019, 0x0000, 0x0295, 0x0296, 0x0252, 0x01E6, 0x0172, 0x0114, 0x00BF, 0x0065, 0x001D, 0x0000, 0x0000, 0xE041, 0xDFE3, 0xDEC5,
    0xDCE3, 0xDA36, 0xD6B9, 0xD266, 0xCBE1, 0xC2F5, 0xB95A, 0xB0C9, 0xAD07, 0xB2A8, 0xADF6, 0xAF5E, 0xB16F, 0xB3DA, 0xB64D, 0xB878,
    0xBA9C, 0xBCD2, 0xBE8D, 0xBF40, 0xBF40, 0x4C54, 0x4C54, 0x4C55, 0x4C56, 0x4C57, 0x4C56, 0x4C54, 0x4C11, 0x4BA4, 0x4B86, 0x4C30,
    0x526E, 0x4AC9, 0x485F, 0x4427, 0x3FAF, 0x3B26, 0x36BA, 0x329C, 0x2E51, 0x29F5, 0x2693, 0x2537, 0x2537, 0x000F, 0x002B, 0x0068,
    0x00A5, 0x00C1, 0x009A, 0x000F, 0xFEB8, 0xFC9D, 0xFA46, 0xF83A, 0xF777, 0xF749, 0xF1FB, 0xEE15, 0xEA41, 0xE68E, 0xE30F, 0xDFD3,
    0xDC9B, 0xD985, 0xD734, 0xD64A, 0xD64A, 0xEB50, 0xEB49, 0xEB3B, 0xEB2D, 0xEB26, 0xEB2F, 0xEB50, 0xEBA4, 0xEC2A, 0xECB6, 0xED20,
    0xECC5, 0xEBDC, 0xED15, 0xECA4, 0xEBF5, 0xEB37, 0xEA99, 0xEA4A, 0xEA8B, 0xEB39, 0xEBEE, 0xEC41, 0xEC41, 0x72E2, 0x728D, 0x71D1,
    0x7115, 0x70C0, 0x7137, 0x72E2, 0x7708, 0x7D8B, 0x84BA, 0x8AE6, 0x8C61, 0x8B9C, 0x94AC, 0x996E, 0x9DCF, 0xA1E3, 0xA5BE, 0xA973,
    0xAD69, 0xB15D, 0xB467, 0xB59E, 0xB59E, 0x7FFF, 0x7FFF, 0x4171, 0xBF5F, 0xBF5F, 0xBF5F, 0xBF5F, 0xBF5F, 0xBF5F, 0xBF5F, 0xBF86,
    0xBFC7, 0xBFD4, 0xBF5F, 0xBB4C, 0xBF5F, 0xBF5F, 0xBF5F, 0xBF5F, 0xBF5F, 0xBF5F, 0xBF5F, 0xBF5F, 0xBF5F, 0xBF5F, 0xBF5F, 0xBF5F,
    0x7FFF, 0x7FFF, 0x4171, 0xBF5F, 0xF78B, 0xF7B2, 0xF821, 0xF8CA, 0xF9A3, 0xFA9F, 0xFBB2, 0xFCCF, 0xFDEC, 0xFEFD, 0xFFF4, 0x0136,
    0x029B, 0x0345, 0x032E, 0x02EF, 0x0291, 0x021F, 0x01A3, 0x0127, 0x00B5, 0x0057, 0x0017, 0x0000, 0x042F, 0x0436, 0x0449, 0x0465,
    0x0487, 0x04AC, 0x04D0, 0x04F1, 0x050B, 0x051B, 0x051E, 0x04E4, 0x046A, 0x03F1, 0x0383, 0x0307, 0x0282, 0x01FC, 0x017A, 0x0102,
    0x009A, 0x0048, 0x0013, 0x0000, 0x1AE7, 0x1A0D, 0x17BB, 0x144E, 0x1023, 0x0B97, 0x0706, 0x02CC, 0xFF49, 0xFCD6, 0xFBD0, 0x0327,
    0x10FF, 0x187E, 0x17BD, 0x15A0, 0x127C, 0x0EA9, 0x0A7D, 0x0651, 0x027A, 0xFF52, 0xFD2C, 0xFC62, 0x09BB, 0x0998, 0x0936, 0x08A2,
    0x07E9, 0x0717, 0x0638, 0x0559, 0x0486, 0x03CC, 0x0337, 0x0312, 0x0347, 0x034C, 0x0301, 0x02A3, 0x0239, 0x01C8, 0x0157, 0x00EC,
    0x008E, 0x0043, 0x0011, 0x0000, 0x00BE, 0x008D, 0x0005, 0xFF3A, 0xFE38, 0xFD14, 0xFBDF, 0xFAA8, 0xF982, 0xF87E, 0xF7AD, 0xF73C,
    0xF743, 0xF7B6, 0xF876, 0xF964, 0xFA71, 0xFB8D, 0xFCA8, 0xFDB3, 0xFE9D, 0xFF58, 0xFFD4, 0x0000, 0xFFBE, 0x0013, 0x0102, 0x026A,
    0x042E, 0x062E, 0x084D, 0x0A6C, 0x0C6D, 0x0E30, 0x0F98, 0x1023, 0x0FCB, 0x0F2E, 0x0E8D, 0x0DCA, 0x0CF0, 0x0C0C, 0x0B2A, 0x0A56,
    0x099C, 0x0908, 0x08A7, 0x0884, 0x40A1, 0x40A1, 0x40A1, 0x40A1, 0x40A1, 0x40A1, 0x40A1, 0x430C, 0x45B9, 0x47E3, 0x48C7, 0x48A4,
    0x4842, 0x47AD, 0x46F0, 0x4617, 0x452C, 0x443C, 0x4351, 0x4278, 0x41BB, 0x4126, 0x40C4, 0x40A1,
};

static const u16 anim_5A_indices[] = {
    0x0001, 0x0000, 0x0026, 0x0001, 0x0026, 0x0027, 0x0001, 0x0000, 0x0001, 0x004D, 0x0001, 0x0000, 0x0001, 0x0000, 0x0026, 0x061B,
    0x0026, 0x0641, 0x0026, 0x05A9, 0x0026, 0x05CF, 0x0026, 0x05F5, 0x0026, 0x0537, 0x0026, 0x055D, 0x0026, 0x0583, 0x0026, 0x04C4,
    0x0026, 0x04EA, 0x0026, 0x0510, 0x0026, 0x00E6, 0x0026, 0x010C, 0x0026, 0x0132, 0x0001, 0x0000, 0x0001, 0x0000, 0x0026, 0x00C0,
    0x0026, 0x004E, 0x0026, 0x0074, 0x0026, 0x009A, 0x0001, 0x0476, 0x0001, 0x0477, 0x0026, 0x0478, 0x0026, 0x01F0, 0x0026, 0x0216,
    0x0026, 0x023C, 0x0001, 0x0000, 0x0001, 0x0000, 0x0026, 0x01CA, 0x0026, 0x0158, 0x0026, 0x017E, 0x0026, 0x01A4, 0x0001, 0x0000,
    0x0001, 0x0000, 0x0026, 0x049E, 0x0026, 0x0404, 0x0026, 0x042A, 0x0026, 0x0450, 0x0001, 0x0000, 0x0001, 0x0000, 0x0026, 0x03DE,
    0x0026, 0x036C, 0x0026, 0x0392, 0x0026, 0x03B8, 0x0001, 0x0000, 0x0001, 0x0000, 0x0001, 0x0536, 0x0026, 0x02FA, 0x0026, 0x0320,
    0x0026, 0x0346, 0x0001, 0x0000, 0x0001, 0x0000, 0x0026, 0x02D4, 0x0026, 0x0262, 0x0026, 0x0288, 0x0026, 0x02AE,
};

static const s16 anim_5A_values[] = {
    0x0000, 0x0056, 0x0056, 0x0056, 0x0056, 0x0056, 0x0055, 0x0055, 0x0055, 0x0055, 0x0055, 0x0055, 0x0055, 0x0055, 0x0055, 0x0056,
    0x0056, 0x0058, 0x005B, 0x005E, 0x0061, 0x0062, 0x005D, 0x0059, 0x005F, 0x0068, 0x0071, 0x007A, 0x0083, 0x008C, 0x0094, 0x009A,
    0x009F, 0x00A2, 0x00A5, 0x00A7, 0x00A9, 0x00AA, 0x00AA, 0x0000, 0x0000, 0x0000, 0x0000, 0xFFFF, 0xFFFE, 0xFFFD, 0xFFFC, 0xFFFB,
    0xFFFA, 0xFFF9, 0xFFF8, 0xFFF7, 0xFFF7, 0xFFF6, 0xFFF6, 0xFFF6, 0xFFF8, 0xFFFA, 0xFFFC, 0xFFFB, 0xFFF7, 0xFFF4, 0xFFF4, 0xFFF5,
    0xFFF7, 0xFFFA, 0xFFFE, 0x0000, 0x0000, 0x0001, 0x0001, 0x0001, 0x0001, 0x0000, 0x0000, 0x0000, 0x0000, 0x3FFF, 0xDBEB, 0xDD20,
    0xE077, 0xE57E, 0xEBC5, 0xF2DC, 0xFA54, 0x01BB, 0x08A2, 0x0E99, 0x1330, 0x15F7, 0x1740, 0x17BC, 0x1783, 0x16B1, 0x1560, 0x13AA,
    0x11A9, 0x0F77, 0x0D30, 0x0AED, 0x08C8, 0x06DC, 0x0543, 0x03B5, 0x01EB, 0xFFFF, 0xFE09, 0xFC22, 0xFA64, 0xF8E9, 0xF7C9, 0xF71F,
    0xF848, 0xFB5C, 0xFE8A, 0x0000, 0xFBB8, 0xFBAD, 0xFB90, 0xFB67, 0xFB34, 0xFAFF, 0xFACB, 0xFA9E, 0xFA7C, 0xFA6A, 0xFA6E, 0xFA8C,
    0xFACE, 0xFB32, 0xFBB3, 0xFC47, 0xFCE7, 0xFD8B, 0xFE2C, 0xFEC1, 0xFF43, 0xFFAA, 0xFFEE, 0x0007, 0xFFEF, 0xFF7A, 0xFE9A, 0xFD69,
    0xFC06, 0xFA8C, 0xF919, 0xF7C7, 0xF6B5, 0xF5FF, 0xF643, 0xF77E, 0xF8D8, 0xF97C, 0xF52E, 0xF503, 0xF489, 0xF3CF, 0xF2E3, 0xF1D4,
    0xF0AF, 0xEF82, 0xEE5D, 0xED4C, 0xEC5F, 0xEBA2, 0xEAF8, 0xEA3E, 0xE97A, 0xE8B5, 0xE7F5, 0xE743, 0xE6A5, 0xE624, 0xE5C6, 0xE592,
    0xE592, 0xE5CB, 0xE646, 0xE75A, 0xE937, 0xEBA1, 0xEE60, 0xF139, 0xF3F5, 0xF658, 0xF82B, 0xF933, 0xF7B1, 0xF3A7, 0xEF79, 0xED8C,
    0xF186, 0xF1A5, 0xF1F6, 0xF262, 0xF2D5, 0xF339, 0xF379, 0xF380, 0xF33A, 0xF28F, 0xF16C, 0xE220, 0xE2C3, 0xE5D0, 0xE951, 0xEB50,
    0xE960, 0xE5A9, 0xE278, 0xDEFD, 0xDB6E, 0xD7FF, 0xD4E5, 0xD256, 0xD086, 0xCF41, 0xCE2B, 0xCD41, 0xCC80, 0xCBE2, 0xCB65, 0xCB05,
    0xCABE, 0xCA8C, 0xCA6C, 0xCA59, 0xCA51, 0xCA4F, 0xB4B5, 0xB484, 0xB3F3, 0xB309, 0xB1CA, 0xB03C, 0xAE63, 0xAC46, 0xA9E8, 0xA750,
    0xA483, 0xA185, 0x9E5C, 0x9A6C, 0x9520, 0x8E87, 0x86B2, 0x7DAE, 0x72E6, 0x664B, 0x58C4, 0x4B3A, 0x3E92, 0x33B3, 0x2B87, 0x2526,
    0x1F18, 0x1964, 0x1414, 0x0F30, 0x0ABF, 0x06CB, 0x035C, 0x007A, 0xFE2E, 0xFC80, 0xFB77, 0xFB1D, 0x9234, 0x9200, 0x9172, 0x909E,
    0x8F99, 0x8E76, 0x8D4A, 0x8C29, 0x8B28, 0x8A5C, 0x89D7, 0x89AF, 0x89F8, 0x8BAB, 0x8F1F, 0x9374, 0x97CA, 0x9B41, 0x9DCB, 0xA003,
    0xA20B, 0xA403, 0xA60D, 0xA84B, 0xAADD, 0xADE8, 0xB165, 0xB535, 0xB939, 0xBD54, 0xC165, 0xC550, 0xC8F4, 0xCC33, 0xCEEF, 0xD109,
    0xD262, 0xD2DC, 0xCE70, 0xCEB6, 0xCF87, 0xD0DE, 0xD2B7, 0xD50C, 0xD7DA, 0xDB1C, 0xDECE, 0xE2EB, 0xE76E, 0xEC55, 0xF199, 0xF911,
    0x03C4, 0x107A, 0x1DF4, 0x2AF9, 0x3815, 0x4638, 0x54C1, 0x630C, 0x7078, 0x7C62, 0x862A, 0x8EB8, 0x9752, 0x9FD8, 0xA82A, 0xB026,
    0xB7AC, 0xBE9C, 0xC4D4, 0xCA33, 0xCE9A, 0xD1E8, 0xD3FB, 0xD4B4, 0x3CF3, 0x3BCC, 0x389A, 0x33C3, 0x2DAD, 0x26BD, 0x1F5A, 0x17E7,
    0x10CD, 0x0A6F, 0x0534, 0x0182, 0xFFBF, 0x0D54, 0x26BD, 0x32EA, 0x2B1C, 0x1BE8, 0x0943, 0xF71F, 0xE96E, 0xE0E0, 0xDB46, 0xD84B,
    0xD795, 0xD8ED, 0xDBED, 0xDFFD, 0xE483, 0xE8E9, 0xEC95, 0xEFF1, 0xF39A, 0xF745, 0xFAA4, 0xFD6C, 0xFF4F, 0x0000, 0x11A8, 0x11C3,
    0x1212, 0x128B, 0x1327, 0x13E0, 0x14AD, 0x1587, 0x1667, 0x1744, 0x1818, 0x18DB, 0x1986, 0x1A1E, 0x1A96, 0x1AC9, 0x1AAC, 0x1A62,
    0x1A09, 0x19BF, 0x199F, 0x1A2F, 0x1B37, 0x1BBD, 0x1ACA, 0x1818, 0x1463, 0x1029, 0x0BEE, 0x0832, 0x0577, 0x03A6, 0x0247, 0x014C,
    0x00A3, 0x003E, 0x000C, 0x0000, 0x106A, 0x0FD0, 0x0E23, 0x0B95, 0x0859, 0x04A2, 0x00A2, 0xFC8C, 0xF891, 0xF4E4, 0xF1B8, 0xEF40,
    0xEDAD, 0xF2CD, 0xFCD3, 0x0086, 0xFAEF, 0xF1D0, 0xE70B, 0xDC82, 0xD418, 0xCD8D, 0xC807, 0xC483, 0xC3F9, 0xC67A, 0xCAEC, 0xD08C,
    0xD697, 0xDC4B, 0xE0E4, 0xE4CF, 0xE8CE, 0xECA2, 0xF00C, 0xF2CB, 0xF49F, 0xF549, 0xE58E, 0xE589, 0xE57D, 0xE56D, 0xE55C, 0xE54E,
    0xE545, 0xE545, 0xE552, 0xE56D, 0xE59B, 0xE6A4, 0xE893, 0xEA51, 0xEAC7, 0xE8DE, 0xE352, 0xDADC, 0xD164, 0xC8CE, 0xC300, 0xC137,
    0xC258, 0xC4C2, 0xC6D8, 0xC885, 0xCA9A, 0xCCC6, 0xCEBA, 0xD028, 0xD0C1, 0xD052, 0xCF13, 0xCD55, 0xCB6C, 0xC9A9, 0xC85E, 0xC7DD,
    0xBAEE, 0xBAE5, 0xBAD2, 0xBAC2, 0xBAC1, 0xBADA, 0xBB1A, 0xBB8D, 0xBC40, 0xBD3D, 0xBE91, 0xC171, 0xC622, 0xCB4C, 0xCF98, 0xD1AD,
    0xD190, 0xD065, 0xCE7F, 0xCC31, 0xC9CD, 0xC7A8, 0xC615, 0xC566, 0xC5F0, 0xC865, 0xCCD0, 0xD282, 0xD8CF, 0xDF09, 0xE482, 0xE9E8,
    0xEFFC, 0xF630, 0xFBF9, 0x00C9, 0x0413, 0x054B, 0x11FA, 0x1202, 0x1219, 0x1243, 0x127E, 0x12CE, 0x1332, 0x13AC, 0x143C, 0x14E5,
    0x15A7, 0x16D5, 0x188D, 0x1A88, 0x1C7A, 0x1E1B, 0x1F89, 0x210C, 0x2294, 0x2412, 0x2576, 0x26B3, 0x27B8, 0x2877, 0x28E1, 0x2875,
    0x2711, 0x2531, 0x2351, 0x21ED, 0x2182, 0x223F, 0x23CA, 0x25CC, 0x27F0, 0x29E2, 0x2B4B, 0x2BD6, 0x4CB3, 0x4C7A, 0x4BF1, 0x4B4D,
    0x4AC1, 0x4A83, 0x4AC7, 0x4BC1, 0x4DA5, 0x50A8, 0x54FE, 0x5E90, 0x6E53, 0x8017, 0x8F9F, 0x98B9, 0x9BF2, 0x9CFE, 0x9C64, 0x9AAC,
    0x985D, 0x95FE, 0x9417, 0x932E, 0x93CC, 0x965C, 0x9A8D, 0x9FCA, 0xA582, 0xAB1E, 0xB00C, 0xB4E1, 0xBA44, 0xBFBC, 0xC4D0, 0xC906,
    0xCBE6, 0xCCF6, 0x0000, 0x0000, 0x0000, 0x0000, 0x0000, 0x0000, 0x0000, 0x0000, 0x0000, 0x0000, 0x0000, 0xFFAB, 0xFF01, 0xFE81,
    0xFEAC, 0x0000, 0x03B3, 0x0958, 0x0EFF, 0x12B9, 0x0A91, 0x0BC4, 0x0D8E, 0x0CB5, 0x0B60, 0x09CD, 0x0835, 0x06D4, 0x05B8, 0x04C7,
    0x0402, 0x0348, 0x0284, 0x01C2, 0x0113, 0x0084, 0x0023, 0x0000, 0x0000, 0xFFED, 0xFFBC, 0xFF79, 0xFF32, 0xFEF3, 0xFECA, 0xFEC4,
    0xFEED, 0xFF52, 0x0000, 0x01E4, 0x052B, 0x08C3, 0x0B9B, 0x0CA1, 0x0ABB, 0x0692, 0x01BD, 0xFDD0, 0xFDE2, 0xFD1E, 0xFCA5, 0xFCF8,
    0xFD81, 0xFE21, 0xFEB9, 0xFF2B, 0xFF5A, 0xFF57, 0xFF4D, 0xFF4C, 0xFF48, 0xFF42, 0xFF3C, 0xFF36, 0xFF32, 0xFF30, 0xC596, 0xC60D,
    0xC74F, 0xC925, 0xCB59, 0xCDB5, 0xD003, 0xD20D, 0xD39B, 0xD479, 0xD470, 0xD259, 0xCDEA, 0xC833, 0xC247, 0xBD37, 0xB8F8, 0xB4E6,
    0xB12B, 0xADF5, 0xAEB9, 0xB5E4, 0xBB4C, 0xBB3C, 0xB9C2, 0xB7B4, 0xB5E8, 0xB535, 0xB6A5, 0xB993, 0xBC4E, 0xBE92, 0xC118, 0xC3A8,
    0xC608, 0xC801, 0xC959, 0xC9D8, 0x3388, 0x33CF, 0x349A, 0x35DB, 0x3783, 0x3984, 0x3BD0, 0x3E58, 0x410D, 0x43E3, 0x46C9, 0x4B06,
    0x50FB, 0x5744, 0x5C7B, 0x5F3B, 0x5FA1, 0x5EE7, 0x5D4E, 0x5B19, 0x588A, 0x55E4, 0x536A, 0x50E7, 0x4E03, 0x4ACB, 0x474A, 0x438C,
    0x3ECF, 0x3953, 0x34AA, 0x30B0, 0x2C6D, 0x2835, 0x245B, 0x2134, 0x1F12, 0x1E4A, 0x03AC, 0x03A2, 0x0386, 0x0356, 0x0311, 0x02B5,
    0x0242, 0x01B7, 0x0112, 0x0052, 0xFF78, 0xFE14, 0xFC03, 0xF9B1, 0xF78B, 0xF5FB, 0xF4D1, 0xF3A7, 0xF29B, 0xF1CC, 0xF158, 0xF15D,
    0xF1FB, 0xF3AF, 0xF691, 0xFA24, 0xFDEA, 0x0167, 0x04DD, 0x086F, 0x0B79, 0x0E38, 0x112D, 0x141C, 0x16CB, 0x18FF, 0x1A7C, 0x1B09,
    0x057F, 0x05C5, 0x068C, 0x07C0, 0x094F, 0x0B25, 0x0D31, 0x0F5F, 0x119C, 0x13D5, 0x15F9, 0x18E0, 0x1CC7, 0x20B0, 0x239B, 0x248A,
    0x2363, 0x20FF, 0x1DCA, 0x1A30, 0x169E, 0x1382, 0x1146, 0x102D, 0x0FEF, 0x1031, 0x1093, 0x10B8, 0x109C, 0x1083, 0x1081, 0x1096,
    0x10B6, 0x10DC, 0x1102, 0x1123, 0x113B, 0x1144, 0xBF8B, 0xBEC5, 0xBC9E, 0xB95B, 0xB53F, 0xB08E, 0xAB8A, 0xA677, 0xA19A, 0x9D34,
    0x998A, 0x96CF, 0x94CA, 0x9320, 0x9174, 0x8F69, 0x8CB2, 0x8977, 0x860F, 0x82CF, 0x800F, 0x7E1F, 0x7D5E, 0x7E8A, 0x81A7, 0x85E8,
    0x8A83, 0x8EB0, 0x92DB, 0x9748, 0x9AF4, 0x9E16, 0xA167, 0xA4AA, 0xA7A0, 0xAA0A, 0xABAB, 0xAC44, 0x0000, 0x0000, 0x0000, 0x0000,
    0x0000, 0x0000, 0x0000, 0x0000, 0x0000, 0x0000, 0x0000, 0x000C, 0x0024, 0x0036, 0x0030, 0x0000, 0x0012, 0xFDEC, 0xF35F, 0xED0E,
    0xFD5C, 0x0CDF, 0x0365, 0xF5AD, 0xF9E4, 0xF9F0, 0xF93D, 0xF90A, 0xF99D, 0xFA5D, 0xFB3C, 0xFC2A, 0xFD1B, 0xFE00, 0xFECB, 0xFF6E,
    0xFFD9, 0x0000, 0x0000, 0x0000, 0x0000, 0x0000, 0x0000, 0x0000, 0x0000, 0x0000, 0x0000, 0x0000, 0x0000, 0xFFDB, 0xFF8F, 0xFF56,
    0xFF69, 0x0000, 0x04BB, 0x0676, 0xF923, 0xEBAB, 0xEB5F, 0xF0FB, 0xFAEA, 0x0570, 0x07DD, 0x06CE, 0x051E, 0x03E8, 0x034F, 0x02BA,
    0x022D, 0x01A9, 0x0132, 0x00CB, 0x0076, 0x0036, 0x000E, 0x0000, 0xD709, 0xD6F3, 0xD6BA, 0xD66E, 0xD61E, 0xD5DA, 0xD5B1, 0xD5B1,
    0xD5EC, 0xD66F, 0xD74A, 0xD970, 0xDD19, 0xE13C, 0xE4CD, 0xE6C5, 0xE396, 0xDD0C, 0xD8A7, 0xCF3E, 0xB501, 0x9D6C, 0x9DCC, 0xA4DB,
    0xA5B8, 0xA6FB, 0xA857, 0xAA0B, 0xAC3B, 0xAEC4, 0xB183, 0xB456, 0xB71A, 0xB9AC, 0xBBE8, 0xBDAD, 0xBED6, 0xBF40, 0x45A0, 0x457F,
    0x452B, 0x44BC, 0x4448, 0x43E7, 0x43AF, 0x43B7, 0x4416, 0x44E4, 0x4637, 0x491F, 0x4DF1, 0x53AC, 0x594F, 0x5DD8, 0x6167, 0x6473,
    0x6682, 0x6717, 0x5C47, 0x65A9, 0x62E4, 0x5DD8, 0x598C, 0x54CA, 0x4FB3, 0x4A66, 0x4503, 0x3FAA, 0x3A7B, 0x3596, 0x311A, 0x2D27,
    0x29DE, 0x275D, 0x25C6, 0x2537, 0xF96B, 0xF98B, 0xF9E1, 0xFA61, 0xFAFB, 0xFBA4, 0xFC4D, 0xFCE8, 0xFD69, 0xFDC1, 0xFDE3, 0xFD23,
    0xFB76, 0xF9BA, 0xF8CD, 0xF991, 0xFD95, 0x0428, 0x0AC9, 0x0EF4, 0x040A, 0xFCB3, 0x01A8, 0x0538, 0x0277, 0xFF19, 0xFB3C, 0xF705,
    0xF294, 0xEE0C, 0xE98E, 0xE53C, 0xE138, 0xDDA3, 0xDA9E, 0xD84D, 0xD6D1, 0xD64A, 0xF581, 0xF53E, 0xF487, 0xF373, 0xF21C, 0xF099,
    0xEF04, 0xED75, 0xEC05, 0xEACC, 0xE9E2, 0xE987, 0xE9B6, 0xEA27, 0xEA90, 0xEAA8, 0xEA47, 0xE9A0, 0xE8EE, 0xE86E, 0xE904, 0xEAE2,
    0xEAB6, 0xEA5B, 0xEA75, 0xEA96, 0xEABD, 0xEAE8, 0xEB16, 0xEB45, 0xEB74, 0xEBA2, 0xEBCC, 0xEBF2, 0xEC12, 0xEC2B, 0xEC3B, 0xEC41,
    0xA420, 0xA3AB, 0xA26A, 0xA08D, 0x9E42, 0x9BB7, 0x991B, 0x969D, 0x946A, 0x92B2, 0x91A3, 0x9226, 0x944F, 0x9710, 0x9959, 0x9A1D,
    0x9830, 0x945D, 0x9081, 0x8E7A, 0x97A4, 0x9639, 0x8AA3, 0x8367, 0x85D4, 0x8912, 0x8CF8, 0x915D, 0x9619, 0x9B03, 0x9FF2, 0xA4BD,
    0xA93B, 0xAD44, 0xB0AE, 0xB351, 0xB504, 0xB59E, 0x8001, 0x8001, 0x4171, 0x4171, 0x4171, 0x4171, 0x4171, 0x4171, 0x4171, 0x4171,
    0x4171, 0x4171, 0x4171, 0x415F, 0x413B, 0x4120, 0x4129, 0x4171, 0x41FA, 0x42AC, 0x4379, 0x4453, 0x452F, 0x45FE, 0x46B3, 0x4740,
    0x479A, 0x47A0, 0x474F, 0x46C4, 0x461B, 0x4570, 0x44E0, 0x4456, 0x43B6, 0x430F, 0x4272, 0x41ED, 0x4193, 0x4171, 0xC5E4, 0xC5E4,
    0xC5E4, 0xC5E4, 0xC5E4, 0xC5E4, 0xC5E4, 0xC5E4, 0xC5E4, 0xC5E4, 0xC5E4, 0xC5E2, 0xC5DE, 0xC5DB, 0xC5DC, 0xC5E4, 0xC5F8, 0xC616,
    0xC637, 0xC651, 0xC648, 0xC62C, 0xC61B, 0xC5E4, 0xC56E, 0xC4E7, 0xC455, 0xC3BB, 0xC31C, 0xC27E, 0xC1E3, 0xC150, 0xC0C9, 0xC051,
    0xBFED, 0xBFA1, 0xBF70, 0xBF5F, 0x8001, 0x8001, 0x8001, 0x8001, 0x8001, 0x8001, 0x8001, 0x8001, 0x8001, 0x8001, 0x8001, 0x804C,
    0x80E2, 0x8153, 0x812D, 0x8001, 0x783A, 0x732D, 0x7843, 0x7F95, 0x8817, 0x90B1, 0x9857, 0x9DF7, 0xA081, 0xA080, 0x9F59, 0x9D3F,
    0x9A65, 0x96FE, 0x933D, 0x8F57, 0x8B7D, 0x87E3, 0x84BD, 0x823E, 0x8099, 0x8001, 0x8001, 0x8001, 0x8001, 0x8001, 0x8001, 0x8001,
    0x8001, 0x8001, 0x8001, 0x8001, 0x8001, 0x7FC8, 0x7F5B, 0x7F09, 0x7F25, 0x8001, 0x8452, 0x8952, 0x8C30, 0x8F3A, 0x9231, 0x94D4,
    0x96E3, 0x981F, 0x9847, 0x9779, 0x9610, 0x942B, 0x91E8, 0x8F63, 0x8CBB, 0x8A0D, 0x8777, 0x8517, 0x830A, 0x816E, 0x8062, 0x8001,
    0x4171, 0x4171, 0x4171, 0x4171, 0x4171, 0x4171, 0x4171, 0x4171, 0x4171, 0x4171, 0x4171, 0x4149, 0x40F8, 0x40BC, 0x40D0, 0x4171,
    0x4592, 0x484B, 0x45B0, 0x41EB, 0x3D89, 0x3918, 0x3523, 0x3239, 0x30E6, 0x30E3, 0x3177, 0x3287, 0x33FA, 0x35B6, 0x379F, 0x399D,
    0x3B94, 0x3D6A, 0x3F06, 0x404C, 0x4123, 0x4171, 0xBF5F, 0x01B8, 0x01B7, 0x01B6, 0x01B5, 0x01B3, 0x01B1, 0x01B0, 0x01AF, 0x01B0,
    0x01B2, 0x01B6, 0x0175, 0x00F2, 0x0097, 0x00CC, 0x01FD, 0x0503, 0x0992, 0x0E5D, 0x1215, 0x1450, 0x1567, 0x153A, 0x13D7, 0x11A0,
    0x0EEB, 0x0C10, 0x087E, 0x0474, 0x017E, 0x0008, 0xFF46, 0xFEF1, 0xFEC4, 0xFEDB, 0xFF4A, 0xFFC6, 0x0000, 0x0165, 0x0165, 0x0167,
    0x0169, 0x016B, 0x016C, 0x016D, 0x016D, 0x016B, 0x0167, 0x0160, 0x0153, 0x013E, 0x0124, 0x0108, 0x00EE, 0x00B5, 0x0065, 0x003F,
    0x0086, 0x01E4, 0x03DC, 0x04F2, 0x04B9, 0x03ED, 0x02CC, 0x0197, 0xFFE4, 0xFDE6, 0xFCCE, 0xFD13, 0xFE06, 0xFF22, 0xFFE3, 0x0020,
    0x0024, 0x000E, 0x0000, 0xD8E2, 0xD8D5, 0xD8B2, 0xD885, 0xD856, 0xD82E, 0xD818, 0xD81C, 0xD845, 0xD89A, 0xD927, 0xDA4C, 0xDC2B,
    0xDE72, 0xE0CE, 0xE2ED, 0xE4F9, 0xE719, 0xE8F4, 0xEA32, 0xEA47, 0xE979, 0xE8A7, 0xE7E3, 0xE6F8, 0xE654, 0xE664, 0xE7BC, 0xEA14,
    0xEC94, 0xEF0D, 0xF1B3, 0xF444, 0xF67F, 0xF887, 0xFA6D, 0xFBD5, 0xFC62, 0x0000, 0x0000, 0x0000, 0x0000, 0x0000, 0x0000, 0x0000,
    0x0000, 0x0000, 0x0000, 0x0000, 0x004F, 0x00EF, 0x0166, 0x013E, 0x0000, 0xFCE7, 0xF83A, 0xF30E, 0xEE7C, 0xEC6F, 0xEBFE, 0xECE2,
    0xEF53, 0xF23D, 0xF563, 0xF888, 0xFB70, 0xFDDD, 0xFF93, 0x0091, 0x0112, 0x0133, 0x010F, 0x00C2, 0x0069, 0x001E, 0x0000, 0x0000,
    0x0000, 0x0000, 0x0000, 0x0000, 0x0000, 0x0000, 0x0000, 0x0000, 0x0000, 0x0000, 0x0000, 0x0000, 0x0000, 0x0000, 0x0000, 0x001B,
    0x0048, 0x0051, 0x0000, 0xFD30, 0x00A4, 0x03BE, 0x0414, 0x0410, 0x03CB, 0x035D, 0x02DE, 0x0266, 0x020F, 0x01C7, 0x0174, 0x011D,
    0x00C7, 0x0079, 0x003A, 0x000F, 0x0000, 0xFE97, 0xFEAA, 0xFEE5, 0xFF4C, 0xFFE3, 0x00AB, 0x01AB, 0x02E4, 0x045C, 0x0614, 0x0811,
    0x0B4F, 0x1025, 0x1599, 0x1AB2, 0x1E79, 0x2037, 0x208D, 0x2087, 0x212F, 0x2534, 0x2661, 0x25EC, 0x2408, 0x21D4, 0x1F6B, 0x1CEB,
    0x1A6E, 0x1813, 0x15F5, 0x13E1, 0x11A7, 0x0F68, 0x0D46, 0x0B64, 0x09E1, 0x08E1, 0x0884, 0x0000, 0x0000, 0x0000, 0x0000, 0x0000,
    0x0000, 0x0000, 0x0000, 0x0000, 0x0000, 0x0000, 0x0000, 0xFFFF, 0xFFFF, 0xFFFF, 0x0000, 0xFFF2, 0x0015, 0x00E8, 0x0444, 0x0755,
    0x04AA, 0x015E, 0x008D, 0x0022, 0xFFFE, 0xFFFD, 0x0000, 0xFFFC, 0xFFF9, 0xFFF8, 0xFFF8, 0xFFF9, 0xFFFB, 0xFFFD, 0xFFFF, 0x0000,
    0x0000, 0x7DB0, 0x7DBD, 0x7DD6, 0x7DE5, 0x7DD4, 0x7D8D, 0x7CF9, 0x7C03, 0x7A94, 0x7896, 0x75F3, 0x7119, 0x6980, 0x609E, 0x57EB,
    0x50DF, 0x4C93, 0x4A25, 0x4813, 0x462A, 0x44EB, 0x43EF, 0x43D6, 0x44F7, 0x469B, 0x484B, 0x4990, 0x49F2, 0x4983, 0x48B4, 0x479F,
    0x465C, 0x4505, 0x43B4, 0x4282, 0x4188, 0x40DF, 0x40A1,
};

static const u16 anim_66_indices[] = {
    0x001A, 0x0001, 0x001A, 0x001B, 0x001A, 0x0035, 0x0001, 0x0000, 0x0001, 0x004F, 0x0001, 0x0000, 0x001A, 0x0380, 0x001A, 0x039A,
    0x001A, 0x03B4, 0x001A, 0x0332, 0x001A, 0x034C, 0x001A, 0x0366, 0x001A, 0x02E4, 0x001A, 0x02FE, 0x001A, 0x0318, 0x0001, 0x02E0,
    0x0001, 0x02E1, 0x0001, 0x02E2, 0x001A, 0x006C, 0x001A, 0x0086, 0x001A, 0x00A0, 0x0001, 0x0000, 0x0001, 0x0000, 0x001A, 0x0052,
    0x0001, 0x0000, 0x0001, 0x0050, 0x0001, 0x0051, 0x0001, 0x02DC, 0x0001, 0x02DD, 0x0001, 0x02DE, 0x001A, 0x0122, 0x001A, 0x013C,
    0x001A, 0x0156, 0x0001, 0x0000, 0x0001, 0x0000, 0x001A, 0x0108, 0x001A, 0x00BA, 0x001A, 0x00D4, 0x001A, 0x00EE, 0x0001, 0x0000,
    0x0001, 0x0000, 0x0001, 0x02DF, 0x001A, 0x028E, 0x001A, 0x02A8, 0x001A, 0x02C2, 0x0001, 0x0000, 0x0001, 0x0000, 0x001A, 0x0274,
    0x001A, 0x0226, 0x001A, 0x0240, 0x001A, 0x025A, 0x0001, 0x0000, 0x0001, 0x0000, 0x0001, 0x02E3, 0x001A, 0x01D8, 0x001A, 0x01F2,
    0x001A, 0x020C, 0x0001, 0x0000, 0x0001, 0x0000, 0x001A, 0x01BE, 0x001A, 0x0170, 0x001A, 0x018A, 0x001A, 0x01A4,
};

static const s16 anim_66_values[] = {
    0x0000, 0x0010, 0x0011, 0x0011, 0x0012, 0x0012, 0x0012, 0x0010, 0x000F, 0x000E, 0x000C, 0x000A, 0x0008, 0x0007, 0x0005, 0x0004,
    0x0004, 0x0003, 0x0003, 0x0002, 0x0002, 0x0001, 0x0001, 0x0000, 0x0000, 0x0000, 0x0000, 0x00C9, 0x013E, 0x0177, 0x01A4, 0x01C1,
    0x01CA, 0x01C2, 0x01B0, 0x0194, 0x0172, 0x014B, 0x0121, 0x00F7, 0x007F, 0x0082, 0x0086, 0x008C, 0x0093, 0x0098, 0x009B, 0x009F,
    0x00A2, 0x00A5, 0x00A8, 0x00A9, 0x00AA, 0x002B, 0x0030, 0x0034, 0x0037, 0x0039, 0x0038, 0x0035, 0x0031, 0x002C, 0x0027, 0x0021,
    0x001B, 0x0015, 0x0010, 0x000F, 0x0008, 0x0004, 0x0000, 0xFFFF, 0xFFFF, 0xFFFF, 0xFFFF, 0xFFFF, 0x0000, 0x0000, 0x0000, 0x3FFF,
    0xF97C, 0xED8C, 0xE30F, 0xE59B, 0xE71B, 0xE79E, 0xE71F, 0xE59B, 0xE34A, 0xE07D, 0xDD57, 0xD9FD, 0xD690, 0xD334, 0xD00C, 0xCD3C,
    0xCAE6, 0xC92E, 0xC81B, 0xC78D, 0xC76B, 0xC79D, 0xC80A, 0xC89A, 0xC935, 0xC9C1, 0xCA28, 0xCA4F, 0xABAC, 0xA63E, 0xA3A0, 0xA3B5,
    0xA50D, 0xA63E, 0xA62E, 0xA539, 0xA420, 0xA3A0, 0xA479, 0xA76C, 0xAD35, 0xC0B9, 0xDE4B, 0xF0D4, 0xF5F9, 0xF992, 0xFBDC, 0xFD14,
    0xFD76, 0xFD3F, 0xFCAB, 0xFBF6, 0xFB5D, 0xFB1D, 0xCA7F, 0xC90F, 0xC84C, 0xC838, 0xC890, 0xC90F, 0xC9BD, 0xCAB5, 0xCBD0, 0xCCE3,
    0xCDC5, 0xCE4F, 0xCE57, 0xCC0F, 0xC82C, 0xC64D, 0xC6EF, 0xC80D, 0xC986, 0xCB39, 0xCD04, 0xCEC6, 0xD05E, 0xD1AA, 0xD28A, 0xD2DC,
    0x2777, 0x2D22, 0x3025, 0x308A, 0x2F3B, 0x2D22, 0x2B47, 0x29BE, 0x2806, 0x259B, 0x21FB, 0x1CA4, 0x1512, 0x0185, 0xE58C, 0xD499,
    0xD097, 0xCE45, 0xCD57, 0xCD81, 0xCE76, 0xCFE9, 0xD18F, 0xD31B, 0xD441, 0xD4B4, 0xFFA6, 0x0000, 0x001E, 0x001A, 0x000A, 0x0000,
    0x0000, 0x0000, 0x0000, 0x0000, 0x0000, 0x0000, 0x0000, 0x0000, 0x0000, 0x0000, 0x0000, 0x0000, 0x0000, 0x0000, 0x0000, 0x0000,
    0x0000, 0x0000, 0x0000, 0x0000, 0xFFF2, 0x0000, 0x0000, 0x0000, 0x0000, 0x0000, 0x0000, 0x0000, 0x0000, 0x0000, 0x0000, 0x0000,
    0x0000, 0x0000, 0x0000, 0x0000, 0x0000, 0x0000, 0x0000, 0x0000, 0x0000, 0x0000, 0x0000, 0x0000, 0x0000, 0x0000, 0xF48B, 0xF549,
    0xF5A0, 0xF597, 0xF566, 0xF549, 0xF549, 0xF549, 0xF549, 0xF549, 0xF549, 0xF549, 0xF549, 0xF549, 0xF549, 0xF549, 0xF549, 0xF549,
    0xF549, 0xF549, 0xF549, 0xF549, 0xF549, 0xF549, 0xF549, 0xF549, 0xE039, 0xE2C1, 0xE40A, 0xE496, 0xE439, 0xE2C1, 0xE061, 0xDD81,
    0xDA46, 0xD6D3, 0xD34F, 0xCFDD, 0xCCA3, 0xC9C5, 0xC768, 0xC5B0, 0xC4A9, 0xC432, 0xC42F, 0xC485, 0xC519, 0xC5CF, 0xC68C, 0xC735,
    0xC7AF, 0xC7DD, 0x2317, 0x2751, 0x26B6, 0x26D8, 0x2737, 0x2751, 0x2779, 0x2816, 0x28CA, 0x2936, 0x28FD, 0x27C0, 0x251F, 0x1BC8,
    0x0D92, 0x04E4, 0x02EB, 0x01CD, 0x0161, 0x0182, 0x0208, 0x02CD, 0x03AA, 0x0478, 0x0510, 0x054B, 0x2017, 0x1853, 0x16C2, 0x1685,
    0x172F, 0x1853, 0x19A2, 0x1B1B, 0x1CC5, 0x1EA8, 0x20C9, 0x232F, 0x25E2, 0x2AF0, 0x316B, 0x34E0, 0x34FE, 0x3486, 0x3399, 0x325B,
    0x30EE, 0x2F75, 0x2E14, 0x2CEC, 0x2C22, 0x2BD6, 0xE9CE, 0xF7D2, 0xF928, 0xF951, 0xF8BA, 0xF7D2, 0xF71C, 0xF6A0, 0xF616, 0xF535,
    0xF3B3, 0xF147, 0xEDA8, 0xE3BF, 0xD562, 0xCCAD, 0xCAA5, 0xC97C, 0xC90A, 0xC927, 0xC9AC, 0xCA72, 0xCB50, 0xCC20, 0xCCBA, 0xCCF6,
    0x0005, 0x0000, 0xFFF5, 0xFFE6, 0xFFE4, 0x0000, 0x0043, 0x00A3, 0x0113, 0x0189, 0x0200, 0x0287, 0x0332, 0x0491, 0x0483, 0x042F,
    0x03CE, 0x036C, 0x02FC, 0x028B, 0x0210, 0x0182, 0x00F4, 0x0078, 0x0021, 0x0000, 0xFF31, 0xFF30, 0xFF32, 0xFF37, 0xFF38, 0xFF30,
    0xFF19, 0xFEF8, 0xFED4, 0xFEB3, 0xFE88, 0xFE60, 0xFE64, 0xFF5A, 0xFF8C, 0xFF97, 0xFF90, 0xFF72, 0xFF42, 0xFF23, 0xFF1D, 0xFF1D,
    0xFF21, 0xFF28, 0xFF2D, 0xFF30, 0xC8C9, 0xC9D8, 0xCA6D, 0xCA81, 0xCA41, 0xC9D8, 0xC951, 0xC894, 0xC79D, 0xC666, 0xC58D, 0xC445,
    0xC06A, 0xAEF3, 0xAF08, 0xB273, 0xB6A9, 0xBBB5, 0xC18C, 0xC582, 0xC74F, 0xC887, 0xC946, 0xC9AB, 0xC9D2, 0xC9D8, 0x5948, 0x0000,
    0x0000, 0x0000, 0x0000, 0x0000, 0x0068, 0x00AF, 0x030B, 0x09B7, 0x1949, 0x2F32, 0x42F3, 0x4911, 0x4632, 0x4197, 0x3C48, 0x35B4,
    0x2E6A, 0x2928, 0x260A, 0x2361, 0x2139, 0x1FA0, 0x1EA1, 0x1E4A, 0xF588, 0xF1C7, 0xEFC7, 0xEF84, 0xF01E, 0xF0B2, 0xF0C1, 0xF0DB,
    0xF1B2, 0xF3FA, 0xF8C6, 0xFFB7, 0x0758, 0x11F7, 0x1432, 0x14DA, 0x1574, 0x1695, 0x17A8, 0x1879, 0x1918, 0x19B0, 0x1A38, 0x1AA5,
    0x1AEE, 0x1B09, 0x0DFC, 0x0F56, 0x1186, 0x1472, 0x16FA, 0x17FA, 0x1665, 0x1315, 0x0FC7, 0x0E36, 0x0FC7, 0x1367, 0x171F, 0x1A9E,
    0x1B05, 0x1AD1, 0x1A4D, 0x1972, 0x1846, 0x1722, 0x1601, 0x14B9, 0x1373, 0x1258, 0x1190, 0x1144, 0x882B, 0x7D93, 0x77F5, 0x7744,
    0x7870, 0x786C, 0x75A9, 0x7207, 0x6F9E, 0x7085, 0x7793, 0x834A, 0x8F3B, 0x9AE5, 0x9D8D, 0x9E86, 0x9F9A, 0xA184, 0xA389, 0xA53D,
    0xA6BD, 0xA850, 0xA9CF, 0xAB12, 0xABF1, 0xAC44, 0x042D, 0x03EB, 0x03D1, 0x03C2, 0x039D, 0x033D, 0x029B, 0x01CF, 0x00EC, 0x0004,
    0xFF29, 0xFE6A, 0xFDDC, 0xFD8F, 0xFDD2, 0xFEAC, 0xFFC4, 0x00C1, 0x014C, 0x0160, 0x0140, 0x00FC, 0x00A9, 0x0057, 0x0018, 0x0000,
    0xFE72, 0xFC50, 0xFBAF, 0xFB6F, 0xFB77, 0xFBB4, 0xFC16, 0xFC98, 0xFD30, 0xFDD4, 0xFE78, 0xFF13, 0xFF99, 0x0000, 0x0036, 0x003D,
    0x0029, 0x000F, 0x0001, 0x0001, 0x0001, 0x0001, 0x0000, 0x0000, 0x0000, 0x0000, 0xC578, 0xD849, 0xDE57, 0xE16F, 0xE1AF, 0xDF38,
    0xDA69, 0xD3F1, 0xCC64, 0xC45A, 0xBC65, 0xB51C, 0xAF14, 0xAAE1, 0xA9E8, 0xAC26, 0xB01A, 0xB442, 0xB71C, 0xB8CF, 0xBA75, 0xBBFA,
    0xBD4B, 0xBE54, 0xBF02, 0xBF40, 0x13D5, 0x1127, 0x0DDF, 0x0A29, 0x0836, 0x0A3A, 0x1030, 0x1823, 0x215F, 0x2B2C, 0x34D6, 0x3DA6,
    0x44E7, 0x49E2, 0x4AF0, 0x480C, 0x42F4, 0x3D66, 0x391F, 0x35C6, 0x320F, 0x2E4B, 0x2ACE, 0x27EA, 0x25F1, 0x2537, 0xF1E2, 0xF2BF,
    0xF2E8, 0xF25D, 0xF143, 0xEFBF, 0xEDEB, 0xEBD8, 0xE999, 0xE744, 0xE4EC, 0xE2A5, 0xE084, 0xDE9E, 0xDD00, 0xDBA6, 0xDA87, 0xD99B,
    0xD8D8, 0xD831, 0xD7A1, 0xD729, 0xD6C9, 0xD683, 0xD659, 0xD64A, 0xFA51, 0xF805, 0xF523, 0xF18F, 0xEE03, 0xEB3B, 0xE917, 0xE702,
    0xE508, 0xE333, 0xE18D, 0xE022, 0xDEFC, 0xDE26, 0xDDFE, 0xDEAA, 0xDFDB, 0xE143, 0xE295, 0xE3FB, 0xE5B3, 0xE78A, 0xE94F, 0xEAD1,
    0xEBDC, 0xEC41, 0xD28B, 0xDAD4, 0xE169, 0xE666, 0xE898, 0xE6C8, 0xE162, 0xDA08, 0xD15B, 0xC7FE, 0xBE92, 0xB5B9, 0xAE15, 0xA847,
    0xA54A, 0xA4FC, 0xA65A, 0xA85E, 0xAA01, 0xAB77, 0xAD71, 0xAFAA, 0xB1DD, 0xB3C5, 0xB51C, 0xB59E, 0x8001, 0x8001, 0x4171, 0xBF5F,
    0x8001, 0x8001, 0x4171, 0xBF5F, 0x1245, 0x16EF, 0x1BEE, 0x2096, 0x239F, 0x23C0, 0x2135, 0x1D56, 0x1888, 0x132D, 0x0DA8, 0x085C,
    0x03AD, 0x01C5, 0x0107, 0x00AA, 0x0078, 0x005E, 0x0050, 0x0043, 0x0032, 0x0022, 0x0014, 0x0009, 0x0002, 0x0000, 0xF2A0, 0xEE34,
    0xEAD5, 0xE7BC, 0xE5D5, 0xE60A, 0xE836, 0xEB61, 0xEF3D, 0xF37C, 0xF7CF, 0xFBE8, 0xFF79, 0xFFA1, 0xFF5F, 0xFF29, 0xFF31, 0xFF4B,
    0xFF6A, 0xFF86, 0xFF9E, 0xFFB9, 0xFFD3, 0xFFEA, 0xFFFA, 0x0000, 0x111F, 0x16E7, 0x1965, 0x1A51, 0x19AC, 0x1779, 0x140A, 0x0FD2,
    0x0B05, 0x05DA, 0x0085, 0xFB3D, 0xF634, 0xF0C4, 0xFB91, 0x0520, 0x05DC, 0x0423, 0x0192, 0xFFC7, 0xFEEB, 0xFE1E, 0xFD6C, 0xFCE0,
    0xFC83, 0xFC62, 0xEA69, 0xE5EB, 0xDFD1, 0xD9C7, 0xD574, 0xD484, 0xD6B9, 0xDA78, 0xDF5E, 0xE505, 0xEB0B, 0xF10B, 0xF6A1, 0xFB69,
    0xFE31, 0xFF09, 0xFF5F, 0xFFA0, 0xFFCE, 0xFFED, 0xFFFF, 0x0006, 0x0008, 0x0005, 0x0001, 0x0000, 0x0000, 0xFF6B, 0xFEF2, 0xFE9E,
    0xFE77, 0xFE85, 0xFEC3, 0xFF23, 0xFF9C, 0x0023, 0x00B2, 0x013E, 0x01BF, 0x022B, 0x0258, 0x023E, 0x0209, 0x01C7, 0x017E, 0x0131,
    0x00E5, 0x009D, 0x005F, 0x002C, 0x000B, 0x0000, 0xF700, 0xF599, 0xF46D, 0xF3CD, 0xF40A, 0xF574, 0xF7EF, 0xFB0E, 0xFEA9, 0x0296,
    0x06AF, 0x0ACA, 0x0EBF, 0x1266, 0x1635, 0x17E2, 0x16C9, 0x153B, 0x135A, 0x114A, 0x0F2B, 0x0D22, 0x0B51, 0x09D9, 0x08DF, 0x0884,
    0x11BF, 0x120B, 0x148D, 0x1803, 0x1AD7, 0x1B73, 0x19E1, 0x1769, 0x1454, 0x10EC, 0x0D78, 0x0A42, 0x0793, 0x05B3, 0x046F, 0x035F,
    0x027E, 0x01C8, 0x0138, 0x00CA, 0x007A, 0x0042, 0x001E, 0x000A, 0x0001, 0x0000, 0xFF4E, 0x0359, 0x0259, 0xFFE8, 0xFD54, 0xFBEB,
    0xFBB5, 0xFBD1, 0xFC2A, 0xFCAA, 0xFD3E, 0xFDD0, 0xFE4C, 0xFE9D, 0xFECF, 0xFF00, 0xFF2C, 0xFF56, 0xFF7B, 0xFF9D, 0xFFBA, 0xFFD3,
    0xFFE6, 0xFFF5, 0xFFFD, 0x0000, 0x31B4, 0x240D, 0x1FBF, 0x1DAE, 0x1DA2, 0x1F68, 0x22C6, 0x2759, 0x2CB0, 0x325A, 0x37E6, 0x3CE2,
    0x40DD, 0x4366, 0x44BD, 0x4580, 0x45C5, 0x45A2, 0x452F, 0x4481, 0x43B0, 0x42D3, 0x41FF, 0x414C, 0x40CF, 0x40A1,
};

static const u16 anim_67_indices[] = {
    0x0005, 0x0001, 0x0005, 0x0006, 0x0001, 0x000B, 0x0001, 0x0000, 0x0001, 0x000C, 0x0001, 0x0000, 0x0005, 0x00B2, 0x0005, 0x00B7,
    0x0005, 0x00BC, 0x0005, 0x00A3, 0x0005, 0x00A8, 0x0005, 0x00AD, 0x0005, 0x0094, 0x0005, 0x0099, 0x0005, 0x009E, 0x0001, 0x0090,
    0x0001, 0x0091, 0x0001, 0x0092, 0x0005, 0x0014, 0x0005, 0x0019, 0x0005, 0x001E, 0x0001, 0x0000, 0x0001, 0x0000, 0x0005, 0x000F,
    0x0001, 0x0000, 0x0001, 0x000D, 0x0001, 0x000E, 0x0001, 0x008C, 0x0001, 0x008D, 0x0001, 0x008E, 0x0005, 0x0037, 0x0005, 0x003C,
    0x0005, 0x0041, 0x0001, 0x0000, 0x0001, 0x0000, 0x0005, 0x0032, 0x0005, 0x0023, 0x0005, 0x0028, 0x0005, 0x002D, 0x0001, 0x0000,
    0x0001, 0x0000, 0x0001, 0x008F, 0x0005, 0x007D, 0x0005, 0x0082, 0x0005, 0x0087, 0x0001, 0x0000, 0x0001, 0x0000, 0x0005, 0x0078,
    0x0005, 0x0069, 0x0005, 0x006E, 0x0005, 0x0073, 0x0001, 0x0000, 0x0001, 0x0000, 0x0001, 0x0093, 0x0005, 0x005A, 0x0005, 0x005F,
    0x0005, 0x0064, 0x0001, 0x0000, 0x0001, 0x0000, 0x0005, 0x0055, 0x0005, 0x0046, 0x0005, 0x004B, 0x0005, 0x0050,
};

static const s16 anim_67_values[] = {
    0x0000, 0x0000, 0x0000, 0xFFFF, 0xFFFF, 0x0000, 0x00B2, 0x00B2, 0x0094, 0x008F, 0x0094, 0x0016, 0x3FFF, 0xF97C, 0xED8C, 0xDB6C,
    0xDB6C, 0xDB6C, 0xDB6C, 0xD702, 0x4424, 0x4424, 0x4424, 0x4424, 0x2954, 0xDA67, 0xDA67, 0xDA67, 0xDA67, 0xD977, 0x879E, 0x879E,
    0x879E, 0x879E, 0xA3C7, 0x0EAF, 0x1210, 0x17E6, 0x19C0, 0x1351, 0x0739, 0x09DD, 0x0E9A, 0x10AC, 0x0D1F, 0xE375, 0xE2C0, 0xE1B6,
    0xE1F5, 0xE4B1, 0xDDDE, 0xE2B6, 0xEBE6, 0xF16C, 0xEF76, 0x6826, 0x64D5, 0x5C28, 0x4807, 0x5CAA, 0x2E3A, 0x295B, 0x2389, 0x2888,
    0x2653, 0xED13, 0xFDDA, 0x1515, 0x13CF, 0x25CC, 0x0000, 0x0000, 0xFFFF, 0x0000, 0x000C, 0xFF30, 0xFF30, 0xFF30, 0xFF30, 0xFF33,
    0xC9D8, 0xC9FB, 0xCA1F, 0xC9D8, 0xC75E, 0x47D8, 0x4720, 0x4578, 0x43A4, 0x4138, 0x103A, 0x0FC5, 0x0E83, 0x0CA3, 0x07B9, 0x10A4,
    0x1041, 0x0F96, 0x0F61, 0x11B4, 0xBAF8, 0xBDFC, 0xC3EB, 0xC81D, 0xC211, 0x0000, 0xFB5A, 0x00D4, 0xFFC4, 0xFDF0, 0x0000, 0xFFC3,
    0xFCF4, 0xFE38, 0xFFF2, 0xBF40, 0xBDFF, 0xC680, 0xC36D, 0xBDF0, 0x1482, 0x1F55, 0x2C26, 0x2E3F, 0x2DC8, 0xED74, 0xF27F, 0xF80A,
    0xF85B, 0xF782, 0xEF2B, 0xF728, 0x00E9, 0x03EB, 0x05AE, 0xAA21, 0xA104, 0x968F, 0x9545, 0x9617, 0x8001, 0x8001, 0x4171, 0xBF5F,
    0x8001, 0x8001, 0x4171, 0xBF5F, 0x1B73, 0x0D8F, 0xF103, 0xD975, 0xCD8E, 0xF9F2, 0xFBDC, 0xFF68, 0x014D, 0xFF7C, 0x0679, 0x0329,
    0xFC48, 0xF66B, 0xF2F7, 0xEA59, 0xF145, 0xFFEF, 0x0D2B, 0x1727, 0x0904, 0x02A1, 0xF5E8, 0xEC7D, 0xEA8B, 0xF42A, 0xF969, 0x0413,
    0x0C90, 0x0F98, 0xEBBC, 0xF50B, 0x07A7, 0x159B, 0x191F, 0xFDDB, 0xFFED, 0x03CC, 0x05FA, 0x0453, 0x3CB1, 0x3F97, 0x45D8, 0x4BCB,
    0x5144,
};

static const u16 anim_68_indices[] = {
    0x0004, 0x0001, 0x0004, 0x0005, 0x0004, 0x0009, 0x0001, 0x0000, 0x0001, 0x000D, 0x0001, 0x0000, 0x0004, 0x009E, 0x0004, 0x00A2,
    0x0004, 0x00A6, 0x0004, 0x0092, 0x0004, 0x0096, 0x0004, 0x009A, 0x0004, 0x0086, 0x0004, 0x008A, 0x0004, 0x008E, 0x0001, 0x0082,
    0x0001, 0x0083, 0x0001, 0x0084, 0x0004, 0x001E, 0x0004, 0x0022, 0x0004, 0x0026, 0x0001, 0x0000, 0x0001, 0x0000, 0x0004, 0x001A,
    0x0004, 0x000E, 0x0004, 0x0012, 0x0004, 0x0016, 0x0001, 0x007E, 0x0001, 0x007F, 0x0001, 0x0080, 0x0004, 0x003A, 0x0004, 0x003E,
    0x0004, 0x0042, 0x0001, 0x0000, 0x0001, 0x0000, 0x0004, 0x0036, 0x0004, 0x002A, 0x0004, 0x002E, 0x0004, 0x0032, 0x0001, 0x0000,
    0x0001, 0x0000, 0x0001, 0x0081, 0x0004, 0x0072, 0x0004, 0x0076, 0x0004, 0x007A, 0x0001, 0x0000, 0x0001, 0x0000, 0x0004, 0x006E,
    0x0004, 0x0062, 0x0004, 0x0066, 0x0004, 0x006A, 0x0001, 0x0000, 0x0001, 0x0000, 0x0001, 0x0085, 0x0004, 0x0056, 0x0004, 0x005A,
    0x0004, 0x005E, 0x0001, 0x0000, 0x0001, 0x0000, 0x0004, 0x0052, 0x0004, 0x0046, 0x0004, 0x004A, 0x0004, 0x004E,
};

static const s16 anim_68_values[] = {
    0x0000, 0xFFF9, 0xFFF8, 0xFFF7, 0xFFF6, 0x009E, 0x00A1, 0x00A4, 0x00A7, 0x0020, 0x0021, 0x0023, 0x0024, 0x3FFF, 0xF37D, 0xE82F,
    0xE9E1, 0xEFB8, 0xF6B8, 0xF443, 0xF1F9, 0xF128, 0xEAB7, 0xEB15, 0xEB82, 0xEC62, 0xC034, 0xD35E, 0xE6C8, 0xF498, 0xC4B4, 0xB9C6,
    0x6EB7, 0x4A7E, 0xEF30, 0xEC2B, 0xCF70, 0xD913, 0xF334, 0xE152, 0x3B57, 0x5CF3, 0xFDE2, 0xFE02, 0xFE23, 0xFE44, 0xFFAD, 0xFFB2,
    0xFFB5, 0xFFB3, 0xF0CB, 0xF10F, 0xF162, 0xF1CC, 0xC1A5, 0xB8E8, 0xB4BE, 0xB7DA, 0x3CAB, 0x2446, 0x1F05, 0x1EBA, 0x2448, 0x1E00,
    0x178E, 0x18CC, 0xD92B, 0xBE4F, 0xBEBD, 0xC833, 0x039C, 0x03AF, 0x03B9, 0x03C4, 0xFE70, 0xFDDF, 0xFD4A, 0xFCBA, 0xB0F1, 0xB230,
    0xB3BE, 0xB577, 0x43B7, 0x4323, 0x424D, 0x4118, 0x1311, 0x13C7, 0x14A0, 0x15AD, 0x10B3, 0x0F99, 0x0F2C, 0x0FF5, 0xBA09, 0xBBF2,
    0xBDD7, 0xC018, 0xFF57, 0xFF72, 0xFF3B, 0xFE72, 0x00C2, 0x00B2, 0x00A3, 0x0092, 0xB456, 0xB53F, 0xB5E1, 0xB5FA, 0x32AB, 0x3197,
    0x30A4, 0x2FF6, 0xE3E2, 0xE279, 0xE32F, 0xE73E, 0xEF3A, 0xEDE8, 0xEDFE, 0xF06A, 0xA33A, 0xA4B5, 0xA658, 0xA87B, 0x8001, 0x8001,
    0x4171, 0xBF5F, 0x8001, 0x8001, 0x4171, 0xBF5F, 0x0271, 0x1815, 0x2741, 0x2E11, 0x0313, 0x0598, 0x06FC, 0x06A6, 0xF214, 0xEFB6,
    0xEE86, 0xEF31, 0xF681, 0xE3D6, 0xD672, 0xCFB2, 0xFE97, 0x04B1, 0x09D3, 0x0E0B, 0x1437, 0x0C08, 0x05CE, 0x0192, 0x05AD, 0x029A,
    0x0079, 0xFFAD, 0xFE56, 0xFE65, 0xFEE7, 0x0062, 0x4CDE, 0x4BE9, 0x4AC4, 0x494C,
};

static const u16 anim_69_indices[] = {
    0x000A, 0x0001, 0x000A, 0x000B, 0x000A, 0x0015, 0x0001, 0x0000, 0x0001, 0x001F, 0x0001, 0x0000, 0x000A, 0x0160, 0x000A, 0x016A,
    0x000A, 0x0174, 0x000A, 0x0142, 0x000A, 0x014C, 0x000A, 0x0156, 0x000A, 0x0124, 0x000A, 0x012E, 0x000A, 0x0138, 0x0001, 0x0120,
    0x0001, 0x0121, 0x0001, 0x0122, 0x000A, 0x002C, 0x000A, 0x0036, 0x000A, 0x0040, 0x0001, 0x0000, 0x0001, 0x0000, 0x000A, 0x0022,
    0x0001, 0x0000, 0x0001, 0x0020, 0x0001, 0x0021, 0x0001, 0x011C, 0x0001, 0x011D, 0x0001, 0x011E, 0x000A, 0x0072, 0x000A, 0x007C,
    0x000A, 0x0086, 0x0001, 0x0000, 0x0001, 0x0000, 0x000A, 0x0068, 0x000A, 0x004A, 0x000A, 0x0054, 0x000A, 0x005E, 0x0001, 0x0000,
    0x0001, 0x0000, 0x0001, 0x011F, 0x000A, 0x00FE, 0x000A, 0x0108, 0x000A, 0x0112, 0x0001, 0x0000, 0x0001, 0x0000, 0x000A, 0x00F4,
    0x000A, 0x00D6, 0x000A, 0x00E0, 0x000A, 0x00EA, 0x0001, 0x0000, 0x0001, 0x0000, 0x0001, 0x0123, 0x000A, 0x00B8, 0x000A, 0x00C2,
    0x000A, 0x00CC, 0x0001, 0x0000, 0x0001, 0x0000, 0x000A, 0x00AE, 0x000A, 0x0090, 0x000A, 0x009A, 0x000A, 0x00A4,
};

static const s16 anim_69_values[] = {
    0x0000, 0x0007, 0x000E, 0x000E, 0x000E, 0x000C, 0x0006, 0x0002, 0x0000, 0x0000, 0x0000, 0x0098, 0x009A, 0x009A, 0x009A, 0x009A,
    0x009A, 0x009D, 0x00A1, 0x00A6, 0x00AA, 0x0014, 0x001B, 0x001A, 0x0018, 0x0015, 0x000A, 0x0004, 0x0000, 0x0000, 0x0000, 0x3FFF,
    0xF97C, 0xED8C, 0xD2B6, 0xCFBD, 0xD140, 0xD4A2, 0xD887, 0xDB96, 0xDC74, 0xD772, 0xCEDD, 0xCA4F, 0xF645, 0xD708, 0xD37F, 0xD533,
    0xDAAB, 0xE26F, 0xEB07, 0xF2FC, 0xF8D6, 0xFB1D, 0xD798, 0xD633, 0xD588, 0xD4E8, 0xD457, 0xD3D8, 0xD36F, 0xD320, 0xD2EE, 0xD2DC,
    0xD968, 0xFA3D, 0xFDFE, 0xFC42, 0xF693, 0xEE7A, 0xE581, 0xDD32, 0xD715, 0xD4B4, 0x08E5, 0x00EB, 0xFE2C, 0xFDDE, 0xFE1D, 0xFE3C,
    0xFEB2, 0xFF48, 0xFFC9, 0x0000, 0x06E6, 0x0211, 0x0056, 0x0000, 0xFFF5, 0xFFCC, 0xFFCA, 0xFFDD, 0xFFF5, 0x0000, 0xE8B6, 0xEC09,
    0xEDCB, 0xEEDB, 0xEFD7, 0xF126, 0xF297, 0xF3ED, 0xF4E8, 0xF549, 0xE9D6, 0xE3FA, 0xDE97, 0xD8F9, 0xD476, 0xD0E7, 0xCD7F, 0xCA9D,
    0xC89D, 0xC7DD, 0x78CB, 0x9272, 0xA705, 0xB91B, 0xC674, 0xBB5C, 0x46D3, 0x2E34, 0x144A, 0x054B, 0x22C7, 0x1F5A, 0x1AEB, 0x169C,
    0x1746, 0x326B, 0x2CC5, 0x2691, 0x2920, 0x2BD6, 0x3B60, 0x5099, 0x65DD, 0x7AC5, 0x8A2A, 0x7C2C, 0xFFFA, 0xEB74, 0xD7F5, 0xCCF6,
    0x000B, 0x002D, 0x0108, 0x0216, 0x0334, 0x043F, 0x0516, 0x0480, 0x01D3, 0x0000, 0xFF37, 0xFF3C, 0xFF48, 0xFF55, 0xFF63, 0xFF6F,
    0xFF75, 0xFF56, 0xFF3D, 0xFF30, 0xC435, 0xC09B, 0xBB79, 0xB5E3, 0xAFEC, 0xAAC4, 0xA79E, 0xB2B9, 0xC123, 0xC9D8, 0x39F8, 0x34AF,
    0x3E0F, 0x41EE, 0x4483, 0x42FA, 0x3AB0, 0x2E5D, 0x232B, 0x1E4A, 0x0971, 0x0C05, 0x0C46, 0x0E78, 0x111D, 0x13EC, 0x169A, 0x18E0,
    0x1A72, 0x1B09, 0x119B, 0x1175, 0x1379, 0x1355, 0x1303, 0x1295, 0x121E, 0x11B2, 0x1163, 0x1144, 0xC39C, 0xC525, 0xBF0B, 0xBBB8,
    0xB826, 0xB49B, 0xB15F, 0xAEB8, 0xACED, 0xAC44, 0xFDDC, 0xFE36, 0xFE6B, 0xFEA2, 0xFEDC, 0xFF17, 0xFF50, 0xFF98, 0xFFE0, 0x0000,
    0x00A1, 0x00E0, 0x00EE, 0x00EA, 0x00D8, 0x00BE, 0x00A1, 0x006B, 0x0023, 0x0000, 0xB7A0, 0xB311, 0xB218, 0xB1D7, 0xB234, 0xB319,
    0xB46F, 0xB7EA, 0xBCC9, 0xBF40, 0x2C93, 0x2C73, 0x2E2D, 0x30C1, 0x335D, 0x352C, 0x355B, 0x30C5, 0x2933, 0x2537, 0xF5CF, 0xF371,
    0xF06A, 0xECB8, 0xE8A9, 0xE48B, 0xE0AD, 0xDC5D, 0xD82C, 0xD64A, 0x05E2, 0x046A, 0x00C0, 0xFB4D, 0xF52B, 0xEF77, 0xEB4E, 0xEA35,
    0xEB56, 0xEC41, 0x97F3, 0x9A06, 0x9BFE, 0x9E41, 0xA0D5, 0xA3BF, 0xA703, 0xAC55, 0xB299, 0xB59E, 0x8001, 0x8001, 0x4171, 0xBF5F,
    0x8001, 0x8001, 0x4171, 0xBF5F, 0xC6A6, 0xC470, 0xC84C, 0xD0DA, 0xD9A3, 0xE186, 0xE989, 0xF2C5, 0xFBE2, 0x0000, 0xFC03, 0xF9D2,
    0xFA69, 0xFC48, 0xFDD9, 0xFE25, 0xFE37, 0xFEDF, 0xFFA2, 0x0000, 0xF089, 0xEF8A, 0xF149, 0xF478, 0xF593, 0xEF30, 0xEA08, 0xEF65,
    0xF7ED, 0xFC62, 0x1FB6, 0x232F, 0x212A, 0x1C80, 0x1669, 0x101C, 0x0ACE, 0x060C, 0x01D3, 0x0000, 0xEBE8, 0xEDC3, 0xEEF8, 0xF050,
    0xF1DB, 0xF3A6, 0xF5C1, 0xF96C, 0xFDDA, 0x0000, 0x1071, 0x1154, 0x1370, 0x1603, 0x1860, 0x19D9, 0x19C1, 0x14CC, 0x0CBD, 0x0884,
    0x17F9, 0x1588, 0x131A, 0x0FF5, 0x0C6B, 0x08CD, 0x056E, 0x02A0, 0x00B5, 0x0000, 0x00F9, 0xFED9, 0xFE7B, 0xFE6B, 0xFE94, 0xFEE2,
    0xFF41, 0xFF9E, 0xFFE5, 0x0000, 0x5670, 0x582E, 0x5664, 0x535C, 0x4F8A, 0x4B64, 0x475E, 0x43EE, 0x4188, 0x40A1,
};

static const u16 anim_6A_indices[] = {
    0x000D, 0x0001, 0x000D, 0x000E, 0x000D, 0x001B, 0x0001, 0x0000, 0x0001, 0x0028, 0x0001, 0x0000, 0x000D, 0x01EB, 0x000D, 0x01F8,
    0x000D, 0x0205, 0x000D, 0x01C4, 0x000D, 0x01D1, 0x000D, 0x01DE, 0x000D, 0x019D, 0x000D, 0x01AA, 0x000D, 0x01B7, 0x0001, 0x0199,
    0x0001, 0x019A, 0x0001, 0x019B, 0x000D, 0x005D, 0x000D, 0x006A, 0x000D, 0x0077, 0x0001, 0x0000, 0x0001, 0x0000, 0x000D, 0x0050,
    0x000D, 0x0029, 0x000D, 0x0036, 0x000D, 0x0043, 0x0001, 0x0195, 0x0001, 0x0196, 0x0001, 0x0197, 0x000D, 0x00B8, 0x000D, 0x00C5,
    0x000D, 0x00D2, 0x0001, 0x0000, 0x0001, 0x0000, 0x000D, 0x00AB, 0x000D, 0x0084, 0x000D, 0x0091, 0x000D, 0x009E, 0x0001, 0x0000,
    0x0001, 0x0000, 0x0001, 0x0198, 0x000D, 0x016E, 0x000D, 0x017B, 0x000D, 0x0188, 0x0001, 0x0000, 0x0001, 0x0000, 0x000D, 0x0161,
    0x000D, 0x013A, 0x000D, 0x0147, 0x000D, 0x0154, 0x0001, 0x0000, 0x0001, 0x0000, 0x0001, 0x019C, 0x000D, 0x0113, 0x000D, 0x0120,
    0x000D, 0x012D, 0x0001, 0x0000, 0x0001, 0x0000, 0x000D, 0x0106, 0x000D, 0x00DF, 0x000D, 0x00EC, 0x000D, 0x00F9,
};

static const s16 anim_6A_values[] = {
    0x0000, 0xFFF5, 0xFFF5, 0xFFF4, 0xFFF5, 0xFFF7, 0xFFF9, 0xFFFA, 0xFFFB, 0xFFFC, 0xFFFE, 0xFFFF, 0x0000, 0x0000, 0x00AA, 0x00AC,
    0x00AF, 0x00B0, 0x00B0, 0x00B0, 0x00AE, 0x00AB, 0x00A9, 0x00A9, 0x00A9, 0x00AA, 0x00AA, 0x0024, 0x0025, 0x0025, 0x0022, 0x001B,
    0x0015, 0x0011, 0x000E, 0x000B, 0x0008, 0x0004, 0x0001, 0x0000, 0x3FFF, 0xF48E, 0xF985, 0xFC7B, 0xFD98, 0xFE73, 0xFF15, 0xFF86,
    0xFFCF, 0xFFF7, 0x0007, 0x0008, 0x0003, 0x0000, 0xF387, 0xF706, 0xF92B, 0xF9B2, 0xFA05, 0xFA2D, 0xFA33, 0xFA20, 0xF9FD, 0xF9D2,
    0xF9A8, 0xF988, 0xF97C, 0xEE36, 0xF04E, 0xF15B, 0xF153, 0xF113, 0xF0AA, 0xF025, 0xEF90, 0xEEF9, 0xEE6D, 0xEDF8, 0xEDA9, 0xED8C,
    0xE074, 0xD1B0, 0xD7A2, 0xD6B7, 0xD563, 0xD3C4, 0xD1FA, 0xD022, 0xCE5B, 0xCCC4, 0xCB7B, 0xCA9F, 0xCA4F, 0x4638, 0x47BD, 0x4627,
    0x3F1B, 0x3688, 0x2CF7, 0x22F2, 0x18FF, 0x0FA9, 0x0779, 0x00F6, 0xFCAA, 0xFB1D, 0xDCC0, 0xDF33, 0xDFD4, 0xDF14, 0xDDDE, 0xDC53,
    0xDA93, 0xD8BF, 0xD6F7, 0xD55C, 0xD40E, 0xD32E, 0xD2DC, 0x6288, 0x6318, 0x6776, 0x71FB, 0x7E9D, 0x8C9B, 0x9B2F, 0xA99A, 0xB718,
    0xC2E9, 0xCC4A, 0xD279, 0xD4B4, 0xFE76, 0xFEAA, 0xFED5, 0xFEF9, 0xFF1F, 0xFF47, 0xFF6F, 0xFF95, 0xFFB8, 0xFFD5, 0xFFEC, 0xFFFB,
    0x0000, 0xFFB9, 0xFFC1, 0xFFC8, 0xFFCE, 0xFFD5, 0xFFDC, 0xFFE4, 0xFFEB, 0xFFF2, 0xFFF8, 0xFFFC, 0xFFFF, 0x0000, 0xF245, 0xF2B2,
    0xF309, 0xF353, 0xF3A0, 0xF3EE, 0xF43B, 0xF482, 0xF4C3, 0xF4FA, 0xF524, 0xF540, 0xF549, 0xC026, 0xC8EC, 0xCDC1, 0xCEB2, 0xCEE4,
    0xCE7E, 0xCDA6, 0xCC84, 0xCB40, 0xC9FF, 0xC8EA, 0xC827, 0xC7DD, 0x2240, 0x264D, 0x2738, 0x24C8, 0x2157, 0x1D31, 0x18A2, 0x13F6,
    0x0F79, 0x0B77, 0x083C, 0x0614, 0x054B, 0x1C42, 0x2013, 0x22AD, 0x241B, 0x257C, 0x26C9, 0x27FD, 0x2911, 0x2A01, 0x2AC5, 0x2B59,
    0x2BB6, 0x2BD6, 0xD874, 0xE7FB, 0xEF78, 0xEF53, 0xED2E, 0xE982, 0xE4C9, 0xDF7C, 0xDA15, 0xD50E, 0xD0E0, 0xCE05, 0xCCF6, 0x03DB,
    0x0407, 0x0452, 0x04F7, 0x0605, 0x0741, 0x0952, 0x074C, 0x04E4, 0x0341, 0x01AB, 0x0079, 0x0000, 0xFC39, 0xFBD0, 0xFB87, 0xFBC0,
    0xFC75, 0xFD17, 0xFD2D, 0xFDDD, 0xFE7C, 0xFEC9, 0xFF01, 0xFF24, 0xFF30, 0xB73A, 0xB8E3, 0xBA4F, 0xBB4B, 0xBC34, 0xBDC0, 0xC2BD,
    0xC4B4, 0xC5E7, 0xC72F, 0xC877, 0xC973, 0xC9D8, 0x3E77, 0x3C85, 0x3A3D, 0x36AA, 0x3191, 0x2BFF, 0x2702, 0x22DE, 0x202C, 0x1F10,
    0x1E81, 0x1E4F, 0x1E4A, 0x16FD, 0x182A, 0x1917, 0x19AF, 0x1A0E, 0x1A4E, 0x1A8A, 0x1AA6, 0x1AAA, 0x1AC5, 0x1AE4, 0x1AFE, 0x1B09,
    0x1132, 0x12A8, 0x1392, 0x13CC, 0x13AB, 0x133D, 0x1290, 0x1096, 0x0EE4, 0x0F24, 0x0FF8, 0x10DB, 0x1144, 0xC34B, 0xC599, 0xC5E7,
    0xC344, 0xBE93, 0xB947, 0xB4D2, 0xB22D, 0xB098, 0xAF1D, 0xADB7, 0xACAD, 0xAC44, 0xFD55, 0xFC38, 0xFB91, 0xFBC8, 0xFC91, 0xFD4B,
    0xFDBA, 0xFE1B, 0xFE81, 0xFF02, 0xFF7B, 0xFFD6, 0x0000, 0x00FC, 0x012D, 0x0139, 0x00FA, 0x008C, 0x0038, 0x001F, 0x001F, 0x001F,
    0x0014, 0x000A, 0x0003, 0x0000, 0xBA14, 0xBC49, 0xBDAF, 0xBD6A, 0xBC1A, 0xBB48, 0xBBA4, 0xBC7F, 0xBD57, 0xBE08, 0xBEA0, 0xBF0F,
    0xBF40, 0x2958, 0x2556, 0x22E0, 0x232C, 0x256E, 0x27FB, 0x2AF2, 0x2E34, 0x2FB7, 0x2C66, 0x27CA, 0x25D8, 0x2537, 0xEB00, 0xF01A,
    0xF3A0, 0xF48F, 0xF3BC, 0xF225, 0xF023, 0xED5C, 0xE9CA, 0xE481, 0xDE0D, 0xD897, 0xD64A, 0xF31B, 0xF67D, 0xF860, 0xF79C, 0xF519,
    0xF268, 0xEFA2, 0xECAE, 0xEAD3, 0xEA8E, 0xEB1A, 0xEBDD, 0xEC41, 0xAB6A, 0xADE1, 0xAF65, 0xAF32, 0xADB6, 0xAC18, 0xAA08, 0xA7D4,
    0xA78C, 0xAA83, 0xAF43, 0xB3AD, 0xB59E, 0x8001, 0x8001, 0x4171, 0xBF5F, 0x8001, 0x8001, 0x4171, 0xBF5F, 0x2F93, 0x2DC2, 0x2A97,
    0x2515, 0x1CB2, 0x140A, 0x0DBC, 0x09C2, 0x0663, 0x03AC, 0x01AB, 0x006D, 0x0000, 0x0525, 0x0363, 0x024E, 0x0247, 0x02C6, 0x0353,
    0x0375, 0x030A, 0x025B, 0x018E, 0x00CB, 0x0039, 0x0000, 0xF0F6, 0xF2DF, 0xF3F9, 0xF3A6, 0xF287, 0xF186, 0xF18C, 0xF2EF, 0xF51A,
    0xF798, 0xF9F2, 0xFBB2, 0xFC62, 0xCCFD, 0xCD34, 0xCF3A, 0xD5C8, 0xE035, 0xE84F, 0xED35, 0xF1FC, 0xF66A, 0xFA43, 0xFD4C, 0xFF49,
    0x0000, 0x11CB, 0x149C, 0x1607, 0x149F, 0x1101, 0x0DC2, 0x0B60, 0x08C8, 0x062F, 0x03CB, 0x01D4, 0x007E, 0x0000, 0xFE26, 0xFC57,
    0xFCF4, 0x03B9, 0x0E52, 0x1477, 0x14A7, 0x1347, 0x10E5, 0x0E11, 0x0B5B, 0x0951, 0x0884, 0xFFD5, 0x0058, 0x00A3, 0x0091, 0x0071,
    0x0058, 0x0047, 0x0035, 0x0025, 0x0016, 0x000A, 0x0002, 0x0000, 0x0290, 0x0475, 0x0517, 0x02E1, 0xFF03, 0xFCAC, 0xFC7B, 0xFCD0,
    0xFD7C, 0xFE51, 0xFF22, 0xFFC1, 0x0000, 0x47B2, 0x4620, 0x44BF, 0x43A0, 0x42BF, 0x422B, 0x41C8, 0x4172, 0x4129, 0x40EF, 0x40C4,
    0x40AA, 0x40A1,
};

static const u16 anim_6F_70_indices[] = {
    0x0001, 0x0000, 0x0001, 0x0001, 0x0001, 0x0000, 0x0001, 0x0000, 0x0001, 0x0002, 0x0001, 0x0000, 0x0001, 0x0000, 0x0001, 0x0000,
    0x000A, 0x0027, 0x0001, 0x0000, 0x0001, 0x0000, 0x0001, 0x0026, 0x0001, 0x0000, 0x0001, 0x0000, 0x0001, 0x0025, 0x0001, 0x0021,
    0x0001, 0x0022, 0x0001, 0x0023, 0x0001, 0x0007, 0x0001, 0x0008, 0x0001, 0x0009, 0x0001, 0x0000, 0x0001, 0x0000, 0x0001, 0x0006,
    0x0001, 0x0003, 0x0001, 0x0004, 0x0001, 0x0005, 0x0001, 0x001D, 0x0001, 0x001E, 0x0001, 0x001F, 0x0001, 0x000C, 0x0001, 0x000D,
    0x0001, 0x000E, 0x0001, 0x0000, 0x0001, 0x0000, 0x0001, 0x000B, 0x0001, 0x0000, 0x0001, 0x0000, 0x0001, 0x000A, 0x0001, 0x0000,
    0x0001, 0x0000, 0x0001, 0x0020, 0x0001, 0x001A, 0x0001, 0x001B, 0x0001, 0x001C, 0x0001, 0x0000, 0x0001, 0x0000, 0x0001, 0x0019,
    0x0001, 0x0016, 0x0001, 0x0017, 0x0001, 0x0018, 0x0001, 0x0000, 0x0001, 0x0000, 0x0001, 0x0024, 0x0001, 0x0013, 0x0001, 0x0014,
    0x0001, 0x0015, 0x0001, 0x0000, 0x0001, 0x0000, 0x0001, 0x0012, 0x0001, 0x000F, 0x0001, 0x0010, 0x0001, 0x0011,
};

static const s16 anim_6F_70_values[] = {
    0x0000, 0x0090, 0x3FFF, 0x00A8, 0xF984, 0xE96B, 0xC898, 0x1106, 0xE692, 0xB427, 0xED8C, 0xC68E, 0xF40A, 0x1E67, 0xB4BD, 0x001B,
    0x025B, 0xCB25, 0x5AFE, 0x008D, 0xFECB, 0x83AC, 0x0095, 0xFF09, 0xCC42, 0x5730, 0xFFBA, 0x0051, 0x85D1, 0x7FFF, 0x7FFF, 0x4171,
    0xBF5F, 0x7FFF, 0x7FFF, 0x4171, 0xBF5F, 0x2A6B, 0x0F71, 0x3FFF, 0x5948, 0x7290, 0x8BD8, 0xA521, 0xBE69, 0xD7B2, 0xF0FA, 0x0A43,
    0x238B,
};

static const u16 anim_71_indices[] = {
    0x0018, 0x0001, 0x0018, 0x0019, 0x0018, 0x0031, 0x0001, 0x0000, 0x0001, 0x0049, 0x0001, 0x0000, 0x0018, 0x03C7, 0x0018, 0x03DF,
    0x0018, 0x03F7, 0x0018, 0x037F, 0x0018, 0x0397, 0x0018, 0x03AF, 0x0018, 0x0337, 0x0018, 0x034F, 0x0018, 0x0367, 0x0018, 0x02EE,
    0x0018, 0x0306, 0x0018, 0x031E, 0x0018, 0x00AA, 0x0018, 0x00C2, 0x0018, 0x00DA, 0x0001, 0x0000, 0x0001, 0x0000, 0x0018, 0x0092,
    0x0018, 0x004A, 0x0018, 0x0062, 0x0018, 0x007A, 0x0001, 0x02EA, 0x0001, 0x02EB, 0x0001, 0x02EC, 0x0018, 0x0152, 0x0018, 0x016A,
    0x0018, 0x0182, 0x0001, 0x0000, 0x0001, 0x0000, 0x0018, 0x013A, 0x0018, 0x00F2, 0x0018, 0x010A, 0x0018, 0x0122, 0x0001, 0x0000,
    0x0001, 0x0000, 0x0001, 0x02ED, 0x0018, 0x02A2, 0x0018, 0x02BA, 0x0018, 0x02D2, 0x0001, 0x0000, 0x0001, 0x0000, 0x0018, 0x028A,
    0x0018, 0x0242, 0x0018, 0x025A, 0x0018, 0x0272, 0x0001, 0x0000, 0x0001, 0x0000, 0x0001, 0x0336, 0x0018, 0x01FA, 0x0018, 0x0212,
    0x0018, 0x022A, 0x0001, 0x0000, 0x0001, 0x0000, 0x0018, 0x01E2, 0x0018, 0x019A, 0x0018, 0x01B2, 0x0018, 0x01CA,
};

static const s16 anim_71_values[] = {
    0x0000, 0xFFF4, 0x0008, 0xFFF8, 0xFFF3, 0xFFF6, 0xFFE1, 0xFFDB, 0xFFCE, 0xFFD3, 0xFFDE, 0xFFDD, 0xFFE8, 0xFFF0, 0x000D, 0x000E,
    0x000D, 0x000B, 0x0009, 0x0006, 0x0005, 0x0003, 0x0001, 0x0000, 0x0000, 0x008D, 0x007B, 0x0080, 0x0097, 0x009C, 0x009D, 0x008D,
    0x0080, 0x007F, 0x009A, 0x00A2, 0x00A1, 0x008F, 0x008B, 0x0088, 0x0087, 0x0082, 0x007D, 0x0078, 0x0073, 0x0070, 0x006C, 0x006A,
    0x0069, 0x0045, 0x006B, 0x00B0, 0x00A5, 0x00AD, 0x00BF, 0x00C9, 0x00AF, 0x0077, 0x0054, 0x0056, 0x005B, 0x0046, 0x0016, 0xFFF3,
    0xFFF9, 0xFFFD, 0x0000, 0x0002, 0x0001, 0xFFFA, 0xFFEE, 0xFFE2, 0xFFDD, 0x3FFF, 0xE53C, 0xE262, 0xD8D5, 0xCEB9, 0xCFC7, 0xEF05,
    0x1719, 0x2476, 0x2AF7, 0x290F, 0x2F2C, 0x3594, 0x25CF, 0x3AC7, 0x2D73, 0x1C96, 0x0CA1, 0xFE48, 0xF06A, 0xE10B, 0xD1F8, 0xC4FB,
    0xBBE0, 0xB870, 0xEA28, 0xE97A, 0xE7A4, 0xE5C9, 0xE711, 0xF20C, 0xFCFA, 0xF27D, 0xF9D1, 0x0135, 0x08D3, 0x1A28, 0x15D2, 0x1467,
    0x004C, 0xF2FA, 0xEDF2, 0xEB85, 0xE9DC, 0xE85C, 0xE715, 0xE618, 0xE574, 0xE53A, 0xE4D0, 0xED22, 0xF496, 0xFB87, 0xFCDE, 0xF09E,
    0xDD50, 0xC907, 0xCC5A, 0xD844, 0xD28A, 0xC8C2, 0xD94F, 0xE65C, 0xD9FB, 0xD81F, 0xDA6D, 0xDDC9, 0xE1B7, 0xE655, 0xEB02, 0xEF1F,
    0xF20C, 0xF329, 0xE5B6, 0xD6D6, 0xD911, 0xDD41, 0xE25C, 0xE757, 0xEB29, 0xE832, 0xDDCC, 0xD60A, 0xD855, 0xDC2F, 0xE03D, 0xE326,
    0xE4C0, 0xE160, 0xD099, 0xC2DF, 0xC29A, 0xC4F4, 0xC8C8, 0xCCF1, 0xD047, 0xD1A5, 0xE523, 0xD803, 0xDF7B, 0xF7C0, 0x1877, 0x0B31,
    0x0537, 0x013F, 0xFA0E, 0xFB15, 0xF780, 0xF6A9, 0xFEB2, 0x0C7D, 0x2644, 0x4D09, 0x4E72, 0x47FD, 0x423E, 0x3B56, 0x3545, 0x3207,
    0x4232, 0x4683, 0xE134, 0xFBF0, 0x0413, 0xE9A7, 0xD45E, 0xEEF0, 0xF902, 0xF3CE, 0xE5C7, 0xD85D, 0xD6BB, 0xDB5A, 0xEC2C, 0xFC7B,
    0xF35F, 0xE9D2, 0xE132, 0xDA4D, 0xD603, 0xD29A, 0xCF93, 0xCC6E, 0xC972, 0xC85D, 0xDDB9, 0xEB4F, 0x0B0A, 0x0EFF, 0x020A, 0xF4F6,
    0xF10C, 0xF921, 0xED44, 0xE0A9, 0xD777, 0xCB20, 0xB373, 0x9A03, 0x8B8D, 0x74B9, 0x6BAC, 0x626B, 0x52ED, 0x41AF, 0x3037, 0x200B,
    0x1753, 0x1427, 0xC9D0, 0xCD41, 0xDDA7, 0xDD42, 0xD3C5, 0xD5D5, 0xD04E, 0xD67F, 0xE641, 0xF889, 0x0A6F, 0x190C, 0x2177, 0x0E2B,
    0xF4FA, 0x0B29, 0x0E50, 0x103D, 0x1866, 0x2292, 0x2D32, 0x36B8, 0x3D93, 0x4035, 0x0A52, 0x1260, 0x17EC, 0x161A, 0x0345, 0xF112,
    0xFDB6, 0xF9AD, 0xFAFE, 0xFC65, 0xFE6A, 0x0190, 0x0660, 0x1567, 0x2266, 0x0BA2, 0x0D5C, 0x12B3, 0x14BE, 0x16C8, 0x18A5, 0x1A2E,
    0x1B37, 0x1B99, 0xD324, 0xD7F6, 0xDB3E, 0xDC28, 0xDD63, 0xEB34, 0xD608, 0xD224, 0xDAAB, 0xE596, 0xF090, 0xF945, 0xFD60, 0xEB8F,
    0xD95A, 0xFE24, 0x0278, 0x0024, 0xFF7D, 0xFE75, 0xFD46, 0xFC27, 0xFB51, 0xFAFE, 0xD051, 0xCF46, 0xDEAF, 0xDE7A, 0xCFB2, 0xB3C5,
    0xC4D4, 0xD814, 0xDE94, 0xE3CA, 0xE7C8, 0xEA9E, 0xEC60, 0xED1F, 0xE621, 0xDA2B, 0xCE16, 0xC670, 0xC6DB, 0xC926, 0xCC73, 0xCFE3,
    0xD296, 0xD3AE, 0xC6D0, 0xCA2C, 0xBFDA, 0xB5C9, 0x7DC7, 0xA5C1, 0x9656, 0x8292, 0x95A3, 0xB95B, 0xA969, 0x7CD1, 0xE70F, 0xD80F,
    0xD10A, 0xCE68, 0xCF7D, 0xD169, 0xD3E0, 0xD693, 0xD934, 0xDB76, 0xDD09, 0xDDA1, 0x1F8A, 0x234B, 0x2104, 0x2999, 0x4DE9, 0x65F5,
    0x76AA, 0x7A50, 0x7147, 0x6BFF, 0x5D25, 0x5DC5, 0x203F, 0x25B8, 0x242D, 0x22B1, 0x23F1, 0x25AE, 0x27B4, 0x29D1, 0x2BCF, 0x2D7C,
    0x2EA3, 0x2F11, 0x8791, 0x94DD, 0x9B46, 0x9A74, 0x5433, 0x7EBB, 0x7DE1, 0x6F2A, 0x853E, 0x8141, 0x5E21, 0x2D9B, 0xA2A0, 0x988F,
    0x84AC, 0x739B, 0x693F, 0x5E84, 0x53F5, 0x4A1B, 0x4181, 0x3AB1, 0x3635, 0x3498, 0xFFBA, 0xFFCF, 0xFFB1, 0xFF85, 0xFF57, 0xFF47,
    0xFFDA, 0xFFDE, 0xFFD0, 0xFFBC, 0xFFAE, 0xFFB1, 0xFFF1, 0x006B, 0x00ED, 0x0140, 0x0130, 0x0088, 0xF881, 0xFA0C, 0xFCF1, 0xFE6D,
    0xFF99, 0x0012, 0xFF39, 0xFF31, 0xFF3B, 0xFF60, 0xFF88, 0xFF99, 0xFF30, 0xFF28, 0xFF28, 0xFF2F, 0xFF38, 0xFF40, 0xFF4F, 0xFF6C,
    0xFF89, 0xFF9B, 0xFF95, 0xFF6A, 0xFD7A, 0xFDF2, 0xFEB4, 0xFEFB, 0xFF24, 0xFF31, 0xD7CA, 0xD3A2, 0xD9EE, 0xE541, 0xF10E, 0xF55B,
    0xD183, 0xCFF8, 0xD2BD, 0xD719, 0xDA57, 0xD9BD, 0xD548, 0xCF08, 0xC75F, 0xBEB1, 0xB560, 0xABCF, 0x96D2, 0xA157, 0xAFEA, 0xB9E5,
    0xC282, 0xC62D, 0x229B, 0x3C67, 0x4F41, 0x3379, 0x1605, 0x0DC9, 0x0EB9, 0x1178, 0x1539, 0x19E1, 0x1F55, 0x257B, 0x2D2F, 0x3696,
    0x4085, 0x49D1, 0x514D, 0x55CE, 0x5662, 0x53C8, 0x4F5E, 0x4A85, 0x469A, 0x44FE, 0xEB40, 0xF434, 0xFDBC, 0x0846, 0x0B59, 0x0232,
    0x0FBD, 0xFBA2, 0x02E2, 0x01FE, 0xFFD2, 0x017B, 0x0B6D, 0x1935, 0x229C, 0x23C0, 0x2081, 0x1C51, 0x16DD, 0x1105, 0x0C55, 0x079D,
    0x03F9, 0x0283, 0x0075, 0xF8B4, 0xF7DB, 0xF46C, 0xFCFD, 0x07C5, 0x169F, 0x1FD4, 0x1F4A, 0x143C, 0x0770, 0xFE56, 0xFC07, 0xFD69,
    0xFEA0, 0xFD60, 0xFBF5, 0xFD6E, 0x07DC, 0x1250, 0x1504, 0x15CA, 0x1591, 0x1549, 0xDA06, 0xD3CD, 0xC8C3, 0xB3E4, 0xA81E, 0xACCD,
    0xA7DB, 0xA90D, 0xC7A5, 0xDC8B, 0xEEDF, 0xF518, 0xE6CF, 0xCC6A, 0xB596, 0xA8D6, 0x9FA6, 0x9628, 0x893F, 0x7EE5, 0x79D5, 0x763C,
    0x7416, 0x735F, 0xFA89, 0xFAA0, 0xFA9D, 0xFA92, 0xFA80, 0xFA6C, 0xFA59, 0xFA49, 0xFA41, 0xFA42, 0xFA50, 0xFA6F, 0xFCDE, 0xFC7F,
    0xEA0C, 0xE921, 0xE9F8, 0xEBE6, 0xEE44, 0xF067, 0xF2F7, 0xF641, 0xF917, 0xFA4C, 0x015B, 0x01C5, 0x01A7, 0x017D, 0x0148, 0x0108,
    0x00BE, 0x006A, 0x000D, 0xFFA8, 0xFF39, 0xFEC3, 0xFD74, 0xFC0D, 0xFCC5, 0xFCC1, 0xFC9B, 0xFC73, 0xFC68, 0xFC9A, 0xFD56, 0xFE7B,
    0xFF8A, 0x0000, 0xC4FE, 0xC805, 0xC734, 0xC61C, 0xC4BC, 0xC310, 0xC116, 0xBECC, 0xBC2F, 0xB93C, 0xB5F2, 0xB24C, 0xA66F, 0x9A1D,
    0xA417, 0xA573, 0xA5A3, 0xA57A, 0xA5CE, 0xA770, 0xABF7, 0xB297, 0xB893, 0xBB2D, 0x59DD, 0x5F56, 0x6074, 0x6157, 0x61F7, 0x624B,
    0x624B, 0x61EE, 0x612D, 0x5FFE, 0x5E5A, 0x5C37, 0x5420, 0x4769, 0x4040, 0x417B, 0x45EF, 0x4BC5, 0x5128, 0x5441, 0x53C5, 0x50F6,
    0x4DD1, 0x4C54, 0x02F2, 0x0307, 0x02CB, 0x0282, 0x0230, 0x01D6, 0x0177, 0x0115, 0x00B3, 0x0054, 0xFFF9, 0xFFA5, 0xFF99, 0x0A09,
    0x102E, 0x1121, 0x1108, 0x0FC6, 0x0B63, 0x06D1, 0x04DC, 0x0376, 0x02A0, 0x0259, 0xEB13, 0xEB09, 0xEC54, 0xEDE1, 0xEFA0, 0xF180,
    0xF372, 0xF566, 0xF74C, 0xF914, 0xFAAE, 0xFC0A, 0xF86E, 0xEB2B, 0xEFA6, 0xF076, 0xF08E, 0xF03F, 0xEEF4, 0xED9C, 0xED3F, 0xED1E,
    0xED1F, 0xED25, 0x969E, 0xA3D4, 0xA6F1, 0xA8C5, 0xA995, 0xA9A7, 0xA93E, 0xA8A0, 0xA810, 0xA7D5, 0xA832, 0xA96D, 0xB716, 0xA377,
    0x817A, 0x7C6D, 0x7CD4, 0x7D7B, 0x7D18, 0x7CAF, 0x7B4E, 0x7991, 0x7815, 0x7774, 0x8001, 0x8001, 0x4171, 0xBF5F, 0x8001, 0x8001,
    0x8001, 0x8001, 0x8001, 0x8001, 0x8001, 0x8001, 0x8001, 0x8001, 0x7E15, 0x7AE6, 0x7A43, 0x8001, 0x9DE5, 0xBD23, 0xBD7F, 0xB396,
    0xAA76, 0x9F6C, 0x9411, 0x89FB, 0x82C4, 0x8001, 0x8001, 0x8001, 0x8001, 0x8001, 0x8001, 0x8001, 0x8001, 0x8001, 0x8001, 0x8001,
    0x8031, 0x807F, 0x808F, 0x8001, 0x7D1D, 0x7A1A, 0x7A11, 0x7B06, 0x7BE7, 0x7CF7, 0x7E0F, 0x7F08, 0x7FBA, 0x8001, 0x4171, 0x4171,
    0x4171, 0x4171, 0x4171, 0x4171, 0x4171, 0x4171, 0x4171, 0x4171, 0x4111, 0x4072, 0x4052, 0x4171, 0x4745, 0x4D5E, 0x4D70, 0x4B81,
    0x49B9, 0x4792, 0x455A, 0x4363, 0x41FA, 0x4171, 0xBF5F, 0x23A0, 0x2883, 0x3464, 0x1DCF, 0x11CF, 0x0AA3, 0x067A, 0x0271, 0xFEB5,
    0xFB72, 0xF8D4, 0xF729, 0xF6F7, 0xF8C3, 0x04AB, 0x0C86, 0x1036, 0x0EEF, 0x0C78, 0x0952, 0x05FF, 0x0300, 0x00D5, 0x0000, 0xFB90,
    0xF5B2, 0xF48D, 0xF1E5, 0xF4A2, 0xF066, 0xF42A, 0xF91C, 0xFE52, 0x02DE, 0x05D5, 0x055C, 0x0233, 0xFF5A, 0xFF0D, 0xFCF0, 0xFB84,
    0xFBD8, 0xFC83, 0xFD63, 0xFE50, 0xFF28, 0xFFC4, 0x0000, 0xD73D, 0xF15B, 0x0A3E, 0x186A, 0x1A18, 0x1C41, 0x1702, 0x115E, 0x0B0C,
    0x03C1, 0xFB32, 0xEEBE, 0xDF4F, 0xD1EB, 0xD069, 0xD00C, 0xD08C, 0xD219, 0xD410, 0xD635, 0xD84B, 0xDA13, 0xDB52, 0xDBCA, 0xEFB4,
    0xEF85, 0xF075, 0xF75E, 0xF33B, 0xF0E4, 0xF731, 0x005C, 0x0904, 0x0DC7, 0x0E90, 0x0DD8, 0x0C13, 0x09B2, 0x0729, 0x04EB, 0x036A,
    0x0281, 0x01BC, 0x011B, 0x009F, 0x0046, 0x0011, 0x0000, 0x02E4, 0xF761, 0xEB75, 0xF388, 0xFCB4, 0x0478, 0x09F0, 0x0EDF, 0x12AE,
    0x14C5, 0x1572, 0x1579, 0x14F6, 0x1409, 0x12CE, 0x1163, 0x0FE7, 0x0DEE, 0x0B3C, 0x0830, 0x052B, 0x028C, 0x00B2, 0x0000, 0x277E,
    0x16BC, 0x06CC, 0x072A, 0x1203, 0x1BD5, 0x2018, 0x22FC, 0x2496, 0x24F8, 0x240E, 0x220E, 0x1F7B, 0x1CD7, 0x1AA6, 0x196A, 0x19A6,
    0x1BFF, 0x2038, 0x2581, 0x2B08, 0x2FFD, 0x3390, 0x34EF, 0xE4B5, 0xCB3F, 0xBF9A, 0xC1CF, 0xD385, 0xE2F7, 0xF38C, 0x06AA, 0x19BA,
    0x2A25, 0x3555, 0x38B1, 0x1111, 0x0D8A, 0x0470, 0xFDDD, 0xFCEB, 0xFCAD, 0xFCF4, 0xFD94, 0xFE60, 0xFF29, 0xFFC3, 0x0000, 0x28AE,
    0x2503, 0x18F0, 0x11D5, 0x088F, 0xFDEE, 0xF639, 0xEE7A, 0xE6E6, 0xDFB2, 0xD914, 0xD341, 0xD86B, 0xE80A, 0xF3DA, 0xFB16, 0xFD21,
    0xFE8C, 0xFF73, 0xFFF0, 0x0021, 0x0021, 0x000C, 0x0000, 0x3C1B, 0x1E3D, 0x0F8A, 0x0CC5, 0x0A3D, 0x0301, 0x0359, 0x0324, 0x0375,
    0x0560, 0x09F9, 0x139C, 0x48A9, 0x5D6B, 0x6699, 0x69A7, 0x67A2, 0x6462, 0x605D, 0x5C0A, 0x57DF, 0x5452, 0x51DA, 0x50ED,
};

static const u16 anim_72_73_indices[] = {
    0x0001, 0x0000, 0x0048, 0x0001, 0x0001, 0x0000, 0x0001, 0x0000, 0x0001, 0x0049, 0x0001, 0x0000, 0x0001, 0x0000, 0x0001, 0x0000,
    0x0048, 0x0833, 0x0048, 0x07A3, 0x0001, 0x0000, 0x0048, 0x07EB, 0x0048, 0x0713, 0x0001, 0x0000, 0x0048, 0x075B, 0x0001, 0x070F,
    0x0001, 0x0710, 0x0001, 0x0711, 0x0048, 0x0123, 0x0048, 0x016B, 0x0048, 0x01B3, 0x0001, 0x0000, 0x0001, 0x0000, 0x0048, 0x00DB,
    0x0048, 0x004A, 0x0048, 0x0092, 0x0001, 0x00DA, 0x0001, 0x067C, 0x0001, 0x067D, 0x0001, 0x067E, 0x0048, 0x031B, 0x0048, 0x0363,
    0x0048, 0x03AB, 0x0001, 0x0000, 0x0001, 0x0000, 0x0048, 0x02D3, 0x0048, 0x01FB, 0x0048, 0x0243, 0x0048, 0x028B, 0x0001, 0x0000,
    0x0048, 0x067F, 0x0048, 0x06C7, 0x0048, 0x05A4, 0x0048, 0x05EC, 0x0048, 0x0634, 0x0001, 0x0000, 0x0001, 0x0000, 0x0048, 0x055C,
    0x0001, 0x0000, 0x0001, 0x0000, 0x0048, 0x0514, 0x0001, 0x0000, 0x0001, 0x0000, 0x0001, 0x0712, 0x0001, 0x0483, 0x0048, 0x0484,
    0x0048, 0x04CC, 0x0001, 0x0000, 0x0001, 0x0000, 0x0048, 0x043B, 0x0001, 0x0000, 0x0001, 0x0000, 0x0048, 0x03F3,
};

static const s16 anim_72_73_values[] = {
    0x0000, 0x00C0, 0x00BD, 0x00B8, 0x00B4, 0x00B1, 0x00AF, 0x00AD, 0x00AB, 0x00AC, 0x00AE, 0x00B0, 0x00B3, 0x00B7, 0x00BA, 0x00BE,
    0x00C2, 0x00C5, 0x00C8, 0x00CB, 0x00CE, 0x00D1, 0x00D3, 0x00D6, 0x00D8, 0x00D9, 0x00D9, 0x00D9, 0x00D8, 0x00D7, 0x00D5, 0x00D2,
    0x00D0, 0x00CD, 0x00CA, 0x00C8, 0x00C5, 0x00C1, 0x00BD, 0x00B9, 0x00B5, 0x00B2, 0x00B0, 0x00AE, 0x00AD, 0x00AC, 0x00AB, 0x00AB,
    0x00AB, 0x00AC, 0x00AD, 0x00AF, 0x00B2, 0x00B6, 0x00BC, 0x00C2, 0x00C6, 0x00CA, 0x00CD, 0x00CF, 0x00D2, 0x00D4, 0x00D6, 0x00D8,
    0x00D9, 0x00D9, 0x00D8, 0x00D5, 0x00D3, 0x00CF, 0x00CA, 0x00C5, 0x00C3, 0x3FFF, 0xDFD1, 0xDFF0, 0xE04B, 0xE0DE, 0xE1A2, 0xE295,
    0xE3B1, 0xE4F1, 0xE651, 0xE7CD, 0xE95F, 0xEB03, 0xECB5, 0xEE70, 0xF02E, 0xF1EC, 0xF3A6, 0xF555, 0xF6F6, 0xF884, 0xF9FA, 0xFB54,
    0xFC8E, 0xFDA1, 0xFE8B, 0xFF46, 0xFFCD, 0x001B, 0x002E, 0x0000, 0xFF9C, 0xFF12, 0xFE64, 0xFD94, 0xFCA4, 0xFB96, 0xFA6C, 0xF929,
    0xF7CD, 0xF65C, 0xF4D6, 0xF33F, 0xF197, 0xEFE2, 0xEE21, 0xEC55, 0xEA82, 0xE8A8, 0xE6CB, 0xE4EB, 0xE30C, 0xE12E, 0xDF55, 0xDD81,
    0xDBB5, 0xD9F3, 0xD83D, 0xD694, 0xD4FC, 0xD375, 0xD202, 0xD0A5, 0xCF60, 0xCE35, 0xCD25, 0xCC33, 0xCB61, 0xCAB1, 0xCA24, 0xC9BD,
    0xC97E, 0xC968, 0x047B, 0x0472, 0x045A, 0x0432, 0x03FC, 0x03B9, 0x036A, 0x0311, 0x02AE, 0x0242, 0x01CF, 0x0155, 0x00D7, 0x0054,
    0xFFCF, 0xFF48, 0xFEBF, 0xFE37, 0xFDB0, 0xFD2C, 0xFCAB, 0xFC2F, 0xFBB9, 0xFB49, 0xFAE2, 0xFA84, 0xFA30, 0xF9E7, 0xF9AA, 0xF97C,
    0xF956, 0xF934, 0xF915, 0xF8FA, 0xF8E2, 0xF8CD, 0xF8BB, 0xF8AC, 0xF89F, 0xF895, 0xF88E, 0xF889, 0xF886, 0xF885, 0xF886, 0xF888,
    0xF88D, 0xF892, 0xF89A, 0xF8A2, 0xF8AB, 0xF8B6, 0xF8C1, 0xF8CD, 0xF8D9, 0xF8E6, 0xF8F3, 0xF900, 0xF90D, 0xF91B, 0xF927, 0xF934,
    0xF940, 0xF94B, 0xF955, 0xF95F, 0xF967, 0xF96E, 0xF974, 0xF978, 0xF97B, 0xF97C, 0xED8C, 0xDF7F, 0xDF42, 0xDEBF, 0xDE41, 0xDE14,
    0xDE2A, 0xDE44, 0xDE61, 0xDE81, 0xDEA4, 0xDEC9, 0xDEF0, 0xDF18, 0xDF43, 0xDF6E, 0xDF9B, 0xDFC8, 0xDFF6, 0xE024, 0xE052, 0xE07F,
    0xE0AC, 0xE0D8, 0xE103, 0xE12C, 0xE154, 0xE17A, 0xE19D, 0xE1BF, 0xE1DD, 0xE1FA, 0xE218, 0xE236, 0xE254, 0xE272, 0xE291, 0xE2B0,
    0xE2CF, 0xE2EE, 0xE30E, 0xE32D, 0xE34C, 0xE36A, 0xE389, 0xE3A7, 0xE3C5, 0xE3E3, 0xE400, 0xE41C, 0xE438, 0xE454, 0xE46E, 0xE488,
    0xE4A1, 0xE4BA, 0xE4D1, 0xE4E7, 0xE4FD, 0xE511, 0xE524, 0xE536, 0xE547, 0xE556, 0xE564, 0xE570, 0xE57C, 0xE585, 0xE58D, 0xE593,
    0xE598, 0xE59A, 0xE59B, 0xDAEE, 0xDB0B, 0xDB60, 0xDBE9, 0xDCA3, 0xDD8A, 0xDE9A, 0xDFD0, 0xE128, 0xE29F, 0xE431, 0xE5DA, 0xE797,
    0xE964, 0xEB3E, 0xED21, 0xEF08, 0xF0F2, 0xF2D9, 0xF4BB, 0xF694, 0xF860, 0xFA1C, 0xFBC3, 0xFD54, 0xFEC8, 0x001D, 0x0151, 0x025E,
    0x0342, 0x040E, 0x04D4, 0x0595, 0x0651, 0x0708, 0x07BA, 0x0867, 0x090F, 0x09B3, 0x0A51, 0x0AEA, 0x0B7E, 0x0C0D, 0x0C97, 0x0D1D,
    0x0D9D, 0x0E18, 0x0E8F, 0x0F00, 0x0F6D, 0x0FD5, 0x1038, 0x1096, 0x10EF, 0x1143, 0x1192, 0x11DD, 0x1222, 0x1263, 0x129F, 0x12D6,
    0x1308, 0x1335, 0x135E, 0x1382, 0x13A1, 0x13BB, 0x13D1, 0x13E1, 0x13ED, 0x13F4, 0x13F7, 0xB6BF, 0xB6DC, 0xB72F, 0xB7B4, 0xB868,
    0xB946, 0xBA4A, 0xBB70, 0xBCB3, 0xBE10, 0xBF83, 0xC108, 0xC299, 0xC434, 0xC5D5, 0xC776, 0xC914, 0xCAAB, 0xCC36, 0xCDB3, 0xCF1B,
    0xD06D, 0xD1A2, 0xD2B8, 0xD3A9, 0xD473, 0xD510, 0xD57D, 0xD5B6, 0xD5B6, 0xD589, 0xD53F, 0xD4D8, 0xD457, 0xD3BC, 0xD30A, 0xD242,
    0xD165, 0xD074, 0xCF73, 0xCE61, 0xCD41, 0xCC14, 0xCADB, 0xC999, 0xC84E, 0xC6FC, 0xC5A4, 0xC449, 0xC2EC, 0xC18D, 0xC030, 0xBED4,
    0xBD7D, 0xBC2A, 0xBADF, 0xB99B, 0xB862, 0xB734, 0xB612, 0xB4FF, 0xB3FC, 0xB30B, 0xB22C, 0xB162, 0xB0AE, 0xB012, 0xAF8E, 0xAF25,
    0xAED9, 0xAEA9, 0xAE99, 0xBB71, 0xBB9B, 0xBC14, 0xBCD7, 0xBDDE, 0xBF21, 0xC09B, 0xC246, 0xC41C, 0xC616, 0xC82E, 0xCA5E, 0xCCA0,
    0xCEED, 0xD140, 0xD392, 0xD5DD, 0xD81B, 0xDA46, 0xDC57, 0xDE49, 0xE015, 0xE1B4, 0xE322, 0xE457, 0xE54D, 0xE5FF, 0xE665, 0xE67A,
    0xE638, 0xE5AE, 0xE4F1, 0xE404, 0xE2EA, 0xE1A4, 0xE036, 0xDEA3, 0xDCED, 0xDB17, 0xD923, 0xD714, 0xD4EE, 0xD2B2, 0xD063, 0xCE04,
    0xCB98, 0xC921, 0xC6A2, 0xC41D, 0xC196, 0xBF0F, 0xBC8A, 0xBA0B, 0xB794, 0xB527, 0xB2C8, 0xB079, 0xAE3D, 0xAC16, 0xAA07, 0xA813,
    0xA63C, 0xA486, 0xA2F2, 0xA184, 0xA03E, 0x9F22, 0x9E35, 0x9D77, 0x9CEC, 0x9C97, 0x9C7A, 0x0000, 0x002C, 0x00AD, 0x017C, 0x0294,
    0x03EF, 0x0587, 0x0756, 0x0956, 0x0B81, 0x0DD1, 0x1040, 0x12C9, 0x1565, 0x180F, 0x1AC0, 0x1D73, 0x2021, 0x22C6, 0x255A, 0x27D8,
    0x2A3B, 0x2C7B, 0x2E94, 0x307F, 0x3236, 0x33B3, 0x34F2, 0x35EA, 0x3698, 0x3710, 0x376D, 0x37B0, 0x37DB, 0x37EF, 0x37ED, 0x37D6,
    0x37AB, 0x376D, 0x371F, 0x36C0, 0x3652, 0x35D6, 0x354D, 0x34B9, 0x341B, 0x3374, 0x32C5, 0x320F, 0x3153, 0x3094, 0x2FD1, 0x2F0C,
    0x2E46, 0x2D80, 0x2CBC, 0x2BFB, 0x2B3E, 0x2A86, 0x29D4, 0x2929, 0x2887, 0x27EF, 0x2762, 0x26E1, 0x266E, 0x2609, 0x25B3, 0x256F,
    0x253D, 0x251D, 0x2513, 0x0000, 0x000F, 0x003B, 0x0083, 0x00E4, 0x015C, 0x01E9, 0x0288, 0x0339, 0x03F8, 0x04C3, 0x0599, 0x0678,
    0x075C, 0x0845, 0x0930, 0x0A1B, 0x0B04, 0x0BE9, 0x0CC7, 0x0D9D, 0x0E69, 0x0F28, 0x0FD9, 0x1079, 0x1106, 0x117E, 0x11E0, 0x1228,
    0x1255, 0x126E, 0x127D, 0x1280, 0x127A, 0x126B, 0x1252, 0x1232, 0x1209, 0x11D9, 0x11A2, 0x1165, 0x1122, 0x10D9, 0x108C, 0x103B,
    0x0FE5, 0x0F8D, 0x0F31, 0x0ED4, 0x0E74, 0x0E13, 0x0DB2, 0x0D50, 0x0CEF, 0x0C8F, 0x0C2F, 0x0BD2, 0x0B77, 0x0B1F, 0x0ACA, 0x0A79,
    0x0A2C, 0x09E4, 0x09A2, 0x0965, 0x092F, 0x0900, 0x08D8, 0x08B8, 0x08A1, 0x0893, 0x088E, 0xF549, 0xF54D, 0xF558, 0xF56A, 0xF582,
    0xF5A1, 0xF5C4, 0xF5EC, 0xF619, 0xF649, 0xF67D, 0xF6B3, 0xF6EC, 0xF726, 0xF762, 0xF79F, 0xF7DC, 0xF819, 0xF855, 0xF890, 0xF8C9,
    0xF900, 0xF934, 0xF965, 0xF993, 0xF9BC, 0xF9E0, 0xFA00, 0xFA19, 0xFA2D, 0xFA3C, 0xFA4A, 0xFA55, 0xFA5F, 0xFA68, 0xFA6E, 0xFA74,
    0xFA78, 0xFA7A, 0xFA7C, 0xFA7C, 0xFA7B, 0xFA79, 0xFA76, 0xFA73, 0xFA6E, 0xFA69, 0xFA63, 0xFA5C, 0xFA55, 0xFA4E, 0xFA46, 0xFA3D,
    0xFA35, 0xFA2C, 0xFA23, 0xFA1B, 0xFA12, 0xFA09, 0xFA01, 0xF9F9, 0xF9F1, 0xF9E9, 0xF9E2, 0xF9DC, 0xF9D6, 0xF9D1, 0xF9CD, 0xF9C9,
    0xF9C7, 0xF9C5, 0xF9C5, 0xE259, 0xE258, 0xE255, 0xE24F, 0xE247, 0xE23B, 0xE22D, 0xE21B, 0xE205, 0xE1EB, 0xE1CD, 0xE1AA, 0xE183,
    0xE156, 0xE124, 0xE0ED, 0xE0AF, 0xE06C, 0xE022, 0xDFD1, 0xDF7A, 0xDF1B, 0xDEB5, 0xDE47, 0xDDD1, 0xDD53, 0xDCCD, 0xDC3D, 0xDBA5,
    0xDB04, 0xD9E1, 0xD7F4, 0xD57D, 0xD2BF, 0xCFFC, 0xCD78, 0xCB73, 0xCA30, 0xC9F1, 0xCA5C, 0xCAE6, 0xCB8E, 0xCC50, 0xCD2C, 0xCE1F,
    0xCF26, 0xD03F, 0xD169, 0xD2A0, 0xD3E4, 0xD530, 0xD684, 0xD7DD, 0xD939, 0xDA95, 0xDBF0, 0xDD47, 0xDE98, 0xDFE0, 0xE11E, 0xE250,
    0xE372, 0xE484, 0xE582, 0xE66A, 0xE73B, 0xE7F1, 0xE88C, 0xE907, 0xE963, 0xE99B, 0xE9AE, 0x12E6, 0x1305, 0x1360, 0x13F2, 0x14B8,
    0x15AD, 0x16CE, 0x1816, 0x1981, 0x1B0C, 0x1CB2, 0x1E6F, 0x2040, 0x221F, 0x2409, 0x25FB, 0x27F0, 0x29E3, 0x2BD1, 0x2DB7, 0x2F8F,
    0x3156, 0x3307, 0x34A0, 0x361B, 0x3774, 0x38A8, 0x39B3, 0x3A90, 0x3B3C, 0x3BC7, 0x3C44, 0x3CB4, 0x3D18, 0x3D71, 0x3DBD, 0x3DFF,
    0x3E37, 0x3E65, 0x3E89, 0x3EA4, 0x3EB7, 0x3EC2, 0x3EC5, 0x3EC2, 0x3EB8, 0x3EA9, 0x3E93, 0x3E79, 0x3E5B, 0x3E38, 0x3E12, 0x3DE9,
    0x3DBD, 0x3D90, 0x3D61, 0x3D31, 0x3D01, 0x3CD0, 0x3CA0, 0x3C71, 0x3C44, 0x3C18, 0x3BF0, 0x3BC9, 0x3BA7, 0x3B88, 0x3B6E, 0x3B59,
    0x3B49, 0x3B3F, 0x3B3C, 0x3224, 0x3230, 0x3252, 0x3288, 0x32D2, 0x332E, 0x339A, 0x3414, 0x349C, 0x3530, 0x35CD, 0x3674, 0x3721,
    0x37D4, 0x388C, 0x3946, 0x3A01, 0x3ABB, 0x3B74, 0x3C2A, 0x3CDA, 0x3D84, 0x3E26, 0x3EBF, 0x3F4C, 0x3FCE, 0x4041, 0x40A4, 0x40F7,
    0x4137, 0x416B, 0x419A, 0x41C4, 0x41E9, 0x420A, 0x4227, 0x4240, 0x4254, 0x4265, 0x4273, 0x427D, 0x4284, 0x4288, 0x428A, 0x4288,
    0x4285, 0x427F, 0x4277, 0x426D, 0x4262, 0x4255, 0x4247, 0x4237, 0x4227, 0x4216, 0x4204, 0x41F2, 0x41E0, 0x41CE, 0x41BC, 0x41AB,
    0x419A, 0x418A, 0x417A, 0x416C, 0x415F, 0x4154, 0x414A, 0x4142, 0x413C, 0x4138, 0x4137, 0xF557, 0xF542, 0xF506, 0xF4A6, 0xF425,
    0xF387, 0xF2D0, 0xF202, 0xF121, 0xF030, 0xEF34, 0xEE2E, 0xED23, 0xEC16, 0xEB0B, 0xEA04, 0xE906, 0xE813, 0xE72F, 0xE65D, 0xE5A1,
    0xE4FF, 0xE479, 0xE413, 0xE3D0, 0xE3B4, 0xE3C2, 0xE3FD, 0xE46A, 0xE50B, 0xE5DB, 0xE6D3, 0xE7F1, 0xE931, 0xEA93, 0xEC13, 0xEDAF,
    0xEF66, 0xF135, 0xF31A, 0xF512, 0xF71D, 0xF936, 0xFB5C, 0xFD8E, 0xFFC8, 0x0207, 0x044C, 0x0693, 0x08DA, 0x0B1F, 0x0D5F, 0x0F98,
    0x11C9, 0x13EF, 0x1607, 0x1810, 0x1A07, 0x1BEA, 0x1DB7, 0x1F6C, 0x2107, 0x2284, 0x23E3, 0x2521, 0x263C, 0x2731, 0x27FF, 0x28A2,
    0x291A, 0x2963, 0x297C, 0xC353, 0xC361, 0xC389, 0xC3CB, 0xC428, 0xC49E, 0xC52D, 0xC5D5, 0xC696, 0xC76E, 0xC85A, 0xC958, 0xCA63,
    0xCB78, 0xCC95, 0xCDB5, 0xCED5, 0xCFF3, 0xD10A, 0xD217, 0xD318, 0xD408, 0xD4E4, 0xD5AD, 0xD666, 0xD710, 0xD7B0, 0xD847, 0xD8D9,
    0xD967, 0xDA6E, 0xDBB7, 0xDC3C, 0xDAF5, 0xD826, 0xD4D6, 0xD121, 0xCD25, 0xC8FF, 0xC4CB, 0xC0A6, 0xBCAD, 0xB8FE, 0xB5B4, 0xB2EE,
    0xB0C7, 0xAF5D, 0xAED1, 0xAF1B, 0xB018, 0xB1A4, 0xB39D, 0xB5DE, 0xB846, 0xBAB0, 0xBCF9, 0xBEFF, 0xC09E, 0xC1B2, 0xC25C, 0xC2D8,
    0xC32A, 0xC358, 0xC36A, 0xC363, 0xC34A, 0xC326, 0xC2FA, 0xC2CF, 0xC2A8, 0xC28D, 0xC283, 0x1B99, 0x1BF7, 0x1CF1, 0x1E56, 0x1FF5,
    0x219B, 0x2317, 0x2439, 0x24CE, 0x24E3, 0x24AF, 0x243F, 0x23A6, 0x22F1, 0x2230, 0x2173, 0x20CA, 0x2043, 0x1FEF, 0x1FDC, 0x201B,
    0x20BB, 0x220F, 0x2439, 0x2700, 0x2A2A, 0x2D7E, 0x30C2, 0x33BE, 0x3638, 0x3816, 0x3981, 0x3AA1, 0x3B9F, 0x3C9D, 0x3D9F, 0x3EA1,
    0x3FA1, 0x409D, 0x4191, 0x427C, 0x435B, 0x442A, 0x44E8, 0x4592, 0x4625, 0x469F, 0x471F, 0x47BC, 0x4866, 0x490C, 0x499F, 0x4A0E,
    0x4A49, 0x4A41, 0x49E5, 0x4924, 0x47F0, 0x4637, 0x43AC, 0x402F, 0x3BF2, 0x3728, 0x3206, 0x2CBE, 0x2784, 0x228B, 0x1E07, 0x1A2A,
    0x1728, 0x1534, 0x1482, 0x0068, 0x0000, 0xFFF5, 0xFFD5, 0xFFA8, 0xFF73, 0xFF3C, 0xFF09, 0xFEE1, 0xFEC8, 0xFEBB, 0xFEB2, 0xFEAD,
    0xFEAB, 0xFEAB, 0xFEAE, 0xFEB1, 0xFEB6, 0xFEBB, 0xFEC0, 0xFEC4, 0xFEC7, 0xFEC8, 0xFEC8, 0xFEC8, 0xFEC8, 0xFEC8, 0xFEC8, 0xFEC8,
    0xFEC8, 0xFEC8, 0xFEC8, 0xFEC8, 0xFEC8, 0xFEC8, 0xFEC8, 0xFEC8, 0xFEC8, 0xFEC8, 0xFEC8, 0xFEC8, 0xFEC8, 0xFEC8, 0xFEC8, 0xFEC8,
    0xFEC8, 0xFEC8, 0xFEC8, 0xFEC8, 0xFEC8, 0xFEC8, 0xFEC8, 0xFEC8, 0xFEC8, 0xFEC8, 0xFEC8, 0xFEC8, 0xFEC8, 0xFEC8, 0xFEC8, 0xFEC8,
    0xFEC8, 0xFEC8, 0xFEC8, 0xFEC8, 0xFEC8, 0xFEC8, 0xFEC8, 0xFEC8, 0xFEC8, 0xFEC8, 0xFEC8, 0xFEC8, 0x8B51, 0x8C34, 0x8E9A, 0x921F,
    0x9661, 0x9AFC, 0x9F8E, 0xA3B2, 0xA706, 0xA9BF, 0xAC57, 0xAED2, 0xB137, 0xB388, 0xB5CB, 0xB804, 0xBA38, 0xBC6C, 0xBEA4, 0xC0E5,
    0xC334, 0xC594, 0xC831, 0xCB15, 0xCE19, 0xD114, 0xD3DE, 0xD64E, 0xD83C, 0xD980, 0xD90A, 0xD6A6, 0xD374, 0xD095, 0xCE4B, 0xCC15,
    0xC9EB, 0xC7C6, 0xC59D, 0xC369, 0xC121, 0xBEBE, 0xBC38, 0xB947, 0xB5F6, 0xB2B7, 0xAFFD, 0xADAB, 0xAB5C, 0xA910, 0xA6C7, 0xA483,
    0xA245, 0xA00D, 0x9DDE, 0x9BB7, 0x999A, 0x9787, 0x9581, 0x9367, 0x9122, 0x8EC2, 0x8C55, 0x89EB, 0x8791, 0x8558, 0x834E, 0x8181,
    0x8001, 0x7EDC, 0x7E21, 0x7DE0, 0xD74A, 0xD6C6, 0xD561, 0xD35B, 0xD0F1, 0xCE61, 0xCBE9, 0xC9C6, 0xC837, 0xC70A, 0xC5E7, 0xC4D0,
    0xC3C7, 0xC2CF, 0xC1EA, 0xC11A, 0xC061, 0xBFC1, 0xBF3D, 0xBED8, 0xBE92, 0xBE70, 0xBE8F, 0xBF02, 0xBFB8, 0xC09F, 0xC1A6, 0xC2BB,
    0xC3CD, 0xC4CA, 0xC5A2, 0xC642, 0xC699, 0xC696, 0xC622, 0xC541, 0xC40C, 0xC297, 0xC0FA, 0xBF4C, 0xBDA4, 0xBC18, 0xBABF, 0xB9B1,
    0xB902, 0xB8CC, 0xB924, 0xBA2A, 0xBBD9, 0xBE14, 0xC0BC, 0xC3B2, 0xC6D7, 0xCA0D, 0xCD34, 0xD02F, 0xD2DF, 0xD525, 0xD6E2, 0xD834,
    0xD952, 0xDA40, 0xDB02, 0xDB9C, 0xDC13, 0xDC6D, 0xDCAC, 0xDCD5, 0xDCEE, 0xDCFA, 0xDCFE, 0xDCFE, 0x3C70, 0x3CE6, 0x3E1E, 0x3FD9,
    0x41D7, 0x43D8, 0x459C, 0x46E4, 0x4770, 0x4793, 0x47C1, 0x47ED, 0x480B, 0x480F, 0x47EB, 0x4793, 0x46FA, 0x4614, 0x44D4, 0x432D,
    0x4113, 0x3E79, 0x3A5E, 0x343D, 0x2CC6, 0x24AC, 0x1C9C, 0x1549, 0x0F62, 0x0B97, 0x0CE3, 0x132E, 0x1A8E, 0x1F1A, 0x20D2, 0x2255,
    0x23A7, 0x24CC, 0x25CA, 0x26A4, 0x275E, 0x27FD, 0x2885, 0x28FB, 0x2963, 0x29C2, 0x2A1A, 0x2A4E, 0x2A43, 0x2A06, 0x29A4, 0x292C,
    0x28A9, 0x282A, 0x27BA, 0x2769, 0x2742, 0x2752, 0x27A8, 0x2852, 0x294B, 0x2A82, 0x2BE8, 0x2D6C, 0x2EFF, 0x3090, 0x3210, 0x336E,
    0x349A, 0x3585, 0x361D, 0x3653, 0x00D0, 0x002B, 0xFE79, 0xFC0E, 0xF945, 0xF676, 0xF3F9, 0xF226, 0xF156, 0xF152, 0xF1A2, 0xF23A,
    0xF30E, 0xF40F, 0xF532, 0xF66B, 0xF7AC, 0xF8EA, 0xFA17, 0xFB27, 0xFC0E, 0xFCBE, 0xFD32, 0xFD72, 0xFD8A, 0xFD85, 0xFD6E, 0xFD50,
    0xFD35, 0xFD2A, 0xFD1B, 0xFCF7, 0xFCD3, 0xFCBE, 0xFCB9, 0xFCB5, 0xFCB3, 0xFCB2, 0xFCB2, 0xFCB3, 0xFCB4, 0xFCB6, 0xFCB9, 0xFCBB,
    0xFCBC, 0xFCBE, 0xFCBE, 0xFCBB, 0xFCB4, 0xFCA9, 0xFC9D, 0xFC91, 0xFC86, 0xFC7E, 0xFC7B, 0xFC7F, 0xFC8A, 0xFC9F, 0xFCBE, 0xFCEE,
    0xFD30, 0xFD80, 0xFDDA, 0xFE3B, 0xFE9F, 0xFF01, 0xFF5F, 0xFFB5, 0xFFFE, 0x0036, 0x005B, 0x0068, 0x0000, 0x0006, 0x0014, 0x0026,
    0x0036, 0x0040, 0x003D, 0x002A, 0x0000, 0xFFC3, 0xFF78, 0xFF24, 0xFEC7, 0xFE65, 0xFDFF, 0xFD97, 0xFD30, 0xFCCC, 0xFC6D, 0xFC16,
    0xFBC8, 0xFB85, 0xFB53, 0xFB31, 0xFB1E, 0xFB15, 0xFB14, 0xFB17, 0xFB1B, 0xFB1D, 0xFB23, 0xFB35, 0xFB55, 0xFB85, 0xFBC1, 0xFC02,
    0xFC48, 0xFC91, 0xFCDC, 0xFD26, 0xFD70, 0xFDB8, 0xFDFB, 0xFE3A, 0xFE71, 0xFEA1, 0xFEC8, 0xFEE4, 0xFEF6, 0xFF00, 0xFF03, 0xFF00,
    0xFEFA, 0xFEF0, 0xFEE5, 0xFEDA, 0xFED1, 0xFECA, 0xFEC8, 0xFEC8, 0xFEC8, 0xFEC8, 0xFEC8, 0xFEC8, 0xFEC8, 0xFEC8, 0xFEC8, 0xFEC8,
    0xFEC8, 0xFEC8, 0xFEC8, 0xFEC8, 0xCE23, 0xCD36, 0xCAC3, 0xC746, 0xC33C, 0xBF22, 0xBB75, 0xB8B0, 0xB752, 0xB712, 0xB74A, 0xB7E7,
    0xB8D7, 0xBA05, 0xBB60, 0xBCD5, 0xBE50, 0xBFBF, 0xC110, 0xC22E, 0xC308, 0xC38B, 0xC38C, 0xC309, 0xC22B, 0xC118, 0xBFF9, 0xBEF6,
    0xBE36, 0xBDE2, 0xBE25, 0xBF0B, 0xC093, 0xC2BA, 0xC542, 0xC7E8, 0xCAA8, 0xCD7C, 0xD05F, 0xD34B, 0xD63B, 0xD929, 0xDC11, 0xDEEC,
    0xE1B5, 0xE467, 0xE6FD, 0xE982, 0xEC03, 0xEE7E, 0xF0F0, 0xF356, 0xF5AE, 0xF7F3, 0xFA24, 0xFC3E, 0xFE3D, 0x001E, 0x01E0, 0x0394,
    0x0549, 0x06F9, 0x089D, 0x0A30, 0x0BAB, 0x0D08, 0x0E40, 0x0F4E, 0x102A, 0x10D0, 0x1137, 0x115B, 0x7FFF, 0x7FFF, 0x4171, 0x0000,
    0xFF5B, 0xFDA6, 0xFB3B, 0xF877, 0xF5B2, 0xF348, 0xF193, 0xF0ED, 0xF123, 0xF1BB, 0xF2A5, 0xF3D1, 0xF531, 0xF6B3, 0xF849, 0xF9E3,
    0xFB72, 0xFCE5, 0xFE2E, 0xFF3C, 0x0000, 0x0081, 0x00D6, 0x0104, 0x0111, 0x0106, 0x00E7, 0x00BB, 0x0088, 0x0056, 0x002A, 0x000B,
    0x0000, 0x0000, 0x0000, 0x0000, 0x0000, 0x0000, 0x0000, 0x0000, 0x0000, 0x0000, 0x0000, 0x0000, 0x0000, 0x0000, 0x0000, 0x0000,
    0x0000, 0x0000, 0x0000, 0x0000, 0x0000, 0x0000, 0x0000, 0x0000, 0x0000, 0x0000, 0x0000, 0x0000, 0x0000, 0x0000, 0x0000, 0x0000,
    0x0000, 0x0000, 0x0000, 0x0000, 0x0000, 0x0000, 0x0000, 0xC5E4, 0xC5F1, 0xC602, 0xC5F4, 0xC5A8, 0xC4FB, 0xC3CB, 0xC1F8, 0xBF5F,
    0xBC00, 0xB805, 0xB38C, 0xAEB6, 0xA9A1, 0xA46C, 0x9F37, 0x9A21, 0x9548, 0x90CC, 0x8CCC, 0x8968, 0x86BD, 0x84D7, 0x8399, 0x82EC,
    0x82B8, 0x82E4, 0x8359, 0x83FE, 0x84BB, 0x8578, 0x861C, 0x8691, 0x86BD, 0x86BD, 0x86BD, 0x86BD, 0x86BD, 0x86BD, 0x86BD, 0x86BD,
    0x86BD, 0x86BD, 0x86BD, 0x86BD, 0x86BD, 0x86BD, 0x86BD, 0x86BD, 0x86BD, 0x86BD, 0x86BD, 0x86BD, 0x86BD, 0x86BD, 0x86BD, 0x86BD,
    0x86BD, 0x86BD, 0x86BD, 0x86BD, 0x86BD, 0x86BD, 0x86BD, 0x86BD, 0x86BD, 0x86BD, 0x86BD, 0x86BD, 0x86BD, 0x86BD, 0x86BD, 0x7FFF,
    0x7FFF, 0x4171, 0xBF5F, 0x142B, 0x140F, 0x13BD, 0x1339, 0x1287, 0x11A9, 0x10A4, 0x0F7A, 0x0E30, 0x0CC9, 0x0B49, 0x09B2, 0x0809,
    0x0651, 0x048E, 0x02C2, 0x00F2, 0xFF22, 0xFD54, 0xFB8C, 0xF9CE, 0xF81D, 0xF67C, 0xF4F0, 0xF37C, 0xF222, 0xF0E8, 0xEFD0, 0xEEDD,
    0xEE15, 0xED78, 0xED0D, 0xECD5, 0xECD5, 0xED08, 0xED69, 0xEDF3, 0xEEA6, 0xEF7D, 0xF077, 0xF191, 0xF2C9, 0xF41C, 0xF587, 0xF709,
    0xF89D, 0xFA43, 0xFBF7, 0xFDB7, 0xFF81, 0x0150, 0x0324, 0x04FB, 0x06D0, 0x08A2, 0x0A6F, 0x0C33, 0x0DEC, 0x0F98, 0x1134, 0x12BD,
    0x1432, 0x158F, 0x16D2, 0x17F8, 0x1900, 0x19E6, 0x1AA7, 0x1B42, 0x1BB4, 0x1BFB, 0x1C13, 0x0188, 0x01A0, 0x01D8, 0x021E, 0x025D,
    0x029D, 0x02E8, 0x0324, 0x033A, 0x032D, 0x0316, 0x02F5, 0x02CF, 0x02A6, 0x027C, 0x0255, 0x0233, 0x021A, 0x0205, 0x01F0, 0x01DB,
    0x01C7, 0x01B5, 0x01A5, 0x0197, 0x018D, 0x0186, 0x0184, 0x0187, 0x0190, 0x01A1, 0x01BA, 0x01DB, 0x0202, 0x022C, 0x0259, 0x0286,
    0x02B1, 0x02DA, 0x02FE, 0x031C, 0x0331, 0x033D, 0x033E, 0x0336, 0x0326, 0x0310, 0x02F5, 0x02D6, 0x02B6, 0x0295, 0x0276, 0x0259,
    0x0241, 0x022E, 0x021E, 0x020F, 0x01FF, 0x01F0, 0x01E1, 0x01D3, 0x01C5, 0x01B8, 0x01AB, 0x01A0, 0x0196, 0x018D, 0x0186, 0x0180,
    0x017B, 0x0178, 0x0177, 0xEC0A, 0xED01, 0xEE16, 0xEF46, 0xF08F, 0xF1EE, 0xF361, 0xF4E5, 0xF679, 0xF819, 0xF9C3, 0xFB76, 0xFD2D,
    0xFEE8, 0x00A2, 0x025B, 0x0410, 0x05BE, 0x0763, 0x08FD, 0x0A88, 0x0C03, 0x0D6B, 0x0EBE, 0x0FFA, 0x111B, 0x121F, 0x1305, 0x13C9,
    0x146A, 0x14E4, 0x1535, 0x155C, 0x1555, 0x1523, 0x14CD, 0x1453, 0x13B8, 0x12FE, 0x1226, 0x1132, 0x1024, 0x0EFD, 0x0DC0, 0x0C6E,
    0x0B09, 0x0993, 0x080D, 0x067A, 0x04DB, 0x0332, 0x0180, 0xFFC9, 0xFE0C, 0xFC4D, 0xFA8C, 0xF8CB, 0xF70E, 0xF554, 0xF3A0, 0xF1F4,
    0xF052, 0xEEBB, 0xED31, 0xEBB6, 0xEA4B, 0xE8F3, 0xE7B0, 0xE682, 0xE56C, 0xE470, 0xE38F, 0xFF6E, 0xFF85, 0xFFC1, 0x0014, 0x0073,
    0x00D0, 0x011E, 0x014F, 0x0156, 0x013F, 0x011F, 0x00F7, 0x00C8, 0x0092, 0x0057, 0x0019, 0xFFD9, 0xFF95, 0xFF51, 0xFF0E, 0xFECC,
    0xFE8C, 0xFE50, 0xFE18, 0xFDE6, 0xFDBB, 0xFD98, 0xFD7E, 0xFD6D, 0xFD68, 0xFD72, 0xFD8F, 0xFDBC, 0xFDF6, 0xFE3B, 0xFE89, 0xFEDD,
    0xFF35, 0xFF8F, 0xFFE7, 0x003B, 0x008B, 0x00D2, 0x010E, 0x013E, 0x015E, 0x016D, 0x016D, 0x0166, 0x0157, 0x0142, 0x0126, 0x0106,
    0x00E0, 0x00B7, 0x008A, 0x005B, 0x002A, 0xFFF9, 0xFFC6, 0xFF93, 0xFF61, 0xFF31, 0xFF03, 0xFED7, 0xFEB0, 0xFE8C, 0xFE6E, 0xFE55,
    0xFE42, 0xFE36, 0xFE32, 0x3A85, 0x3AA5, 0x3AFB, 0x3B75, 0x3C01, 0x3C8C, 0x3D06, 0x3D5C, 0x3D7D, 0x3D7A, 0x3D70, 0x3D60, 0x3D4B,
    0x3D30, 0x3D11, 0x3CEE, 0x3CC8, 0x3CA0, 0x3C75, 0x3C49, 0x3C1C, 0x3BEF, 0x3BC2, 0x3B96, 0x3B6C, 0x3B43, 0x3B1D, 0x3AFB, 0x3ADC,
    0x3AC2, 0x3AAC, 0x3A9C, 0x3A92, 0x3A8F, 0x3AAA, 0x3AF0, 0x3B55, 0x3BCD, 0x3C4B, 0x3CC4, 0x3D2A, 0x3D71, 0x3D8D, 0x3D8D, 0x3D89,
    0x3D7F, 0x3D72, 0x3D61, 0x3D4C, 0x3D35, 0x3D1B, 0x3CFE, 0x3CDF, 0x3CBF, 0x3C9E, 0x3C7B, 0x3C58, 0x3C34, 0x3C11, 0x3BEE, 0x3BCC,
    0x3BAB, 0x3B8C, 0x3B6E, 0x3B53, 0x3B3A, 0x3B24, 0x3B11, 0x3B02, 0x3AF6, 0x3AEF, 0x3AED,
};

static const u16 anim_81_indices[] = {
    0x0001, 0x0000, 0x0032, 0x0001, 0x0032, 0x0033, 0x0001, 0x0000, 0x0001, 0x0065, 0x0001, 0x0000, 0x0001, 0x0000, 0x0001, 0x0000,
    0x0032, 0x0838, 0x0032, 0x07A2, 0x0032, 0x07D4, 0x0032, 0x0806, 0x0032, 0x070C, 0x0032, 0x073E, 0x0032, 0x0770, 0x0032, 0x0675,
    0x0032, 0x06A7, 0x0032, 0x06D9, 0x0032, 0x012E, 0x0032, 0x0160, 0x0032, 0x0192, 0x0001, 0x0000, 0x0001, 0x0000, 0x0032, 0x00FC,
    0x0032, 0x0066, 0x0032, 0x0098, 0x0032, 0x00CA, 0x0032, 0x05DE, 0x0032, 0x0610, 0x0032, 0x0642, 0x0032, 0x028C, 0x0032, 0x02BE,
    0x0032, 0x02F0, 0x0001, 0x0000, 0x0001, 0x0000, 0x0032, 0x025A, 0x0032, 0x01C4, 0x0032, 0x01F6, 0x0032, 0x0228, 0x0001, 0x0000,
    0x0001, 0x0000, 0x0001, 0x0674, 0x0032, 0x0548, 0x0032, 0x057A, 0x0032, 0x05AC, 0x0001, 0x0000, 0x0001, 0x0000, 0x0032, 0x0516,
    0x0032, 0x0480, 0x0032, 0x04B2, 0x0032, 0x04E4, 0x0001, 0x0000, 0x0001, 0x0000, 0x0001, 0x070B, 0x0032, 0x03EA, 0x0032, 0x041C,
    0x0032, 0x044E, 0x0001, 0x0000, 0x0001, 0x0000, 0x0032, 0x03B8, 0x0032, 0x0322, 0x0032, 0x0354, 0x0032, 0x0386,
};

static const s16 anim_81_values[] = {
    0x0000, 0x00AA, 0x00AA, 0x00AA, 0x00AA, 0x00AA, 0x00AA, 0x00AA, 0x00AA, 0x00AA, 0x00AA, 0x00AA, 0x00AA, 0x00AA, 0x00AA, 0x00AA,
    0x00AA, 0x00AA, 0x00AA, 0x00AA, 0x00AA, 0x00AA, 0x00AA, 0x00AA, 0x00AA, 0x00AA, 0x00AA, 0x00AA, 0x00AA, 0x00AA, 0x00AA, 0x00AA,
    0x00AA, 0x00AA, 0x00AA, 0x00AA, 0x00AA, 0x00AA, 0x00AA, 0x00AA, 0x00AA, 0x00AA, 0x00AA, 0x00AA, 0x00AA, 0x00AA, 0x00AA, 0x00AB,
    0x00AB, 0x00AB, 0x00AB, 0xFFFF, 0xFFFF, 0xFFFF, 0xFFFF, 0x0000, 0x0000, 0x0000, 0x0001, 0x0001, 0x0002, 0x0002, 0x0003, 0x0003,
    0x0003, 0x0003, 0x0003, 0x0003, 0x0003, 0x0002, 0x0002, 0x0001, 0x0001, 0x0000, 0x0000, 0x0000, 0x0000, 0xFFFF, 0xFFFF, 0xFFFF,
    0xFFFF, 0xFFFF, 0xFFFF, 0xFFFF, 0xFFFF, 0xFFFF, 0xFFFF, 0xFFFF, 0xFFFF, 0xFFFF, 0xFFFF, 0xFFFF, 0xFFFF, 0xFFFF, 0xFFFF, 0xFFFF,
    0xFFFF, 0xFFFF, 0xFFFF, 0xFFFF, 0xFFFF, 0x3FFF, 0x0000, 0x0000, 0x0000, 0x0000, 0x0000, 0x0000, 0x0000, 0x0000, 0x0000, 0x0000,
    0x0000, 0x0000, 0x0000, 0x0000, 0x0000, 0x0000, 0x0000, 0x0000, 0x0000, 0x0000, 0x0000, 0x0000, 0x0000, 0x0000, 0x0000, 0x0000,
    0x0000, 0x0000, 0x0000, 0x0000, 0x0000, 0x0000, 0x0000, 0x0001, 0x0001, 0x0002, 0x0002, 0x0003, 0x0004, 0x0005, 0x0006, 0x0008,
    0x0009, 0x000A, 0x000B, 0x000D, 0x000E, 0x0010, 0x0011, 0x0013, 0xF97C, 0xF97C, 0xF97C, 0xF97C, 0xF97C, 0xF97C, 0xF97C, 0xF97C,
    0xF97C, 0xF97C, 0xF97C, 0xF97C, 0xF97C, 0xF97C, 0xF97C, 0xF97C, 0xF97C, 0xF97C, 0xF97C, 0xF97C, 0xF97C, 0xF97C, 0xF97C, 0xF97C,
    0xF97C, 0xF97C, 0xF97C, 0xF97C, 0xF97C, 0xF97C, 0xF97C, 0xF97C, 0xF97C, 0xF97C, 0xF97B, 0xF97B, 0xF97B, 0xF97B, 0xF97B, 0xF97B,
    0xF97B, 0xF97B, 0xF97A, 0xF97A, 0xF97A, 0xF97A, 0xF97A, 0xF97A, 0xF979, 0xF979, 0xED8C, 0xED8C, 0xED8C, 0xED8C, 0xED8C, 0xED8C,
    0xED8C, 0xED8C, 0xED8C, 0xED8C, 0xED8C, 0xED8C, 0xED8C, 0xED8C, 0xED8C, 0xED8C, 0xED8C, 0xED8C, 0xED8C, 0xED8C, 0xED8C, 0xED8C,
    0xED8C, 0xED8C, 0xED8C, 0xED8C, 0xED8C, 0xED8C, 0xED8C, 0xED8C, 0xED8B, 0xED8A, 0xED88, 0xED85, 0xED82, 0xED7D, 0xED79, 0xED73,
    0xED6D, 0xED67, 0xED60, 0xED58, 0xED51, 0xED48, 0xED40, 0xED37, 0xED2E, 0xED24, 0xED1B, 0xED11, 0xCA4F, 0xCA42, 0xCA1E, 0xC9EA,
    0xC9AC, 0xC969, 0xC929, 0xC8F0, 0xC8C7, 0xC8B1, 0xC8B6, 0xC8DC, 0xC929, 0xC9A2, 0xCA4F, 0xCB44, 0xCC88, 0xCE0F, 0xCFC9, 0xD1AB,
    0xD3A6, 0xD5AC, 0xD7B0, 0xD9A5, 0xDB7D, 0xDD29, 0xDE9E, 0xDFCC, 0xE0A7, 0xE120, 0xE161, 0xE19B, 0xE1CF, 0xE1FD, 0xE225, 0xE246,
    0xE262, 0xE279, 0xE28B, 0xE297, 0xE29F, 0xE2A3, 0xE2A2, 0xE29C, 0xE293, 0xE286, 0xE276, 0xE263, 0xE24C, 0xE232, 0xFB1D, 0xFB2B,
    0xFB52, 0xFB8F, 0xFBDC, 0xFC36, 0xFC98, 0xFCFE, 0xFD65, 0xFDC7, 0xFE21, 0xFE6E, 0xFEAA, 0xFED1, 0xFEDF, 0xFED4, 0xFEB3, 0xFE81,
    0xFE3F, 0xFDF2, 0xFD9D, 0xFD42, 0xFCE5, 0xFC88, 0xFC2F, 0xFBDE, 0xFB97, 0xFB5D, 0xFB33, 0xFB1D, 0xFB0D, 0xFAF4, 0xFAD2, 0xFAA9,
    0xFA77, 0xFA3E, 0xF9FF, 0xF9B8, 0xF96C, 0xF91A, 0xF8C3, 0xF867, 0xF806, 0xF7A2, 0xF739, 0xF6CE, 0xF660, 0xF5F0, 0xF57D, 0xF50A,
    0xD2DC, 0xD2FE, 0xD35F, 0xD3F3, 0xD4B1, 0xD58D, 0xD67F, 0xD77A, 0xD876, 0xD967, 0xDA44, 0xDB01, 0xDB95, 0xDBF6, 0xDC18, 0xDBFC,
    0xDBAC, 0xDB30, 0xDA8F, 0xD9D2, 0xD900, 0xD820, 0xD73B, 0xD658, 0xD57E, 0xD4B6, 0xD407, 0xD378, 0xD312, 0xD2DC, 0xD2C0, 0xD2A4,
    0xD288, 0xD26C, 0xD250, 0xD234, 0xD217, 0xD1FB, 0xD1DF, 0xD1C4, 0xD1A8, 0xD18D, 0xD172, 0xD157, 0xD13D, 0xD123, 0xD10A, 0xD0F1,
    0xD0D9, 0xD0C1, 0xD4B4, 0xD4A4, 0xD478, 0xD434, 0xD3DD, 0xD378, 0xD309, 0xD296, 0xD223, 0xD1B4, 0xD14F, 0xD0F8, 0xD0B4, 0xD088,
    0xD078, 0xD085, 0xD0AA, 0xD0E3, 0xD12C, 0xD183, 0xD1E3, 0xD24A, 0xD2B3, 0xD31B, 0xD37F, 0xD3DA, 0xD42B, 0xD46C, 0xD49B, 0xD4B4,
    0xD4C6, 0xD4E4, 0xD50C, 0xD53F, 0xD57B, 0xD5C0, 0xD60E, 0xD664, 0xD6C1, 0xD726, 0xD791, 0xD802, 0xD879, 0xD8F5, 0xD975, 0xD9F9,
    0xDA80, 0xDB0B, 0xDB98, 0xDC26, 0x0000, 0x0000, 0x0000, 0x0000, 0x0000, 0x0000, 0x0000, 0x0000, 0x0000, 0x0000, 0x0000, 0x0000,
    0x0000, 0x0000, 0x0000, 0x0000, 0x0000, 0x0000, 0x0000, 0x0000, 0x0000, 0x0000, 0x0000, 0x0000, 0x0000, 0x0000, 0x0000, 0x0000,
    0x0000, 0x0000, 0xFFFD, 0xFFF4, 0xFFE4, 0xFFCF, 0xFFB5, 0xFF95, 0xFF71, 0xFF49, 0xFF1C, 0xFEEC, 0xFEB9, 0xFE83, 0xFE4A, 0xFE0E,
    0xFDD1, 0xFD92, 0xFD52, 0xFD11, 0xFCCF, 0xFC8D, 0x0000, 0x0000, 0x0000, 0x0000, 0x0000, 0x0000, 0x0000, 0x0000, 0x0000, 0x0000,
    0x0000, 0x0000, 0x0000, 0x0000, 0x0000, 0x0000, 0x0000, 0x0000, 0x0000, 0x0000, 0x0000, 0x0000, 0x0000, 0x0000, 0x0000, 0x0000,
    0x0000, 0x0000, 0x0000, 0x0000, 0x0000, 0x0000, 0x0000, 0x0000, 0x0000, 0x0000, 0x0000, 0xFFFF, 0xFFFF, 0xFFFF, 0xFFFE, 0xFFFE,
    0xFFFE, 0xFFFD, 0xFFFD, 0xFFFD, 0xFFFC, 0xFFFC, 0xFFFB, 0xFFFB, 0xF549, 0xF549, 0xF549, 0xF549, 0xF549, 0xF549, 0xF549, 0xF549,
    0xF549, 0xF549, 0xF549, 0xF549, 0xF549, 0xF549, 0xF549, 0xF549, 0xF549, 0xF549, 0xF549, 0xF549, 0xF549, 0xF549, 0xF549, 0xF549,
    0xF549, 0xF549, 0xF549, 0xF549, 0xF549, 0xF549, 0xF549, 0xF549, 0xF548, 0xF546, 0xF545, 0xF543, 0xF541, 0xF53F, 0xF53C, 0xF539,
    0xF536, 0xF533, 0xF530, 0xF52D, 0xF529, 0xF526, 0xF522, 0xF51E, 0xF51A, 0xF517, 0xC7DD, 0xC7D7, 0xC7C5, 0xC7AB, 0xC78C, 0xC76A,
    0xC74A, 0xC72E, 0xC719, 0xC70E, 0xC711, 0xC724, 0xC74A, 0xC787, 0xC7DD, 0xC858, 0xC8F9, 0xC9BB, 0xCA97, 0xCB86, 0xCC82, 0xCD84,
    0xCE85, 0xCF7F, 0xD06A, 0xD141, 0xD1FC, 0xD295, 0xD305, 0xD346, 0xD36D, 0xD394, 0xD3BC, 0xD3E3, 0xD40B, 0xD432, 0xD45A, 0xD481,
    0xD4A8, 0xD4CF, 0xD4F5, 0xD51B, 0xD540, 0xD564, 0xD588, 0xD5AA, 0xD5CC, 0xD5ED, 0xD60C, 0xD62B, 0x054B, 0x0539, 0x0505, 0x04B7,
    0x0454, 0x03E5, 0x036E, 0x02F8, 0x0287, 0x0224, 0x01D4, 0x019E, 0x0189, 0x019B, 0x01DB, 0x0252, 0x02FF, 0x03D9, 0x04D7, 0x05F1,
    0x071E, 0x0856, 0x098F, 0x0AC1, 0x0BE2, 0x0CEC, 0x0DD3, 0x0E91, 0x0F1B, 0x0F6A, 0x0F96, 0x0FC0, 0x0FE6, 0x100A, 0x102B, 0x1049,
    0x1065, 0x107E, 0x1094, 0x10A8, 0x10BA, 0x10C9, 0x10D7, 0x10E2, 0x10EB, 0x10F3, 0x10F8, 0x10FC, 0x10FE, 0x10FE, 0x2BD6, 0x2BD6,
    0x2BD4, 0x2BCE, 0x2BC3, 0x2BB3, 0x2B9A, 0x2B78, 0x2B4B, 0x2B11, 0x2ACA, 0x2A73, 0x2A0B, 0x2991, 0x2903, 0x2852, 0x2775, 0x2673,
    0x2555, 0x2423, 0x22E4, 0x219F, 0x205E, 0x1F28, 0x1E04, 0x1CFB, 0x1C14, 0x1B57, 0x1ACC, 0x1A7B, 0x1A4C, 0x1A1F, 0x19F6, 0x19CF,
    0x19AC, 0x198C, 0x196E, 0x1953, 0x193B, 0x1925, 0x1912, 0x1901, 0x18F3, 0x18E7, 0x18DD, 0x18D4, 0x18CE, 0x18CA, 0x18C8, 0x18C7,
    0xCCF6, 0xCCEC, 0xCCD0, 0xCCA6, 0xCC72, 0xCC39, 0xCBFF, 0xCBC6, 0xCB94, 0xCB6D, 0xCB54, 0xCB4E, 0xCB5F, 0xCB8A, 0xCBD4, 0xCC46,
    0xCCE2, 0xCDA1, 0xCE7C, 0xCF6C, 0xD069, 0xD16E, 0xD273, 0xD370, 0xD460, 0xD53B, 0xD5FA, 0xD697, 0xD709, 0xD74B, 0xD770, 0xD793,
    0xD7B4, 0xD7D2, 0xD7ED, 0xD807, 0xD81E, 0xD833, 0xD846, 0xD856, 0xD865, 0xD872, 0xD87D, 0xD886, 0xD88E, 0xD894, 0xD898, 0xD89B,
    0xD89C, 0xD89C, 0x0000, 0x0006, 0x0017, 0x0032, 0x0054, 0x007B, 0x00A7, 0x00D4, 0x0101, 0x012D, 0x0154, 0x0176, 0x0191, 0x01A2,
    0x01A8, 0x01A3, 0x0194, 0x017E, 0x0160, 0x013D, 0x0117, 0x00EE, 0x00C4, 0x009B, 0x0074, 0x0050, 0x0031, 0x0018, 0x0007, 0x0000,
    0xFFFE, 0xFFFB, 0xFFF9, 0xFFF7, 0xFFF4, 0xFFF2, 0xFFF0, 0xFFEE, 0xFFEB, 0xFFE9, 0xFFE7, 0xFFE6, 0xFFE4, 0xFFE2, 0xFFE0, 0xFFDE,
    0xFFDD, 0xFFDB, 0xFFDA, 0xFFD8, 0xFF30, 0xFF30, 0xFF30, 0xFF31, 0xFF31, 0xFF32, 0xFF32, 0xFF33, 0xFF34, 0xFF34, 0xFF35, 0xFF36,
    0xFF36, 0xFF36, 0xFF36, 0xFF36, 0xFF36, 0xFF36, 0xFF35, 0xFF35, 0xFF34, 0xFF33, 0xFF33, 0xFF32, 0xFF32, 0xFF31, 0xFF31, 0xFF30,
    0xFF30, 0xFF30, 0xFF30, 0xFF30, 0xFF30, 0xFF30, 0xFF30, 0xFF30, 0xFF30, 0xFF30, 0xFF30, 0xFF30, 0xFF2F, 0xFF2F, 0xFF2F, 0xFF2F,
    0xFF2F, 0xFF2F, 0xFF2F, 0xFF2F, 0xFF2F, 0xFF2F, 0xC9D8, 0xC9D4, 0xC9C7, 0xC9B3, 0xC99A, 0xC97D, 0xC95D, 0xC93C, 0xC91A, 0xC8FB,
    0xC8DD, 0xC8C4, 0xC8B1, 0xC8A4, 0xC89F, 0xC8A3, 0xC8AE, 0xC8BF, 0xC8D5, 0xC8EE, 0xC90B, 0xC929, 0xC947, 0xC966, 0xC983, 0xC99D,
    0xC9B4, 0xC9C6, 0xC9D2, 0xC9D8, 0xC9DA, 0xC9DC, 0xC9DF, 0xC9E2, 0xC9E5, 0xC9E8, 0xC9EB, 0xC9EE, 0xC9F2, 0xC9F6, 0xC9FA, 0xC9FE,
    0xCA03, 0xCA07, 0xCA0C, 0xCA11, 0xCA16, 0xCA1B, 0xCA20, 0xCA26, 0x1E4A, 0x1E50, 0x1E61, 0x1E7B, 0x1E9C, 0x1EC3, 0x1EEE, 0x1F1A,
    0x1F47, 0x1F71, 0x1F98, 0x1FBA, 0x1FD4, 0x1FE5, 0x1FEB, 0x1FE6, 0x1FD7, 0x1FC1, 0x1FA4, 0x1F81, 0x1F5C, 0x1F33, 0x1F0A, 0x1EE2,
    0x1EBB, 0x1E98, 0x1E7A, 0x1E62, 0x1E51, 0x1E4A, 0x1E47, 0x1E43, 0x1E3E, 0x1E39, 0x1E33, 0x1E2C, 0x1E25, 0x1E1C, 0x1E14, 0x1E0A,
    0x1E00, 0x1DF5, 0x1DEA, 0x1DDE, 0x1DD1, 0x1DC4, 0x1DB6, 0x1DA8, 0x1D99, 0x1D8A, 0x1B09, 0x1B07, 0x1B02, 0x1AFB, 0x1AF2, 0x1AE7,
    0x1ADC, 0x1AD0, 0x1AC3, 0x1AB8, 0x1AAD, 0x1AA4, 0x1A9D, 0x1A98, 0x1A96, 0x1A98, 0x1A9C, 0x1AA2, 0x1AAA, 0x1AB3, 0x1ABE, 0x1AC9,
    0x1AD4, 0x1ADF, 0x1AEA, 0x1AF3, 0x1AFC, 0x1B02, 0x1B07, 0x1B09, 0x1B0A, 0x1B0B, 0x1B0D, 0x1B0F, 0x1B11, 0x1B14, 0x1B17, 0x1B1A,
    0x1B1E, 0x1B21, 0x1B26, 0x1B2A, 0x1B2F, 0x1B34, 0x1B3A, 0x1B3F, 0x1B45, 0x1B4B, 0x1B52, 0x1B58, 0x1144, 0x1147, 0x114F, 0x115B,
    0x116A, 0x117C, 0x1190, 0x11A4, 0x11B8, 0x11CC, 0x11DE, 0x11ED, 0x11F9, 0x1201, 0x1204, 0x1201, 0x11FB, 0x11F0, 0x11E3, 0x11D3,
    0x11C2, 0x11B0, 0x119D, 0x118A, 0x1179, 0x1168, 0x115B, 0x114F, 0x1148, 0x1144, 0x1143, 0x1142, 0x1141, 0x1140, 0x113F, 0x113E,
    0x113D, 0x113C, 0x113B, 0x113A, 0x1139, 0x1138, 0x1137, 0x1136, 0x1136, 0x1135, 0x1134, 0x1133, 0x1133, 0x1132, 0xAC44, 0xAC40,
    0xAC35, 0xAC24, 0xAC0E, 0xABF4, 0xABD9, 0xABBC, 0xAB9F, 0xAB83, 0xAB69, 0xAB53, 0xAB42, 0xAB37, 0xAB33, 0xAB37, 0xAB40, 0xAB4F,
    0xAB62, 0xAB78, 0xAB91, 0xABAB, 0xABC6, 0xABE0, 0xABF9, 0xAC10, 0xAC24, 0xAC34, 0xAC3F, 0xAC44, 0xAC46, 0xAC49, 0xAC4C, 0xAC50,
    0xAC54, 0xAC59, 0xAC5F, 0xAC65, 0xAC6C, 0xAC73, 0xAC7B, 0xAC84, 0xAC8C, 0xAC96, 0xACA0, 0xACAA, 0xACB4, 0xACBF, 0xACCB, 0xACD7,
    0x0000, 0xFFFA, 0xFFE9, 0xFFCF, 0xFFAE, 0xFF87, 0xFF5C, 0xFF30, 0xFF04, 0xFED9, 0xFEB2, 0xFE91, 0xFE76, 0xFE65, 0xFE5F, 0xFE65,
    0xFE75, 0xFE8D, 0xFEAC, 0xFED1, 0xFEF9, 0xFF24, 0xFF4F, 0xFF79, 0xFFA0, 0xFFC2, 0xFFDF, 0xFFF4, 0x0000, 0x0000, 0xFFFB, 0xFFF5,
    0xFFEE, 0xFFE7, 0xFFDF, 0xFFD7, 0xFFCE, 0xFFC4, 0xFFBA, 0xFFB0, 0xFFA5, 0xFF99, 0xFF8E, 0xFF81, 0xFF75, 0xFF68, 0xFF5A, 0xFF4D,
    0xFF3F, 0xFF30, 0x0000, 0x0000, 0x0000, 0x0000, 0x0000, 0x0000, 0x0000, 0x0000, 0x0000, 0x0000, 0x0000, 0x0000, 0x0000, 0x0000,
    0x0000, 0x0000, 0xFFFF, 0xFFFE, 0xFFFD, 0xFFFB, 0xFFF9, 0xFFF8, 0xFFF7, 0xFFF6, 0xFFF5, 0xFFF6, 0xFFF7, 0xFFF9, 0xFFFC, 0x0000,
    0x0005, 0x000A, 0x000F, 0x0015, 0x001B, 0x0021, 0x0027, 0x002E, 0x0034, 0x003B, 0x0042, 0x0049, 0x0050, 0x0057, 0x005E, 0x0066,
    0x006D, 0x0075, 0x007D, 0x0084, 0xBF40, 0xBF40, 0xBF40, 0xBF40, 0xBF40, 0xBF40, 0xBF40, 0xBF40, 0xBF40, 0xBF40, 0xBF40, 0xBF40,
    0xBF40, 0xBF40, 0xBF40, 0xBF40, 0xBF3E, 0xBF3C, 0xBF39, 0xBF36, 0xBF33, 0xBF30, 0xBF2E, 0xBF2C, 0xBF2C, 0xBF2C, 0xBF2E, 0xBF32,
    0xBF38, 0xBF40, 0xBF4A, 0xBF54, 0xBF5E, 0xBF68, 0xBF73, 0xBF7F, 0xBF8A, 0xBF96, 0xBFA2, 0xBFAF, 0xBFBB, 0xBFC8, 0xBFD5, 0xBFE3,
    0xBFF0, 0xBFFE, 0xC00C, 0xC01A, 0xC028, 0xC037, 0x2537, 0x253D, 0x254E, 0x2568, 0x2589, 0x25B0, 0x25DB, 0x2607, 0x2634, 0x265E,
    0x2685, 0x26A7, 0x26C1, 0x26D2, 0x26D8, 0x26D3, 0x26C4, 0x26AE, 0x2691, 0x266F, 0x2649, 0x2621, 0x25F8, 0x25CF, 0x25A9, 0x2585,
    0x2567, 0x254F, 0x253E, 0x2537, 0x2534, 0x2530, 0x252C, 0x2527, 0x2522, 0x251C, 0x2516, 0x250F, 0x2507, 0x24FF, 0x24F7, 0x24EE,
    0x24E4, 0x24DA, 0x24D0, 0x24C5, 0x24BA, 0x24AE, 0x24A2, 0x2495, 0xD64A, 0xD64C, 0xD651, 0xD658, 0xD662, 0xD66D, 0xD67A, 0xD686,
    0xD693, 0xD69F, 0xD6AB, 0xD6B4, 0xD6BC, 0xD6C1, 0xD6C2, 0xD6C1, 0xD6BD, 0xD6B6, 0xD6AE, 0xD6A4, 0xD699, 0xD68E, 0xD682, 0xD676,
    0xD66B, 0xD661, 0xD658, 0xD651, 0xD64C, 0xD64A, 0xD649, 0xD647, 0xD645, 0xD642, 0xD63E, 0xD63A, 0xD635, 0xD630, 0xD62A, 0xD623,
    0xD61C, 0xD614, 0xD60C, 0xD603, 0xD5FA, 0xD5F1, 0xD5E7, 0xD5DC, 0xD5D1, 0xD5C6, 0xEC41, 0xEC3C, 0xEC2D, 0xEC17, 0xEBFA, 0xEBD9,
    0xEBB5, 0xEB8F, 0xEB69, 0xEB45, 0xEB24, 0xEB08, 0xEAF1, 0xEAE3, 0xEADE, 0xEAE2, 0xEAEE, 0xEB02, 0xEB1A, 0xEB37, 0xEB58, 0xEB7A,
    0xEB9D, 0xEBBF, 0xEBE0, 0xEBFE, 0xEC18, 0xEC2C, 0xEC3A, 0xEC41, 0xEC43, 0xEC45, 0xEC47, 0xEC49, 0xEC4A, 0xEC4C, 0xEC4D, 0xEC4F,
    0xEC50, 0xEC51, 0xEC52, 0xEC53, 0xEC54, 0xEC54, 0xEC55, 0xEC56, 0xEC56, 0xEC56, 0xEC57, 0xEC57, 0xB59E, 0xB59B, 0xB590, 0xB581,
    0xB56D, 0xB555, 0xB53C, 0xB521, 0xB507, 0xB4ED, 0xB4D6, 0xB4C2, 0xB4B2, 0xB4A8, 0xB4A4, 0xB4A7, 0xB4B0, 0xB4BE, 0xB4CF, 0xB4E3,
    0xB4FA, 0xB512, 0xB52B, 0xB543, 0xB55A, 0xB56F, 0xB581, 0xB590, 0xB59A, 0xB59E, 0xB5A0, 0xB5A3, 0xB5A7, 0xB5AB, 0xB5B1, 0xB5B7,
    0xB5BE, 0xB5C6, 0xB5CE, 0xB5D7, 0xB5E1, 0xB5EC, 0xB5F7, 0xB603, 0xB610, 0xB61D, 0xB62B, 0xB639, 0xB648, 0xB658, 0x7FFF, 0x7FFF,
    0x7FFF, 0x7FFF, 0x7FFF, 0x7FFF, 0x7FFF, 0x7FFF, 0x7FFF, 0x7FFF, 0x7FFF, 0x7FFF, 0x7FFF, 0x7FFF, 0x7FFF, 0x7FFF, 0x7FFF, 0x7FFF,
    0x7FFF, 0x7FFF, 0x7FFF, 0x7FFF, 0x7FFF, 0x7FFF, 0x7FFF, 0x7FFF, 0x7FFF, 0x7FFF, 0x7FFF, 0x7FFF, 0x7FFD, 0x7FFA, 0x7FF4, 0x7FEC,
    0x7FE3, 0x7FD7, 0x7FCA, 0x7FBB, 0x7FAB, 0x7F9A, 0x7F87, 0x7F74, 0x7F60, 0x7F4B, 0x7F35, 0x7F1F, 0x7F09, 0x7EF2, 0x7EDC, 0x7EC5,
    0x7FFF, 0x7FFF, 0x7FFF, 0x7FFF, 0x7FFF, 0x7FFF, 0x7FFF, 0x7FFF, 0x7FFF, 0x7FFF, 0x7FFF, 0x7FFF, 0x7FFF, 0x7FFF, 0x7FFF, 0x7FFF,
    0x7FFF, 0x7FFF, 0x7FFF, 0x7FFF, 0x7FFF, 0x7FFF, 0x7FFF, 0x7FFF, 0x7FFF, 0x7FFF, 0x7FFF, 0x7FFF, 0x7FFF, 0x7FFF, 0x8000, 0x8006,
    0x800E, 0x801A, 0x8028, 0x8039, 0x804D, 0x8062, 0x807A, 0x8094, 0x80AF, 0x80CC, 0x80EA, 0x8109, 0x8129, 0x814A, 0x816B, 0x818C,
    0x81AE, 0x81CF, 0x4171, 0x4171, 0x4171, 0x4171, 0x4171, 0x4171, 0x4171, 0x4171, 0x4171, 0x4171, 0x4171, 0x4171, 0x4171, 0x4171,
    0x4171, 0x4171, 0x4171, 0x4171, 0x4171, 0x4171, 0x4171, 0x4171, 0x4171, 0x4171, 0x4171, 0x4171, 0x4171, 0x4171, 0x4171, 0x4171,
    0x416C, 0x4160, 0x414C, 0x4130, 0x410E, 0x40E5, 0x40B6, 0x4082, 0x4049, 0x400C, 0x3FCB, 0x3F86, 0x3F3E, 0x3EF3, 0x3EA7, 0x3E59,
    0x3E0A, 0x3DBA, 0x3D6A, 0x3D1B, 0xBF5F, 0x7FFF, 0x7FF5, 0x7FDA, 0x7FB4, 0x7F86, 0x7F56, 0x7F26, 0x7EFD, 0x7EDE, 0x7ECE, 0x7ED2,
    0x7EEE, 0x7F26, 0x7F80, 0x7FFF, 0x80B2, 0x81A0, 0x82BF, 0x8404, 0x8565, 0x86D9, 0x8856, 0x89D1, 0x8B40, 0x8C9A, 0x8DD5, 0x8EE6,
    0x8FC4, 0x9065, 0x90BE, 0x90EE, 0x911C, 0x9148, 0x9170, 0x9196, 0x91B9, 0x91DA, 0x91F9, 0x9215, 0x922F, 0x9246, 0x925B, 0x926E,
    0x927F, 0x928F, 0x929C, 0x92A7, 0x92B0, 0x92B8, 0x92BE, 0x7FFF, 0x8002, 0x800C, 0x801B, 0x802D, 0x8040, 0x8052, 0x8062, 0x806E,
    0x8074, 0x8072, 0x8068, 0x8052, 0x8030, 0x7FFF, 0x7FB9, 0x7F5D, 0x7EEE, 0x7E71, 0x7DE8, 0x7D59, 0x7CC6, 0x7C34, 0x7BA6, 0x7B20,
    0x7AA6, 0x7A3D, 0x79E7, 0x79A9, 0x7987, 0x7974, 0x7962, 0x7951, 0x7942, 0x7933, 0x7925, 0x7919, 0x790D, 0x7902, 0x78F8, 0x78EF,
    0x78E7, 0x78E0, 0x78D9, 0x78D3, 0x78CE, 0x78CA, 0x78C6, 0x78C3, 0x78C1, 0x4171, 0x416B, 0x415B, 0x4144, 0x4128, 0x410B, 0x40EE,
    0x40D5, 0x40C3, 0x40B9, 0x40BB, 0x40CC, 0x40EE, 0x4124, 0x4171, 0x41DD, 0x426D, 0x431A, 0x43DE, 0x44B3, 0x4594, 0x4679, 0x475E,
    0x483C, 0x490D, 0x49CB, 0x4A70, 0x4AF5, 0x4B56, 0x4B8C, 0x4BAA, 0x4BC5, 0x4BDF, 0x4BF8, 0x4C0F, 0x4C24, 0x4C38, 0x4C4A, 0x4C5B,
    0x4C6B, 0x4C79, 0x4C86, 0x4C91, 0x4C9C, 0x4CA5, 0x4CAD, 0x4CB3, 0x4CB9, 0x4CBE, 0x4CC1, 0xBF5F, 0x0000, 0x0000, 0xFFFF, 0xFFFE,
    0xFFFD, 0xFFFB, 0xFFFA, 0xFFF8, 0xFFF7, 0xFFF7, 0xFFF7, 0xFFF8, 0xFFFA, 0xFFFC, 0x0000, 0x0008, 0x0017, 0x002B, 0x0043, 0x005D,
    0x0078, 0x0092, 0x00A9, 0x00BC, 0x00CA, 0x00D1, 0x00CF, 0x00C3, 0x00AC, 0x0087, 0x0054, 0x0014, 0xFFC8, 0xFF72, 0xFF13, 0xFEAD,
    0xFE42, 0xFDD4, 0xFD64, 0xFCF4, 0xFC86, 0xFC1B, 0xFBB5, 0xFB57, 0xFB00, 0xFAB5, 0xFA75, 0xFA42, 0xFA20, 0xFA0E, 0x0000, 0x0000,
    0xFFFE, 0xFFFB, 0xFFF8, 0xFFF4, 0xFFF1, 0xFFEE, 0xFFEC, 0xFFEA, 0xFFEB, 0xFFED, 0xFFF1, 0xFFF7, 0x0000, 0x000C, 0x001B, 0x002D,
    0x0040, 0x0056, 0x006D, 0x0084, 0x009D, 0x00B5, 0x00CD, 0x00E5, 0x00FB, 0x0110, 0x0124, 0x0135, 0x0146, 0x015A, 0x016F, 0x0187,
    0x019F, 0x01B8, 0x01D0, 0x01E9, 0x0200, 0x0215, 0x0229, 0x023A, 0x0248, 0x0252, 0x0258, 0x025A, 0x0257, 0x024E, 0x023E, 0x0228,
    0xFC62, 0xFC5F, 0xFC57, 0xFC4B, 0xFC3C, 0xFC2C, 0xFC1A, 0xFC09, 0xFBFA, 0xFBED, 0xFBE4, 0xFBDF, 0xFBE0, 0xFBE9, 0xFBF9, 0xFC13,
    0xFC36, 0xFC61, 0xFC92, 0xFCC9, 0xFD03, 0xFD3F, 0xFD7B, 0xFDB7, 0xFDF0, 0xFE25, 0xFE55, 0xFE7E, 0xFE9F, 0xFEB7, 0xFEC4, 0xFEC9,
    0xFEC7, 0xFEBF, 0xFEB1, 0xFEA0, 0xFE8B, 0xFE75, 0xFE5F, 0xFE48, 0xFE33, 0xFE21, 0xFE12, 0xFE08, 0xFE04, 0xFE06, 0xFE11, 0xFE25,
    0xFE43, 0xFE6C, 0x0000, 0x0000, 0x0000, 0x0000, 0x0000, 0x0000, 0x0000, 0x0000, 0x0000, 0x0000, 0x0000, 0x0000, 0x0000, 0x0000,
    0x0000, 0x0000, 0x0000, 0x0000, 0x0000, 0x0000, 0x0000, 0x0000, 0x0000, 0x0000, 0x0000, 0x0000, 0x0000, 0x0000, 0x0000, 0x0000,
    0x0000, 0x0000, 0x0000, 0x0000, 0xFFFF, 0xFFFE, 0xFFFE, 0xFFFD, 0xFFFC, 0xFFFB, 0xFFFA, 0xFFF9, 0xFFF8, 0xFFF7, 0xFFF6, 0xFFF5,
    0xFFF4, 0xFFF2, 0xFFF1, 0xFFF0, 0x0000, 0x0000, 0x0000, 0x0000, 0x0000, 0x0000, 0x0000, 0x0000, 0x0000, 0x0000, 0x0000, 0x0000,
    0x0000, 0x0000, 0x0000, 0x0001, 0x0003, 0x0007, 0x000C, 0x0012, 0x0017, 0x001C, 0x0020, 0x0023, 0x0024, 0x0023, 0x001F, 0x0018,
    0x000E, 0x0000, 0xFFEF, 0xFFDB, 0xFFC6, 0xFFAE, 0xFF94, 0xFF78, 0xFF5B, 0xFF3D, 0xFF1D, 0xFEFB, 0xFED9, 0xFEB5, 0xFE91, 0xFE6C,
    0xFE46, 0xFE1F, 0xFDF8, 0xFDD1, 0xFDAA, 0xFD82, 0x0884, 0x0890, 0x08B2, 0x08E4, 0x0922, 0x0966, 0x09AC, 0x09EF, 0x0A29, 0x0A55,
    0x0A70, 0x0A72, 0x0A59, 0x0A1E, 0x09BD, 0x0925, 0x0850, 0x0749, 0x061C, 0x04D2, 0x0376, 0x0213, 0x00B5, 0xFF65, 0xFE2F, 0xFD1C,
    0xFC39, 0xFB8F, 0xFB29, 0xFB13, 0xFB2B, 0xFB4C, 0xFB74, 0xFBA4, 0xFBDA, 0xFC17, 0xFC5A, 0xFCA4, 0xFCF3, 0xFD47, 0xFDA1, 0xFE00,
    0xFE63, 0xFECA, 0xFF36, 0xFFA5, 0x0016, 0x008C, 0x0104, 0x017F, 0x40A1, 0x40A7, 0x40B8, 0x40D2, 0x40F4, 0x411B, 0x4145, 0x4172,
    0x419E, 0x41C9, 0x41F0, 0x4211, 0x422B, 0x423C, 0x4242, 0x423D, 0x422F, 0x4219, 0x41FC, 0x41DA, 0x41B4, 0x418D, 0x4164, 0x413B,
    0x4115, 0x40F2, 0x40D3, 0x40BB, 0x40A9, 0x40A1, 0x409E, 0x409A, 0x4097, 0x4094, 0x4091, 0x408E, 0x408C, 0x4089, 0x4087, 0x4084,
    0x4082, 0x4080, 0x407E, 0x407C, 0x407B, 0x4079, 0x4077, 0x4076, 0x4075, 0x4073,
};

static const u16 anim_82_indices[] = {
    0x0001, 0x0000, 0x0043, 0x0001, 0x0043, 0x0044, 0x0001, 0x0000, 0x0001, 0x0087, 0x0001, 0x0000, 0x0001, 0x0000, 0x0001, 0x0000,
    0x0043, 0x0B02, 0x0043, 0x0A39, 0x0043, 0x0A7C, 0x0043, 0x0ABF, 0x0043, 0x0970, 0x0043, 0x09B3, 0x0043, 0x09F6, 0x0043, 0x08A6,
    0x0043, 0x08E9, 0x0043, 0x092C, 0x0043, 0x0194, 0x0043, 0x01D7, 0x0043, 0x021A, 0x0001, 0x0000, 0x0001, 0x0000, 0x0043, 0x0151,
    0x0043, 0x0088, 0x0043, 0x00CB, 0x0043, 0x010E, 0x0043, 0x07DC, 0x0043, 0x081F, 0x0043, 0x0862, 0x0043, 0x0369, 0x0043, 0x03AC,
    0x0043, 0x03EF, 0x0001, 0x0000, 0x0001, 0x0000, 0x0043, 0x0326, 0x0043, 0x025D, 0x0043, 0x02A0, 0x0043, 0x02E3, 0x0001, 0x0000,
    0x0001, 0x0000, 0x0001, 0x08A5, 0x0043, 0x0713, 0x0043, 0x0756, 0x0043, 0x0799, 0x0001, 0x0000, 0x0001, 0x0000, 0x0043, 0x06D0,
    0x0043, 0x0607, 0x0043, 0x064A, 0x0043, 0x068D, 0x0001, 0x0000, 0x0001, 0x0000, 0x0001, 0x096F, 0x0043, 0x053E, 0x0043, 0x0581,
    0x0043, 0x05C4, 0x0001, 0x0000, 0x0001, 0x0000, 0x0043, 0x04FB, 0x0043, 0x0432, 0x0043, 0x0475, 0x0043, 0x04B8,
};

static const s16 anim_82_values[] = {
    0x0000, 0x00AB, 0x00AB, 0x00AB, 0x00AB, 0x00AB, 0x00AB, 0x00AB, 0x00AB, 0x00AB, 0x00AC, 0x00AC, 0x00AC, 0x00AC, 0x00AC, 0x00AC,
    0x00AC, 0x00AC, 0x00AC, 0x00AC, 0x00AD, 0x00AD, 0x00AD, 0x00AD, 0x00AD, 0x00AD, 0x00AD, 0x00AD, 0x00AD, 0x00AE, 0x00AE, 0x00AE,
    0x00AE, 0x00AE, 0x00AE, 0x00AE, 0x00AE, 0x00AE, 0x00AE, 0x00AF, 0x00AF, 0x00AF, 0x00AF, 0x00AF, 0x00AF, 0x00AF, 0x00AF, 0x00AF,
    0x00AF, 0x00B0, 0x00B0, 0x00B0, 0x00B0, 0x00B0, 0x00B0, 0x00B0, 0x00B0, 0x00B0, 0x00B0, 0x00B0, 0x00B0, 0x00B1, 0x00B1, 0x00B1,
    0x00B1, 0x00B1, 0x00B1, 0x00B1, 0xFFFF, 0xFFFF, 0xFFFF, 0xFFFF, 0xFFFF, 0x0000, 0x0000, 0x0000, 0x0000, 0x0000, 0x0000, 0x0000,
    0x0000, 0x0000, 0x0000, 0x0000, 0x0000, 0x0000, 0x0000, 0x0000, 0x0000, 0x0000, 0x0000, 0x0000, 0x0001, 0x0001, 0x0001, 0x0001,
    0x0001, 0x0001, 0x0001, 0x0001, 0x0001, 0x0002, 0x0002, 0x0002, 0x0002, 0x0002, 0x0002, 0x0002, 0x0002, 0x0003, 0x0003, 0x0003,
    0x0003, 0x0003, 0x0003, 0x0003, 0x0003, 0x0003, 0x0004, 0x0004, 0x0004, 0x0004, 0x0004, 0x0004, 0x0004, 0x0004, 0x0004, 0x0004,
    0x0004, 0x0005, 0x0005, 0x0005, 0x0005, 0x0005, 0x0005, 0x3FFF, 0x0014, 0x0016, 0x0017, 0x0019, 0x001B, 0x001C, 0x001E, 0x001F,
    0x0021, 0x0022, 0x0024, 0x0025, 0x0026, 0x0028, 0x0029, 0x002A, 0x002B, 0x002C, 0x002D, 0x002E, 0x002F, 0x002F, 0x0030, 0x0030,
    0x0030, 0x0031, 0x0031, 0x0030, 0x0030, 0x0030, 0x002F, 0x002E, 0x002E, 0x002D, 0x002B, 0x002A, 0x0028, 0x0026, 0x0024, 0x0022,
    0x0020, 0x001D, 0x001A, 0x0017, 0x0014, 0x0010, 0x000C, 0x0008, 0x0004, 0x0000, 0xFFFA, 0xFFF1, 0xFFE4, 0xFFD6, 0xFFC5, 0xFFB2,
    0xFF9D, 0xFF87, 0xFF6F, 0xFF57, 0xFF3E, 0xFF25, 0xFF0B, 0xFEF2, 0xFEDA, 0xFEC2, 0xFEAB, 0xF979, 0xF979, 0xF979, 0xF978, 0xF978,
    0xF978, 0xF978, 0xF978, 0xF977, 0xF977, 0xF977, 0xF977, 0xF977, 0xF976, 0xF976, 0xF976, 0xF976, 0xF976, 0xF976, 0xF976, 0xF976,
    0xF975, 0xF975, 0xF975, 0xF975, 0xF975, 0xF975, 0xF975, 0xF975, 0xF975, 0xF975, 0xF976, 0xF976, 0xF976, 0xF976, 0xF976, 0xF976,
    0xF977, 0xF977, 0xF977, 0xF977, 0xF978, 0xF978, 0xF979, 0xF979, 0xF979, 0xF97A, 0xF97B, 0xF97B, 0xF97C, 0xF97D, 0xF97E, 0xF97F,
    0xF981, 0xF984, 0xF986, 0xF989, 0xF98C, 0xF98F, 0xF992, 0xF995, 0xF998, 0xF99C, 0xF99F, 0xF9A2, 0xF9A5, 0xF9A8, 0xED07, 0xECFD,
    0xECF3, 0xECE9, 0xECDF, 0xECD5, 0xECCB, 0xECC2, 0xECB8, 0xECAF, 0xECA6, 0xEC9D, 0xEC95, 0xEC8D, 0xEC85, 0xEC7E, 0xEC77, 0xEC70,
    0xEC6B, 0xEC65, 0xEC61, 0xEC5D, 0xEC5A, 0xEC57, 0xEC55, 0xEC54, 0xEC54, 0xEC55, 0xEC57, 0xEC59, 0xEC5D, 0xEC61, 0xEC67, 0xEC6E,
    0xEC76, 0xEC7F, 0xEC89, 0xEC94, 0xECA1, 0xECAF, 0xECBE, 0xECCF, 0xECE1, 0xECF5, 0xED0A, 0xED21, 0xED39, 0xED53, 0xED6E, 0xED8C,
    0xEDB4, 0xEDF0, 0xEE3E, 0xEE9B, 0xEF08, 0xEF80, 0xF004, 0xF091, 0xF126, 0xF1C0, 0xF25E, 0xF2FE, 0xF39F, 0xF43F, 0xF4DC, 0xF574,
    0xF606, 0xE216, 0xE1F7, 0xE1D7, 0xE1B4, 0xE18F, 0xE169, 0xE141, 0xE118, 0xE0EE, 0xE0C3, 0xE098, 0xE06D, 0xE041, 0xE015, 0xDFEA,
    0xDFBF, 0xDF95, 0xDF6C, 0xDF44, 0xDF1E, 0xDEF9, 0xDED5, 0xDEB4, 0xDE95, 0xDE78, 0xDE5E, 0xDE47, 0xDE33, 0xDE22, 0xDE14, 0xDE0A,
    0xDE04, 0xDE02, 0xDE05, 0xDE0C, 0xDE17, 0xDE28, 0xDE3D, 0xDE59, 0xDE79, 0xDEA0, 0xDECC, 0xDEFF, 0xDF38, 0xDF77, 0xDFBE, 0xE00B,
    0xE060, 0xE0BC, 0xE120, 0xE1AC, 0xE27B, 0xE388, 0xE4CC, 0xE642, 0xE7E4, 0xE9AB, 0xEB92, 0xED94, 0xEFA8, 0xF1CB, 0xF3F6, 0xF623,
    0xF84B, 0xFA6A, 0xFC78, 0xFE71, 0xF495, 0xF41F, 0xF3AA, 0xF334, 0xF2BF, 0xF24B, 0xF1D9, 0xF168, 0xF0FA, 0xF08E, 0xF026, 0xEFC1,
    0xEF60, 0xEF03, 0xEEAB, 0xEE58, 0xEE0B, 0xEDC4, 0xED83, 0xED4A, 0xED17, 0xECED, 0xECCA, 0xECB0, 0xEC9F, 0xEC97, 0xEC99, 0xECA6,
    0xECBD, 0xECDF, 0xED0C, 0xED45, 0xED8B, 0xEDDE, 0xEE3D, 0xEEAA, 0xEF25, 0xEFAF, 0xF047, 0xF0EF, 0xF1A6, 0xF26D, 0xF345, 0xF42E,
    0xF528, 0xF634, 0xF752, 0xF882, 0xF9C6, 0xFB1D, 0xFCF8, 0xFFBC, 0x0351, 0x07A6, 0x0CA5, 0x1239, 0x184E, 0x1ECF, 0x25A7, 0x2CC2,
    0x340C, 0x3B6F, 0x42D8, 0x4A30, 0x5165, 0x5861, 0x5F10, 0xD0AA, 0xD094, 0xD07E, 0xD069, 0xD055, 0xD042, 0xD030, 0xD01F, 0xD00E,
    0xCFFF, 0xCFF1, 0xCFE4, 0xCFD8, 0xCFCD, 0xCFC4, 0xCFBC, 0xCFB5, 0xCFB0, 0xCFAC, 0xCFA9, 0xCFA8, 0xCFA8, 0xCFAB, 0xCFAE, 0xCFB4,
    0xCFBB, 0xCFC4, 0xCFCF, 0xCFDB, 0xCFEA, 0xCFFA, 0xD00D, 0xD021, 0xD038, 0xD050, 0xD06B, 0xD088, 0xD0A7, 0xD0C9, 0xD0EC, 0xD113,
    0xD13B, 0xD166, 0xD194, 0xD1C4, 0xD1F7, 0xD22C, 0xD264, 0xD29F, 0xD2DC, 0xD334, 0xD3BB, 0xD46C, 0xD543, 0xD63B, 0xD750, 0xD87D,
    0xD9BD, 0xDB0D, 0xDC67, 0xDDC7, 0xDF28, 0xE086, 0xE1DC, 0xE326, 0xE45E, 0xE581, 0xDCB7, 0xDD47, 0xDDD9, 0xDE6A, 0xDEFA, 0xDF89,
    0xE017, 0xE0A2, 0xE12A, 0xE1AF, 0xE230, 0xE2AD, 0xE325, 0xE398, 0xE405, 0xE46B, 0xE4CB, 0xE523, 0xE573, 0xE5BB, 0xE5F9, 0xE62E,
    0xE659, 0xE67A, 0xE690, 0xE699, 0xE697, 0xE688, 0xE66D, 0xE643, 0xE60B, 0xE5C5, 0xE56F, 0xE50A, 0xE494, 0xE40E, 0xE376, 0xE2CD,
    0xE211, 0xE142, 0xE061, 0xDF6B, 0xDE61, 0xDD42, 0xDC0D, 0xDAC3, 0xD962, 0xD7EA, 0xD65B, 0xD4B4, 0xD268, 0xCEFE, 0xCA8E, 0xC532,
    0xBF04, 0xB81E, 0xB098, 0xA88D, 0xA016, 0x974D, 0x8E4B, 0x8529, 0x7C03, 0x72F0, 0x6A0B, 0x616D, 0x5930, 0xFC4B, 0xFC09, 0xFBC7,
    0xFB87, 0xFB48, 0xFB0B, 0xFAD0, 0xFA97, 0xFA60, 0xFA2D, 0xF9FD, 0xF9D1, 0xF9A8, 0xF984, 0xF965, 0xF94A, 0xF935, 0xF926, 0xF91C,
    0xF919, 0xF91C, 0xF927, 0xF938, 0xF952, 0xF973, 0xF99C, 0xF9CE, 0xFA09, 0xFA4E, 0xFA9C, 0xFAF4, 0xFB56, 0xFBC2, 0xFC3A, 0xFCBD,
    0xFD4C, 0xFDE6, 0xFE8D, 0xFF40, 0x0000, 0x00E1, 0x01F4, 0x0337, 0x04A7, 0x0641, 0x0802, 0x09E8, 0x0BEF, 0x0E14, 0x1055, 0x12B0,
    0x1520, 0x17A4, 0x1A38, 0x1CDA, 0x1F87, 0x223B, 0x24F5, 0x27B1, 0x2A6C, 0x2D25, 0x2FD7, 0x327F, 0x351C, 0x37AB, 0x3A27, 0x3C90,
    0xFFFB, 0xFFFA, 0xFFFA, 0xFFF9, 0xFFF9, 0xFFF8, 0xFFF8, 0xFFF8, 0xFFF7, 0xFFF7, 0xFFF7, 0xFFF7, 0xFFF6, 0xFFF6, 0xFFF6, 0xFFF6,
    0xFFF6, 0xFFF5, 0xFFF5, 0xFFF5, 0xFFF5, 0xFFF5, 0xFFF6, 0xFFF6, 0xFFF6, 0xFFF6, 0xFFF7, 0xFFF7, 0xFFF7, 0xFFF8, 0xFFF8, 0xFFF9,
    0xFFFA, 0xFFFA, 0xFFFB, 0xFFFC, 0xFFFD, 0xFFFE, 0xFFFF, 0x0000, 0xFFFF, 0xFFFA, 0xFFF0, 0xFFE3, 0xFFD2, 0xFFC0, 0xFFAB, 0xFF94,
    0xFF7C, 0xFF64, 0xFF4B, 0xFF33, 0xFF1C, 0xFF06, 0xFEF1, 0xFEDF, 0xFECF, 0xFEC3, 0xFEBA, 0xFEB6, 0xFEB6, 0xFEBB, 0xFEC6, 0xFED7,
    0xFEEF, 0xFF0D, 0xFF33, 0xF513, 0xF50F, 0xF50B, 0xF508, 0xF504, 0xF500, 0xF4FD, 0xF4FA, 0xF4F7, 0xF4F4, 0xF4F1, 0xF4EE, 0xF4EC,
    0xF4EA, 0xF4E8, 0xF4E7, 0xF4E5, 0xF4E5, 0xF4E4, 0xF4E4, 0xF4E4, 0xF4E5, 0xF4E6, 0xF4E7, 0xF4E9, 0xF4EB, 0xF4EE, 0xF4F2, 0xF4F6,
    0xF4FA, 0xF4FF, 0xF505, 0xF50B, 0xF512, 0xF519, 0xF521, 0xF52A, 0xF534, 0xF53E, 0xF549, 0xF557, 0xF569, 0xF57F, 0xF599, 0xF5B7,
    0xF5D8, 0xF5FB, 0xF621, 0xF649, 0xF673, 0xF69F, 0xF6CC, 0xF6F9, 0xF727, 0xF756, 0xF784, 0xF7B2, 0xF7E0, 0xF80C, 0xF837, 0xF860,
    0xF888, 0xF8AD, 0xF8CF, 0xF8EF, 0xF90B, 0xF923, 0xD648, 0xD664, 0xD67E, 0xD697, 0xD6AE, 0xD6C3, 0xD6D7, 0xD6E8, 0xD6F8, 0xD706,
    0xD711, 0xD71A, 0xD721, 0xD726, 0xD728, 0xD728, 0xD725, 0xD71F, 0xD717, 0xD70B, 0xD6FD, 0xD6EB, 0xD6D7, 0xD6BF, 0xD6A4, 0xD685,
    0xD663, 0xD63D, 0xD614, 0xD5E7, 0xD5B6, 0xD582, 0xD549, 0xD50C, 0xD4CB, 0xD486, 0xD43D, 0xD3EF, 0xD39D, 0xD346, 0xCFA0, 0xC805,
    0xC071, 0xBCDD, 0xBFCB, 0xC69F, 0xCDAA, 0xD13C, 0xCF24, 0xC9C0, 0xC43B, 0xC1C1, 0xC383, 0xC790, 0xCC5D, 0xD05F, 0xD20D, 0xCFBC,
    0xCA83, 0xC4FC, 0xC1C1, 0xC0A1, 0xBFAE, 0xBEEB, 0xBE58, 0xBDF4, 0xBDC2, 0x10FD, 0x10FA, 0x10F7, 0x10F1, 0x10EB, 0x10E3, 0x10DA,
    0x10D1, 0x10C6, 0x10BB, 0x10AF, 0x10A2, 0x1094, 0x1086, 0x1078, 0x1069, 0x105A, 0x104B, 0x103C, 0x102C, 0x101D, 0x100E, 0x0FFF,
    0x0FF0, 0x0FE2, 0x0FD4, 0x0FC6, 0x0FBA, 0x0FAD, 0x0FA2, 0x0F97, 0x0F8E, 0x0F85, 0x0F7D, 0x0F77, 0x0F71, 0x0F6D, 0x0F6B, 0x0F6A,
    0x0F6A, 0x0F5E, 0x0F50, 0x0F61, 0x0FB3, 0x10BF, 0x124F, 0x137C, 0x1362, 0x10E9, 0x0CD3, 0x0903, 0x075C, 0x0883, 0x0B3D, 0x0EA4,
    0x11D1, 0x13DC, 0x1409, 0x12E5, 0x1179, 0x10D1, 0x10F3, 0x1134, 0x118E, 0x11FA, 0x1272, 0x12F0, 0x18C8, 0x18CB, 0x18CF, 0x18D4,
    0x18DB, 0x18E3, 0x18EC, 0x18F6, 0x1902, 0x190E, 0x191B, 0x1928, 0x1936, 0x1945, 0x1955, 0x1964, 0x1974, 0x1984, 0x1995, 0x19A5,
    0x19B6, 0x19C6, 0x19D6, 0x19E6, 0x19F6, 0x1A05, 0x1A13, 0x1A21, 0x1A2E, 0x1A3B, 0x1A47, 0x1A51, 0x1A5B, 0x1A64, 0x1A6B, 0x1A71,
    0x1A76, 0x1A79, 0x1A7B, 0x1A7B, 0x1A84, 0x1A90, 0x1A88, 0x1A54, 0x19A8, 0x18A8, 0x17E4, 0x17F2, 0x1981, 0x1C17, 0x1E81, 0x1F8B,
    0x1ECD, 0x1D0D, 0x1AE0, 0x18DB, 0x1791, 0x1744, 0x17AA, 0x188D, 0x19B2, 0x1B03, 0x1C82, 0x1E24, 0x1FD9, 0x2197, 0x234E, 0xD89B,
    0xD899, 0xD895, 0xD890, 0xD88A, 0xD884, 0xD87C, 0xD874, 0xD86A, 0xD860, 0xD856, 0xD84B, 0xD83F, 0xD833, 0xD827, 0xD81B, 0xD80E,
    0xD801, 0xD7F4, 0xD7E7, 0xD7DA, 0xD7CD, 0xD7C1, 0xD7B4, 0xD7A8, 0xD79D, 0xD791, 0xD787, 0xD77D, 0xD774, 0xD76B, 0xD763, 0xD75C,
    0xD756, 0xD752, 0xD74E, 0xD74B, 0xD74A, 0xD749, 0xD74B, 0xD736, 0xD71B, 0xD737, 0xD7C4, 0xD8F1, 0xDA94, 0xDC66, 0xDE1F, 0xDFFB,
    0xE207, 0xE3B5, 0xE476, 0xE42D, 0xE342, 0xE1EF, 0xE06F, 0xDEFD, 0xDDDE, 0xDCE6, 0xDBA3, 0xD9A3, 0xD6E9, 0xD3D4, 0xD080, 0xCD05,
    0xC97E, 0xC605, 0xFFD7, 0xFFD6, 0xFFD4, 0xFFD3, 0xFFD2, 0xFFD1, 0xFFD0, 0xFFCF, 0xFFCE, 0xFFCD, 0xFFCC, 0xFFCB, 0xFFCA, 0xFFC9,
    0xFFC9, 0xFFC8, 0xFFC7, 0xFFC7, 0xFFC6, 0xFFC6, 0xFFC5, 0xFFC5, 0xFFC4, 0xFFC4, 0xFFC4, 0xFFC3, 0xFFC3, 0xFFC3, 0xFFC3, 0xFFC3,
    0xFFC3, 0xFFC3, 0xFFC3, 0xFFC3, 0xFFC3, 0xFFC3, 0xFFC3, 0xFFC3, 0xFFC3, 0xFFC3, 0xFFC4, 0xFFC4, 0xFFC4, 0xFFC5, 0xFFC5, 0xFFC5,
    0xFFC6, 0xFFC6, 0xFFC7, 0xFFC7, 0xFFC7, 0xFFC8, 0xFFC9, 0xFFC9, 0xFFCA, 0xFFCA, 0xFFCB, 0xFFCB, 0xFFCC, 0xFFCD, 0xFFCD, 0xFFCE,
    0xFFCF, 0xFFD0, 0xFFD0, 0xFFD1, 0xFFD2, 0xFF2F, 0xFF2F, 0xFF2F, 0xFF2F, 0xFF2F, 0xFF2F, 0xFF2F, 0xFF2F, 0xFF2F, 0xFF2F, 0xFF2F,
    0xFF2F, 0xFF2F, 0xFF2F, 0xFF2F, 0xFF2F, 0xFF2F, 0xFF2F, 0xFF2F, 0xFF2F, 0xFF2F, 0xFF2F, 0xFF2E, 0xFF2E, 0xFF2E, 0xFF2E, 0xFF2E,
    0xFF2E, 0xFF2E, 0xFF2E, 0xFF2E, 0xFF2E, 0xFF2E, 0xFF2E, 0xFF2E, 0xFF2E, 0xFF2E, 0xFF2E, 0xFF2E, 0xFF2E, 0xFF2E, 0xFF2E, 0xFF2E,
    0xFF2E, 0xFF2E, 0xFF2E, 0xFF2E, 0xFF2E, 0xFF2E, 0xFF2E, 0xFF2E, 0xFF2E, 0xFF2E, 0xFF2E, 0xFF2E, 0xFF2E, 0xFF2E, 0xFF2E, 0xFF2E,
    0xFF2E, 0xFF2E, 0xFF2E, 0xFF2E, 0xFF2E, 0xFF2E, 0xFF2E, 0xFF2E, 0xCA2B, 0xCA31, 0xCA37, 0xCA3D, 0xCA43, 0xCA49, 0xCA4F, 0xCA55,
    0xCA5C, 0xCA62, 0xCA69, 0xCA6F, 0xCA76, 0xCA7C, 0xCA83, 0xCA8A, 0xCA91, 0xCA98, 0xCA9F, 0xCAA6, 0xCAAD, 0xCAB4, 0xCABB, 0xCAC2,
    0xCAC8, 0xCACF, 0xCAD6, 0xCADD, 0xCAE4, 0xCAEB, 0xCAF2, 0xCAF9, 0xCB00, 0xCB06, 0xCB0D, 0xCB14, 0xCB1A, 0xCB21, 0xCB27, 0xCB2E,
    0xCB34, 0xCB3A, 0xCB40, 0xCB46, 0xCB4C, 0xCB52, 0xCB58, 0xCB5D, 0xCB63, 0xCB68, 0xCB6D, 0xCB72, 0xCB77, 0xCB7C, 0xCB80, 0xCB84,
    0xCB89, 0xCB8D, 0xCB91, 0xCB94, 0xCB98, 0xCB9B, 0xCB9E, 0xCBA1, 0xCBA4, 0xCBA6, 0xCBA9, 0x1D7B, 0x1D6B, 0x1D5A, 0x1D49, 0x1D38,
    0x1D26, 0x1D14, 0x1D02, 0x1CEF, 0x1CDC, 0x1CC9, 0x1CB5, 0x1CA1, 0x1C8D, 0x1C79, 0x1C64, 0x1C4F, 0x1C3A, 0x1C25, 0x1C10, 0x1BFB,
    0x1BE5, 0x1BD0, 0x1BBA, 0x1BA5, 0x1B8F, 0x1B79, 0x1B64, 0x1B4E, 0x1B38, 0x1B23, 0x1B0D, 0x1AF8, 0x1AE3, 0x1ACD, 0x1AB8, 0x1AA3,
    0x1A8F, 0x1A7A, 0x1A66, 0x1A52, 0x1A3E, 0x1A2A, 0x1A17, 0x1A04, 0x19F1, 0x19DF, 0x19CD, 0x19BB, 0x19AA, 0x1999, 0x1988, 0x1978,
    0x1969, 0x195A, 0x194B, 0x193D, 0x192F, 0x1922, 0x1916, 0x190A, 0x18FE, 0x18F4, 0x18E9, 0x18E0, 0x18D7, 0x18CF, 0x1B5F, 0x1B66,
    0x1B6D, 0x1B75, 0x1B7C, 0x1B84, 0x1B8C, 0x1B94, 0x1B9C, 0x1BA5, 0x1BAD, 0x1BB6, 0x1BBF, 0x1BC8, 0x1BD1, 0x1BDA, 0x1BE3, 0x1BED,
    0x1BF6, 0x1BFF, 0x1C09, 0x1C13, 0x1C1C, 0x1C26, 0x1C30, 0x1C39, 0x1C43, 0x1C4D, 0x1C57, 0x1C60, 0x1C6A, 0x1C74, 0x1C7D, 0x1C87,
    0x1C91, 0x1C9A, 0x1CA4, 0x1CAD, 0x1CB6, 0x1CC0, 0x1CC9, 0x1CD2, 0x1CDB, 0x1CE3, 0x1CEC, 0x1CF4, 0x1CFD, 0x1D05, 0x1D0D, 0x1D15,
    0x1D1D, 0x1D24, 0x1D2C, 0x1D33, 0x1D3A, 0x1D40, 0x1D47, 0x1D4D, 0x1D53, 0x1D59, 0x1D5E, 0x1D64, 0x1D69, 0x1D6D, 0x1D72, 0x1D76,
    0x1D7A, 0x1131, 0x1131, 0x1130, 0x1130, 0x112F, 0x112F, 0x112E, 0x112E, 0x112D, 0x112D, 0x112C, 0x112C, 0x112C, 0x112B, 0x112B,
    0x112B, 0x112A, 0x112A, 0x112A, 0x1129, 0x1129, 0x1129, 0x1129, 0x1129, 0x1128, 0x1128, 0x1128, 0x1128, 0x1128, 0x1128, 0x1128,
    0x1128, 0x1128, 0x1128, 0x1128, 0x1128, 0x1128, 0x1128, 0x1128, 0x1128, 0x1128, 0x1128, 0x1128, 0x1129, 0x1129, 0x1129, 0x1129,
    0x1129, 0x1129, 0x112A, 0x112A, 0x112A, 0x112A, 0x112A, 0x112B, 0x112B, 0x112B, 0x112C, 0x112C, 0x112C, 0x112C, 0x112D, 0x112D,
    0x112D, 0x112E, 0x112E, 0x112E, 0xACE3, 0xACF0, 0xACFD, 0xAD0A, 0xAD18, 0xAD26, 0xAD34, 0xAD43, 0xAD51, 0xAD60, 0xAD70, 0xAD7F,
    0xAD8F, 0xAD9F, 0xADAF, 0xADBF, 0xADD0, 0xADE1, 0xADF1, 0xAE02, 0xAE13, 0xAE24, 0xAE35, 0xAE46, 0xAE58, 0xAE69, 0xAE7A, 0xAE8C,
    0xAE9D, 0xAEAE, 0xAEBF, 0xAED0, 0xAEE2, 0xAEF3, 0xAF04, 0xAF14, 0xAF25, 0xAF36, 0xAF46, 0xAF56, 0xAF66, 0xAF76, 0xAF86, 0xAF95,
    0xAFA5, 0xAFB4, 0xAFC2, 0xAFD1, 0xAFDF, 0xAFED, 0xAFFB, 0xB008, 0xB015, 0xB021, 0xB02D, 0xB039, 0xB044, 0xB04F, 0xB05A, 0xB064,
    0xB06E, 0xB077, 0xB080, 0xB088, 0xB08F, 0xB097, 0xB09D, 0xFF22, 0xFF13, 0xFF04, 0xFEF5, 0xFEE5, 0xFED5, 0xFEC6, 0xFEB6, 0xFEA6,
    0xFE95, 0xFE85, 0xFE75, 0xFE65, 0xFE54, 0xFE44, 0xFE34, 0xFE23, 0xFE13, 0xFE03, 0xFDF3, 0xFDE3, 0xFDD3, 0xFDC3, 0xFDB4, 0xFDA5,
    0xFD96, 0xFD87, 0xFD78, 0xFD6A, 0xFD5C, 0xFD4E, 0xFD41, 0xFD34, 0xFD27, 0xFD1B, 0xFD0F, 0xFD04, 0xFCF9, 0xFCEE, 0xFCE4, 0xFCDB,
    0xFCD2, 0xFCC9, 0xFCC1, 0xFCBA, 0xFCB3, 0xFCAD, 0xFCA8, 0xFCA3, 0xFC9F, 0xFC9C, 0xFC99, 0xFC97, 0xFC96, 0xFC95, 0xFC96, 0xFC97,
    0xFC98, 0xFC9B, 0xFC9E, 0xFCA2, 0xFCA6, 0xFCAB, 0xFCB0, 0xFCB6, 0xFCBD, 0xFCC4, 0x008C, 0x0094, 0x009C, 0x00A4, 0x00AC, 0x00B4,
    0x00BC, 0x00C4, 0x00CC, 0x00D4, 0x00DC, 0x00E4, 0x00EC, 0x00F4, 0x00FC, 0x0104, 0x010C, 0x0114, 0x011B, 0x0123, 0x012A, 0x0132,
    0x0139, 0x0140, 0x0148, 0x014F, 0x0155, 0x015C, 0x0163, 0x0169, 0x016F, 0x0175, 0x017B, 0x0181, 0x0187, 0x018C, 0x0191, 0x0196,
    0x019B, 0x019F, 0x01A4, 0x01A8, 0x01AB, 0x01AF, 0x01B2, 0x01B5, 0x01B8, 0x01BA, 0x01BC, 0x01BE, 0x01BF, 0x01C1, 0x01C1, 0x01C2,
    0x01C2, 0x01C2, 0x01C1, 0x01C1, 0x01BF, 0x01BE, 0x01BC, 0x01BA, 0x01B7, 0x01B4, 0x01B1, 0x01AE, 0x01AA, 0xC045, 0xC054, 0xC062,
    0xC071, 0xC080, 0xC08F, 0xC09E, 0xC0AD, 0xC0BC, 0xC0CA, 0xC0D9, 0xC0E8, 0xC0F7, 0xC106, 0xC115, 0xC123, 0xC132, 0xC140, 0xC14E,
    0xC15C, 0xC16A, 0xC178, 0xC186, 0xC193, 0xC1A0, 0xC1AD, 0xC1BA, 0xC1C6, 0xC1D3, 0xC1DE, 0xC1EA, 0xC1F5, 0xC200, 0xC20B, 0xC215,
    0xC21F, 0xC229, 0xC232, 0xC23B, 0xC243, 0xC24B, 0xC252, 0xC259, 0xC260, 0xC266, 0xC26B, 0xC270, 0xC274, 0xC278, 0xC27C, 0xC27E,
    0xC281, 0xC282, 0xC283, 0xC283, 0xC283, 0xC282, 0xC280, 0xC27E, 0xC27B, 0xC278, 0xC274, 0xC26F, 0xC26A, 0xC264, 0xC25E, 0xC257,
    0x2489, 0x247B, 0x246E, 0x2460, 0x2452, 0x2444, 0x2435, 0x2426, 0x2417, 0x2407, 0x23F7, 0x23E7, 0x23D7, 0x23C7, 0x23B7, 0x23A6,
    0x2395, 0x2384, 0x2373, 0x2362, 0x2351, 0x2340, 0x232E, 0x231D, 0x230B, 0x22FA, 0x22E9, 0x22D7, 0x22C6, 0x22B4, 0x22A3, 0x2292,
    0x2280, 0x226F, 0x225E, 0x224D, 0x223D, 0x222C, 0x221C, 0x220B, 0x21FB, 0x21EB, 0x21DC, 0x21CC, 0x21BD, 0x21AE, 0x219F, 0x2191,
    0x2183, 0x2175, 0x2168, 0x215A, 0x214E, 0x2141, 0x2135, 0x212A, 0x211E, 0x2114, 0x2109, 0x20FF, 0x20F6, 0x20ED, 0x20E4, 0x20DC,
    0x20D5, 0x20CE, 0x20C7, 0xD5BA, 0xD5AE, 0xD5A1, 0xD594, 0xD587, 0xD57A, 0xD56C, 0xD55E, 0xD54F, 0xD540, 0xD531, 0xD522, 0xD513,
    0xD503, 0xD4F3, 0xD4E3, 0xD4D3, 0xD4C2, 0xD4B2, 0xD4A1, 0xD490, 0xD480, 0xD46F, 0xD45D, 0xD44C, 0xD43B, 0xD42A, 0xD419, 0xD408,
    0xD3F6, 0xD3E5, 0xD3D4, 0xD3C3, 0xD3B2, 0xD3A1, 0xD390, 0xD37F, 0xD36F, 0xD35E, 0xD34E, 0xD33E, 0xD32E, 0xD31E, 0xD30E, 0xD2FF,
    0xD2F0, 0xD2E1, 0xD2D2, 0xD2C4, 0xD2B6, 0xD2A8, 0xD29B, 0xD28E, 0xD281, 0xD275, 0xD269, 0xD25D, 0xD252, 0xD247, 0xD23D, 0xD233,
    0xD22A, 0xD221, 0xD218, 0xD210, 0xD209, 0xD202, 0xEC57, 0xEC57, 0xEC57, 0xEC57, 0xEC57, 0xEC56, 0xEC56, 0xEC55, 0xEC55, 0xEC54,
    0xEC54, 0xEC53, 0xEC52, 0xEC51, 0xEC51, 0xEC50, 0xEC4F, 0xEC4E, 0xEC4C, 0xEC4B, 0xEC4A, 0xEC49, 0xEC48, 0xEC46, 0xEC45, 0xEC44,
    0xEC42, 0xEC41, 0xEC3F, 0xEC3E, 0xEC3C, 0xEC3A, 0xEC39, 0xEC37, 0xEC36, 0xEC34, 0xEC32, 0xEC30, 0xEC2F, 0xEC2D, 0xEC2B, 0xEC2A,
    0xEC28, 0xEC26, 0xEC24, 0xEC23, 0xEC21, 0xEC1F, 0xEC1D, 0xEC1C, 0xEC1A, 0xEC18, 0xEC16, 0xEC15, 0xEC13, 0xEC11, 0xEC10, 0xEC0E,
    0xEC0D, 0xEC0B, 0xEC0A, 0xEC08, 0xEC07, 0xEC05, 0xEC04, 0xEC02, 0xEC01, 0xB668, 0xB678, 0xB689, 0xB69B, 0xB6AD, 0xB6BF, 0xB6D2,
    0xB6E5, 0xB6F9, 0xB70D, 0xB721, 0xB735, 0xB74A, 0xB75F, 0xB775, 0xB78A, 0xB7A0, 0xB7B6, 0xB7CD, 0xB7E3, 0xB7FA, 0xB810, 0xB827,
    0xB83E, 0xB855, 0xB86C, 0xB883, 0xB89A, 0xB8B1, 0xB8C8, 0xB8DF, 0xB8F6, 0xB90D, 0xB924, 0xB93A, 0xB951, 0xB967, 0xB97D, 0xB993,
    0xB9A9, 0xB9BF, 0xB9D4, 0xB9E9, 0xB9FE, 0xBA12, 0xBA27, 0xBA3A, 0xBA4E, 0xBA61, 0xBA74, 0xBA86, 0xBA98, 0xBAA9, 0xBABA, 0xBACA,
    0xBADA, 0xBAEA, 0xBAF9, 0xBB07, 0xBB14, 0xBB22, 0xBB2E, 0xBB3A, 0xBB45, 0xBB4F, 0xBB59, 0xBB62, 0x7EAF, 0x7E99, 0x7E84, 0x7E6F,
    0x7E5B, 0x7E48, 0x7E36, 0x7E25, 0x7E15, 0x7E07, 0x7DFA, 0x7DF0, 0x7DE6, 0x7DDF, 0x7DDA, 0x7DD8, 0x7DD7, 0x7DD9, 0x7DDE, 0x7DE6,
    0x7DF0, 0x7DFD, 0x7E0E, 0x7E22, 0x7E39, 0x7E54, 0x7E73, 0x7E96, 0x7EBC, 0x7EE7, 0x7F16, 0x7F49, 0x7F81, 0x7FBD, 0x7FFF, 0x81D1,
    0x85C8, 0x8A6D, 0x8E4C, 0x8FEF, 0x8FEB, 0x8FCF, 0x8F9D, 0x8F58, 0x8EFF, 0x8E96, 0x8E1D, 0x8D97, 0x8D04, 0x8C66, 0x8BC0, 0x8B12,
    0x8A5F, 0x89A7, 0x88ED, 0x8832, 0x8777, 0x86BF, 0x860B, 0x855C, 0x84B5, 0x8416, 0x8381, 0x82F9, 0x827E, 0x8212, 0x81B7, 0x81F0,
    0x8211, 0x8230, 0x824F, 0x826D, 0x8289, 0x82A4, 0x82BD, 0x82D4, 0x82E9, 0x82FC, 0x830C, 0x831A, 0x8324, 0x832C, 0x8330, 0x8330,
    0x832D, 0x8326, 0x831B, 0x830C, 0x82F8, 0x82DF, 0x82C1, 0x829F, 0x8277, 0x8249, 0x8216, 0x81DD, 0x819D, 0x8158, 0x810C, 0x80B9,
    0x805F, 0x7FFF, 0x7D53, 0x7784, 0x70AC, 0x6AEA, 0x685A, 0x6829, 0x6817, 0x6823, 0x684A, 0x688B, 0x68E2, 0x694F, 0x69CF, 0x6A60,
    0x6B00, 0x6BAC, 0x6C63, 0x6D22, 0x6DE8, 0x6EB2, 0x6F7E, 0x704B, 0x7115, 0x71DB, 0x729A, 0x7351, 0x73FE, 0x749E, 0x752F, 0x75B0,
    0x761D, 0x7676, 0x3CCC, 0x3C7E, 0x3C32, 0x3BE9, 0x3BA2, 0x3B5E, 0x3B1E, 0x3AE2, 0x3AAB, 0x3A79, 0x3A4C, 0x3A25, 0x3A05, 0x39EC,
    0x39DA, 0x39D0, 0x39CF, 0x39D6, 0x39E7, 0x3A02, 0x3A27, 0x3A56, 0x3A91, 0x3AD8, 0x3B2B, 0x3B8B, 0x3BF7, 0x3C72, 0x3CFA, 0x3D92,
    0x3E38, 0x3EED, 0x3FB3, 0x4089, 0x4171, 0x47F8, 0x562A, 0x66BF, 0x746D, 0x79EC, 0x796D, 0x78A8, 0x77A1, 0x765D, 0x74DF, 0x732C,
    0x7149, 0x6F39, 0x6D00, 0x6AA4, 0x6828, 0x6590, 0x62E1, 0x601E, 0x5D4D, 0x5A72, 0x5790, 0x54AC, 0x51CA, 0x4EEF, 0x4C1E, 0x495C,
    0x46AE, 0x4416, 0x419B, 0x3F3F, 0x3D08, 0xBF5F, 0x92C2, 0x92C5, 0x92C6, 0x92C6, 0x92C4, 0x92C1, 0x92BD, 0x92B8, 0x92B1, 0x92A9,
    0x92A1, 0x9297, 0x928D, 0x9281, 0x9275, 0x9268, 0x925B, 0x924C, 0x923E, 0x922F, 0x921F, 0x920F, 0x91FF, 0x91EE, 0x91DE, 0x91CD,
    0x91BC, 0x91AC, 0x919B, 0x918B, 0x917A, 0x916A, 0x915B, 0x914B, 0x913C, 0x912E, 0x9120, 0x9113, 0x9107, 0x90FB, 0x90F0, 0x90E6,
    0x90DD, 0x90D5, 0x90CE, 0x90C9, 0x90C4, 0x90C1, 0x90BE, 0x90BE, 0x90BE, 0x90BE, 0x90BE, 0x90BE, 0x90BE, 0x90BE, 0x90BE, 0x90BE,
    0x90BE, 0x90BE, 0x90BE, 0x90BE, 0x90BE, 0x90BE, 0x90BE, 0x90BE, 0x90BE, 0x78BF, 0x78BE, 0x78BE, 0x78BE, 0x78BE, 0x78C0, 0x78C1,
    0x78C3, 0x78C6, 0x78C9, 0x78CC, 0x78D0, 0x78D4, 0x78D8, 0x78DD, 0x78E2, 0x78E7, 0x78ED, 0x78F2, 0x78F8, 0x78FE, 0x7904, 0x790B,
    0x7911, 0x7917, 0x791E, 0x7924, 0x792B, 0x7931, 0x7938, 0x793E, 0x7944, 0x794A, 0x7950, 0x7956, 0x795B, 0x7961, 0x7966, 0x796A,
    0x796F, 0x7973, 0x7977, 0x797A, 0x797E, 0x7980, 0x7983, 0x7984, 0x7986, 0x7986, 0x7987, 0x7987, 0x7987, 0x7987, 0x7987, 0x7987,
    0x7987, 0x7987, 0x7987, 0x7987, 0x7987, 0x7987, 0x7987, 0x7987, 0x7987, 0x7987, 0x7987, 0x7987, 0x4CC4, 0x4CC6, 0x4CC6, 0x4CC6,
    0x4CC5, 0x4CC3, 0x4CC1, 0x4CBE, 0x4CBA, 0x4CB5, 0x4CB0, 0x4CAA, 0x4CA3, 0x4C9D, 0x4C95, 0x4C8D, 0x4C85, 0x4C7D, 0x4C74, 0x4C6B,
    0x4C61, 0x4C58, 0x4C4E, 0x4C44, 0x4C3A, 0x4C30, 0x4C26, 0x4C1C, 0x4C12, 0x4C08, 0x4BFE, 0x4BF4, 0x4BEB, 0x4BE2, 0x4BD9, 0x4BD0,
    0x4BC8, 0x4BC0, 0x4BB8, 0x4BB1, 0x4BAB, 0x4BA5, 0x4B9F, 0x4B9A, 0x4B96, 0x4B93, 0x4B90, 0x4B8E, 0x4B8D, 0x4B8C, 0x4B8C, 0x4B8C,
    0x4B8C, 0x4B8C, 0x4B8C, 0x4B8C, 0x4B8C, 0x4B8C, 0x4B8C, 0x4B8C, 0x4B8C, 0x4B8C, 0x4B8C, 0x4B8C, 0x4B8C, 0x4B8C, 0x4B8C, 0xBF5F,
    0xFA0D, 0xFA19, 0xFA32, 0xFA56, 0xFA84, 0xFABB, 0xFAF9, 0xFB3E, 0xFB88, 0xFBD5, 0xFC26, 0xFC78, 0xFCCB, 0xFD1C, 0xFD6C, 0xFDB8,
    0xFDFF, 0xFE41, 0xFE7C, 0xFEAF, 0xFED8, 0xFEF7, 0xFF0A, 0xFF10, 0xFEF0, 0xFE9C, 0xFE1D, 0xFD82, 0xFCD4, 0xFC21, 0xFB75, 0xFADA,
    0xFA5D, 0xFA0A, 0xF9ED, 0xF9F1, 0xF9F9, 0xFA05, 0xFA14, 0xFA28, 0xFA3E, 0xFA58, 0xFA75, 0xFA94, 0xFAB6, 0xFADB, 0xFB02, 0xFB2B,
    0xFB55, 0xFB81, 0xFBAF, 0xFBDE, 0xFC0E, 0xFC3F, 0xFC70, 0xFCA2, 0xFCD4, 0xFD06, 0xFD38, 0xFD6A, 0xFD9B, 0xFDCB, 0xFDFB, 0xFE29,
    0xFE56, 0xFE82, 0xFEAC, 0x020E, 0x01F3, 0x01D6, 0x01B7, 0x0196, 0x0173, 0x014E, 0x0126, 0x00FC, 0x00CF, 0x009F, 0x006C, 0x0036,
    0xFFFD, 0xFFBF, 0xFF7E, 0xFF39, 0xFEF0, 0xFEA3, 0xFE51, 0xFDFB, 0xFDA0, 0xFD3F, 0xFCDA, 0xFC50, 0xFB89, 0xFA96, 0xF985, 0xF868,
    0xF74C, 0xF642, 0xF558, 0xF49F, 0xF426, 0xF3FC, 0xF403, 0xF410, 0xF425, 0xF440, 0xF462, 0xF489, 0xF4B6, 0xF4E8, 0xF51F, 0xF55B,
    0xF59A, 0xF5DE, 0xF625, 0xF66F, 0xF6BC, 0xF70B, 0xF75C, 0xF7B0, 0xF804, 0xF85A, 0xF8B0, 0xF907, 0xF95E, 0xF9B4, 0xFA0A, 0xFA5F,
    0xFAB2, 0xFB04, 0xFB54, 0xFBA1, 0xFBEC, 0xFC33, 0xFE9F, 0xFEDB, 0xFF1E, 0xFF67, 0xFFB7, 0x000A, 0x0064, 0x00C2, 0x0124, 0x0188,
    0x01EF, 0x0257, 0x02C0, 0x032A, 0x0393, 0x03FC, 0x0463, 0x04C8, 0x052A, 0x0588, 0x05E2, 0x0638, 0x0689, 0x06D3, 0x0718, 0x075A,
    0x0796, 0x07CC, 0x07FA, 0x081E, 0x0839, 0x0849, 0x084B, 0x0840, 0x0826, 0x0803, 0x07DE, 0x07B7, 0x078E, 0x0763, 0x0737, 0x0709,
    0x06D9, 0x06A9, 0x0676, 0x0643, 0x060F, 0x05D9, 0x05A2, 0x056B, 0x0533, 0x04FA, 0x04C1, 0x0487, 0x044D, 0x0412, 0x03D8, 0x039D,
    0x0362, 0x0327, 0x02ED, 0x02B2, 0x0278, 0x023F, 0x0206, 0x01CD, 0x0195, 0xFFEF, 0xFFEE, 0xFFED, 0xFFEC, 0xFFEB, 0xFFEA, 0xFFE9,
    0xFFE8, 0xFFE7, 0xFFE6, 0xFFE5, 0xFFE5, 0xFFE4, 0xFFE4, 0xFFE4, 0xFFE4, 0xFFE4, 0xFFE4, 0xFFE4, 0xFFE4, 0xFFE5, 0xFFE6, 0xFFE6,
    0xFFE8, 0xFFE9, 0xFFEA, 0xFFEC, 0xFFEE, 0xFFF0, 0xFFF2, 0xFFF4, 0xFFF7, 0xFFFA, 0xFFFD, 0x0000, 0x0004, 0x000A, 0x0012, 0x001B,
    0x0025, 0x0031, 0x003D, 0x004B, 0x0059, 0x0068, 0x0078, 0x0088, 0x0099, 0x00A9, 0x00BA, 0x00CB, 0x00DB, 0x00EB, 0x00FB, 0x010A,
    0x0119, 0x0127, 0x0134, 0x0140, 0x014A, 0x0154, 0x015C, 0x0162, 0x0167, 0x016A, 0x016B, 0x016B, 0xFD5B, 0xFD33, 0xFD0C, 0xFCE6,
    0xFCBF, 0xFC9A, 0xFC75, 0xFC51, 0xFC2E, 0xFC0C, 0xFBEC, 0xFBCD, 0xFBAF, 0xFB93, 0xFB78, 0xFB5F, 0xFB49, 0xFB34, 0xFB22, 0xFB12,
    0xFB04, 0xFAF9, 0xFAF0, 0xFAEA, 0xFAE8, 0xFAE8, 0xFAEB, 0xFAF2, 0xFAFC, 0xFB09, 0xFB1A, 0xFB2F, 0xFB48, 0xFB64, 0xFB85, 0xFBAD,
    0xFBDF, 0xFC1B, 0xFC60, 0xFCAD, 0xFD02, 0xFD5F, 0xFDC3, 0xFE2E, 0xFE9E, 0xFF15, 0xFF90, 0x000F, 0x0093, 0x011B, 0x01A6, 0x0233,
    0x02C3, 0x0354, 0x03E6, 0x047A, 0x050D, 0x05A0, 0x0632, 0x06C3, 0x0752, 0x07DF, 0x0869, 0x08EF, 0x0972, 0x09F1, 0x0A6B, 0x01FC,
    0x027B, 0x02FC, 0x037D, 0x0400, 0x0484, 0x0508, 0x058C, 0x0610, 0x0694, 0x0716, 0x0798, 0x0818, 0x0897, 0x0914, 0x098E, 0x0A06,
    0x0A7B, 0x0AED, 0x0B5C, 0x0BC7, 0x0C2D, 0x0C90, 0x0CEE, 0x0D47, 0x0D9A, 0x0DE9, 0x0E31, 0x0E73, 0x0EAF, 0x0EE5, 0x0F13, 0x0F3A,
    0x0F59, 0x0F71, 0x0F7F, 0x0F85, 0x0F81, 0x0F74, 0x0F5F, 0x0F42, 0x0F1D, 0x0EF0, 0x0EBC, 0x0E81, 0x0E3F, 0x0DF6, 0x0DA8, 0x0D53,
    0x0CF9, 0x0C9A, 0x0C36, 0x0BCD, 0x0B5F, 0x0AEE, 0x0A78, 0x09FF, 0x0983, 0x0904, 0x0882, 0x07FE, 0x0778, 0x06EF, 0x0666, 0x05DB,
    0x054F, 0x04C3, 0x4072, 0x4071, 0x4070, 0x406F, 0x406E, 0x406E, 0x406D, 0x406C, 0x406C, 0x406C, 0x406B, 0x406B, 0x406B, 0x406B,
    0x406B, 0x406B, 0x406B, 0x406B, 0x406B, 0x406C, 0x406C, 0x406C, 0x406D, 0x406D, 0x406E, 0x406E, 0x406F, 0x4070, 0x4070, 0x4071,
    0x4072, 0x4073, 0x4074, 0x4075, 0x4076, 0x4076, 0x4077, 0x4078, 0x407A, 0x407B, 0x407C, 0x407D, 0x407E, 0x407F, 0x4080, 0x4081,
    0x4082, 0x4084, 0x4085, 0x4086, 0x4087, 0x4088, 0x4089, 0x408B, 0x408C, 0x408D, 0x408E, 0x408F, 0x4090, 0x4091, 0x4092, 0x4093,
    0x4094, 0x4095, 0x4096, 0x4097, 0x4098,
};

static const u16 anim_83_indices[] = {
    0x0001, 0x0000, 0x003B, 0x0001, 0x003B, 0x003C, 0x0001, 0x0000, 0x0001, 0x0077, 0x0001, 0x0000, 0x0001, 0x0000, 0x0001, 0x0000,
    0x003B, 0x0904, 0x003B, 0x0853, 0x003B, 0x088E, 0x003B, 0x08C9, 0x003B, 0x07A2, 0x003B, 0x07DD, 0x003B, 0x0818, 0x0001, 0x079E,
    0x0001, 0x079F, 0x0001, 0x07A0, 0x003B, 0x0164, 0x003B, 0x019F, 0x003B, 0x01DA, 0x0001, 0x0000, 0x0001, 0x0000, 0x003B, 0x0129,
    0x003B, 0x0078, 0x003B, 0x00B3, 0x003B, 0x00EE, 0x003B, 0x06EC, 0x003B, 0x0727, 0x003B, 0x0762, 0x003B, 0x0301, 0x003B, 0x033C,
    0x003B, 0x0377, 0x0001, 0x0000, 0x0001, 0x0000, 0x003B, 0x02C6, 0x003B, 0x0215, 0x003B, 0x0250, 0x003B, 0x028B, 0x0001, 0x0000,
    0x0001, 0x0000, 0x0001, 0x079D, 0x003B, 0x063B, 0x003B, 0x0676, 0x003B, 0x06B1, 0x0001, 0x0000, 0x0001, 0x0000, 0x003B, 0x0600,
    0x003B, 0x054F, 0x003B, 0x058A, 0x003B, 0x05C5, 0x0001, 0x0000, 0x0001, 0x0000, 0x0001, 0x07A1, 0x003B, 0x049E, 0x003B, 0x04D9,
    0x003B, 0x0514, 0x0001, 0x0000, 0x0001, 0x0000, 0x003B, 0x0463, 0x003B, 0x03B2, 0x003B, 0x03ED, 0x003B, 0x0428,
};

static const s16 anim_83_values[] = {
    0x0000, 0x00B1, 0x00B1, 0x00B1, 0x00B1, 0x00B1, 0x00B1, 0x00B1, 0x00B1, 0x00B1, 0x00B1, 0x00B1, 0x00B1, 0x00B1, 0x00B1, 0x00B1,
    0x00B1, 0x00B1, 0x00B1, 0x00B1, 0x00B1, 0x00B1, 0x00B1, 0x00B1, 0x00B1, 0x00B1, 0x00B1, 0x00B1, 0x00B1, 0x00B1, 0x00B1, 0x00B0,
    0x00B0, 0x00B0, 0x00B0, 0x00B0, 0x00B0, 0x00B0, 0x00B0, 0x00AF, 0x00AF, 0x00AF, 0x00AF, 0x00AF, 0x00AF, 0x00AF, 0x00AE, 0x00AE,
    0x00AE, 0x00AE, 0x00AE, 0x00AD, 0x00AD, 0x00AD, 0x00AD, 0x00AC, 0x00AC, 0x00AC, 0x00AC, 0x00AB, 0x0005, 0x0005, 0x0005, 0x0005,
    0x0005, 0x0005, 0x0005, 0x0005, 0x0005, 0x0005, 0x0005, 0x0005, 0x0005, 0x0005, 0x0005, 0x0005, 0x0005, 0x0005, 0x0005, 0x0005,
    0x0005, 0x0005, 0x0005, 0x0005, 0x0005, 0x0005, 0x0005, 0x0005, 0x0005, 0x0004, 0x0004, 0x0004, 0x0004, 0x0004, 0x0004, 0x0004,
    0x0004, 0x0003, 0x0003, 0x0003, 0x0003, 0x0003, 0x0003, 0x0002, 0x0002, 0x0002, 0x0002, 0x0001, 0x0001, 0x0001, 0x0001, 0x0000,
    0x0000, 0x0000, 0x0000, 0x0000, 0x0000, 0xFFFF, 0xFFFF, 0x3FFF, 0xFE95, 0xFE81, 0xFE6E, 0xFE5E, 0xFE50, 0xFE45, 0xFE3E, 0xFE3A,
    0xFE38, 0xFE38, 0xFE3A, 0xFE3D, 0xFE41, 0xFE45, 0xFE49, 0xFE4D, 0xFE4F, 0xFE50, 0xFE50, 0xFE50, 0xFE50, 0xFE50, 0xFE50, 0xFE50,
    0xFE50, 0xFE50, 0xFE50, 0xFE50, 0xFE50, 0xFE50, 0xFE50, 0xFE50, 0xFE50, 0xFE50, 0xFE50, 0xFE50, 0xFE50, 0xFE50, 0xFE50, 0xFE50,
    0xFE50, 0xFE50, 0xFE50, 0xFE50, 0xFE50, 0xFE50, 0xFE50, 0xFE50, 0xFE50, 0xFE50, 0xFE50, 0xFE50, 0xFE50, 0xFE50, 0xFE50, 0xFE50,
    0xFE50, 0xFE50, 0xFE50, 0xF9AB, 0xF9AE, 0xF9B0, 0xF9B2, 0xF9B4, 0xF9B6, 0xF9B7, 0xF9B7, 0xF9B7, 0xF9B7, 0xF9B7, 0xF9B7, 0xF9B6,
    0xF9B6, 0xF9B5, 0xF9B5, 0xF9B4, 0xF9B4, 0xF9B4, 0xF9B4, 0xF9B4, 0xF9B4, 0xF9B4, 0xF9B4, 0xF9B4, 0xF9B4, 0xF9B4, 0xF9B4, 0xF9B4,
    0xF9B4, 0xF9B4, 0xF9B4, 0xF9B4, 0xF9B4, 0xF9B4, 0xF9B4, 0xF9B4, 0xF9B4, 0xF9B4, 0xF9B4, 0xF9B4, 0xF9B4, 0xF9B4, 0xF9B4, 0xF9B4,
    0xF9B4, 0xF9B4, 0xF9B4, 0xF9B4, 0xF9B4, 0xF9B4, 0xF9B4, 0xF9B4, 0xF9B4, 0xF9B4, 0xF9B4, 0xF9B4, 0xF9B4, 0xF9B4, 0xF690, 0xF710,
    0xF785, 0xF7EC, 0xF845, 0xF889, 0xF8B8, 0xF8D4, 0xF8DF, 0xF8DD, 0xF8D1, 0xF8BD, 0xF8A4, 0xF889, 0xF870, 0xF85A, 0xF84B, 0xF845,
    0xF845, 0xF845, 0xF845, 0xF845, 0xF845, 0xF845, 0xF845, 0xF845, 0xF845, 0xF845, 0xF845, 0xF845, 0xF845, 0xF845, 0xF845, 0xF845,
    0xF845, 0xF845, 0xF845, 0xF845, 0xF845, 0xF845, 0xF845, 0xF845, 0xF845, 0xF845, 0xF845, 0xF845, 0xF845, 0xF845, 0xF845, 0xF845,
    0xF845, 0xF845, 0xF845, 0xF845, 0xF845, 0xF845, 0xF845, 0xF845, 0xF845, 0x0000, 0x0000, 0x0000, 0x0000, 0x0000, 0x0000, 0x0000,
    0x0000, 0x0000, 0x0000, 0x0000, 0x0000, 0x0000, 0x0000, 0x0000, 0x0000, 0x0000, 0x0000, 0x0000, 0x0000, 0x0000, 0x0000, 0x0000,
    0x0000, 0x0000, 0x0000, 0x0000, 0x0000, 0x0000, 0x0000, 0x0000, 0x0000, 0x0000, 0x0000, 0x0000, 0x0000, 0x0000, 0x0000, 0x0000,
    0x0000, 0x0000, 0x0000, 0x0000, 0x0000, 0xFE83, 0xFCCD, 0xFB04, 0xF92B, 0xF748, 0xF55F, 0xF374, 0xF18C, 0xEFAC, 0xEDD7, 0xEC12,
    0xEA62, 0xE8CC, 0xE752, 0xE5FB, 0x655D, 0x6B33, 0x707E, 0x752A, 0x7921, 0x7C1B, 0x7DF9, 0x7EE2, 0x7EFE, 0x7E74, 0x7D6E, 0x7C12,
    0x7A88, 0x78F9, 0x778B, 0x7668, 0x75B7, 0x759F, 0x75EB, 0x7648, 0x76B5, 0x7731, 0x77B9, 0x784C, 0x78E9, 0x798E, 0x7A39, 0x7AE9,
    0x7B9D, 0x7C52, 0x7D08, 0x7DBC, 0x7E6D, 0x7F1A, 0x7FC1, 0x8060, 0x80F6, 0x8181, 0x8200, 0x8273, 0x82DD, 0x833F, 0x839A, 0x83EF,
    0x843F, 0x848B, 0x84D4, 0x851C, 0x8562, 0x85AA, 0x85F2, 0x863D, 0x868C, 0x86DF, 0x8738, 0x8798, 0x87FF, 0x8870, 0x88EA, 0xE68A,
    0xE775, 0xE83C, 0xE8DB, 0xE94E, 0xE976, 0xE940, 0xE8BB, 0xE7F5, 0xE6FE, 0xE5E3, 0xE4B3, 0xE37C, 0xE24E, 0xE137, 0xE045, 0xDF86,
    0xDF0B, 0xDECB, 0xDEB4, 0xDEC1, 0xDEEB, 0xDF2C, 0xDF80, 0xDFE1, 0xE048, 0xE0B0, 0xE114, 0xE16D, 0xE1B7, 0xE1EB, 0xE203, 0xE1FB,
    0xE1CD, 0xE172, 0xE0E5, 0xE020, 0xDF1F, 0xDDDA, 0xDC42, 0xDA51, 0xD810, 0xD589, 0xD2C4, 0xCFCC, 0xCCA9, 0xC964, 0xC608, 0xC29D,
    0xBF2D, 0xBBC1, 0xB863, 0xB51B, 0xB1F3, 0xAEF5, 0xAC29, 0xA999, 0xA74F, 0xA553, 0x516E, 0x4A3F, 0x43BE, 0x3E04, 0x392B, 0x3590,
    0x335E, 0x3261, 0x3267, 0x333D, 0x34B0, 0x368C, 0x389F, 0x3AB5, 0x3C9B, 0x3E1E, 0x3F0C, 0x3F31, 0x3ECE, 0x3E47, 0x3DA2, 0x3CE0,
    0x3C08, 0x3B1C, 0x3A20, 0x3918, 0x3808, 0x36F5, 0x35E1, 0x34D1, 0x33C9, 0x32CC, 0x31DF, 0x3105, 0x3042, 0x2F9B, 0x2F12, 0x2EAD,
    0x2E6E, 0x2E59, 0x2E6A, 0x2E9F, 0x2EF2, 0x2F60, 0x2FE5, 0x307E, 0x3126, 0x31DA, 0x3295, 0x3354, 0x3414, 0x34CF, 0x3582, 0x362A,
    0x36C2, 0x3747, 0x37B4, 0x3807, 0x383A, 0x3EE1, 0x4118, 0x4332, 0x452D, 0x4705, 0x48A3, 0x49F8, 0x4B0B, 0x4BE3, 0x4C8A, 0x4D07,
    0x4D60, 0x4D9F, 0x4DCB, 0x4DEC, 0x4E0A, 0x4E2C, 0x4E5A, 0x4E9E, 0x4EF9, 0x4F67, 0x4FE3, 0x5067, 0x50F0, 0x5178, 0x51FB, 0x5274,
    0x52DF, 0x5336, 0x5374, 0x5396, 0x5396, 0x5370, 0x531E, 0x529D, 0x51E7, 0x50F8, 0x4FCA, 0x4E5A, 0x4C96, 0x4A75, 0x4802, 0x4544,
    0x4244, 0x3F0D, 0x3BA5, 0x3817, 0x346A, 0x30A9, 0x2CDC, 0x290B, 0x2540, 0x2184, 0x1DDF, 0x1A5A, 0x16FF, 0x13D5, 0x10E7, 0x0E3C,
    0xFF61, 0xFF98, 0xFFD7, 0x001F, 0x0072, 0x00F5, 0x01C4, 0x02D2, 0x0411, 0x0574, 0x06ED, 0x086E, 0x09EB, 0x0B55, 0x0C9E, 0x0DBA,
    0x0E9A, 0x0F32, 0x0F99, 0x0FF2, 0x103D, 0x107B, 0x10AC, 0x10D2, 0x10EC, 0x10FC, 0x1102, 0x10FF, 0x10F3, 0x10DF, 0x10C4, 0x10A2,
    0x107B, 0x104E, 0x101C, 0x0FE6, 0x0FAC, 0x0F70, 0x0F32, 0x0EEB, 0x0E96, 0x0E33, 0x0DC5, 0x0D4D, 0x0CCC, 0x0C44, 0x0BB5, 0x0B22,
    0x0A8B, 0x09F3, 0x095A, 0x08C2, 0x082C, 0x079A, 0x070D, 0x0686, 0x0607, 0x0592, 0x0527, 0xF938, 0xF949, 0xF954, 0xF95C, 0xF95D,
    0xF94D, 0xF920, 0xF8DB, 0xF883, 0xF81C, 0xF7AD, 0xF738, 0xF6C4, 0xF654, 0xF5EE, 0xF596, 0xF551, 0xF524, 0xF506, 0xF4EB, 0xF4D3,
    0xF4BE, 0xF4AD, 0xF49E, 0xF492, 0xF48A, 0xF484, 0xF481, 0xF482, 0xF485, 0xF48B, 0xF494, 0xF4A0, 0xF4AF, 0xF4C1, 0xF4D5, 0xF4ED,
    0xF507, 0xF524, 0xF546, 0xF570, 0xF59F, 0xF5D4, 0xF60E, 0xF64D, 0xF68F, 0xF6D4, 0xF71B, 0xF764, 0xF7AD, 0xF7F7, 0xF841, 0xF889,
    0xF8D0, 0xF914, 0xF955, 0xF992, 0xF9CB, 0xF9FF, 0xBDC1, 0xBDF2, 0xBE55, 0xBEEC, 0xBFB7, 0xC0D4, 0xC253, 0xC422, 0xC62E, 0xC864,
    0xCAB3, 0xCD06, 0xCF4D, 0xD173, 0xD367, 0xD516, 0xD66C, 0xD759, 0xD7F3, 0xD860, 0xD8A7, 0xD8CB, 0xD8D0, 0xD8BB, 0xD891, 0xD857,
    0xD810, 0xD7C1, 0xD76E, 0xD71D, 0xD6D1, 0xD690, 0xD65D, 0xD63D, 0xD634, 0xD648, 0xD67D, 0xD6D6, 0xD759, 0xD805, 0xD8D4, 0xD9C2,
    0xDACD, 0xDBF0, 0xDD29, 0xDE75, 0xDFCE, 0xE134, 0xE2A1, 0xE413, 0xE586, 0xE6F7, 0xE862, 0xE9C5, 0xEB1B, 0xEC61, 0xED95, 0xEEB2,
    0xEFB6, 0x136C, 0x13E2, 0x144A, 0x149E, 0x14D8, 0x1503, 0x152D, 0x1555, 0x1578, 0x1596, 0x15AB, 0x15B7, 0x15B8, 0x15AC, 0x1592,
    0x1567, 0x1529, 0x14D8, 0x1471, 0x13F5, 0x1366, 0x12C6, 0x121A, 0x1163, 0x10A3, 0x0FDE, 0x0F16, 0x0E4E, 0x0D89, 0x0CC9, 0x0C10,
    0x0B62, 0x0AC1, 0x0A30, 0x09B1, 0x0947, 0x08F4, 0x08BC, 0x08A1, 0x08A3, 0x08BE, 0x08F1, 0x0939, 0x0994, 0x0A00, 0x0A7C, 0x0B04,
    0x0B98, 0x0C34, 0x0CD8, 0x0D80, 0x0E2A, 0x0ED6, 0x0F80, 0x1026, 0x10C7, 0x1160, 0x11EF, 0x1272, 0x24F2, 0x2676, 0x27CC, 0x28E6,
    0x29B9, 0x2A49, 0x2AA8, 0x2ADD, 0x2AEF, 0x2AE4, 0x2AC4, 0x2A95, 0x2A5D, 0x2A24, 0x29F1, 0x29C9, 0x29B4, 0x29B9, 0x29D9, 0x2A0F,
    0x2A58, 0x2AB0, 0x2B14, 0x2B80, 0x2BF1, 0x2C63, 0x2CD2, 0x2D3C, 0x2D9C, 0x2DF0, 0x2E33, 0x2E62, 0x2E7A, 0x2E77, 0x2E56, 0x2E13,
    0x2DAA, 0x2D19, 0x2C5B, 0x2B63, 0x2A2A, 0x28B7, 0x2711, 0x253F, 0x2348, 0x2132, 0x1F04, 0x1CC6, 0x1A7E, 0x1834, 0x15ED, 0x13B1,
    0x1187, 0x0F75, 0x0D83, 0x0BB7, 0x0A19, 0x08AF, 0x0780, 0xC2B5, 0xBFA7, 0xBCF5, 0xBAB9, 0xB90E, 0xB7EF, 0xB73A, 0xB6E0, 0xB6D1,
    0xB6FC, 0xB751, 0xB7C1, 0xB83C, 0xB8B1, 0xB910, 0xB94A, 0xB94F, 0xB90E, 0xB893, 0xB7F5, 0xB73A, 0xB665, 0xB57C, 0xB484, 0xB381,
    0xB277, 0xB16C, 0xB064, 0xAF64, 0xAE70, 0xAD8E, 0xACC1, 0xAC0E, 0xAB7B, 0xAB0B, 0xAAC4, 0xAAAA, 0xAAC2, 0xAB11, 0xAB98, 0xAC55,
    0xAD42, 0xAE5C, 0xAF9E, 0xB104, 0xB288, 0xB427, 0xB5DC, 0xB7A3, 0xB977, 0xBB53, 0xBD34, 0xBF14, 0xC0F0, 0xC2C3, 0xC488, 0xC63B,
    0xC7D7, 0xC959, 0xFFD3, 0xFFD3, 0xFFD4, 0xFFD5, 0xFFD6, 0xFFD7, 0xFFD8, 0xFFD8, 0xFFD9, 0xFFDA, 0xFFDB, 0xFFDC, 0xFFDD, 0xFFDE,
    0xFFDF, 0xFFE0, 0xFFE0, 0xFFE1, 0xFFE2, 0xFFE3, 0xFFE4, 0xFFE5, 0xFFE6, 0xFFE7, 0xFFE8, 0xFFE8, 0xFFE9, 0xFFEA, 0xFFEB, 0xFFEC,
    0xFFED, 0xFFEE, 0xFFEF, 0xFFEF, 0xFFF0, 0xFFF1, 0xFFF2, 0xFFF3, 0xFFF4, 0xFFF4, 0xFFF5, 0xFFF6, 0xFFF7, 0xFFF7, 0xFFF8, 0xFFF9,
    0xFFF9, 0xFFFA, 0xFFFB, 0xFFFB, 0xFFFC, 0xFFFD, 0xFFFD, 0xFFFE, 0xFFFE, 0xFFFF, 0xFFFF, 0x0000, 0x0000, 0xFF2E, 0xFF2E, 0xFF2E,
    0xFF2E, 0xFF2E, 0xFF2E, 0xFF2E, 0xFF2E, 0xFF2E, 0xFF2E, 0xFF2E, 0xFF2E, 0xFF2E, 0xFF2E, 0xFF2E, 0xFF2E, 0xFF2E, 0xFF2E, 0xFF2E,
    0xFF2E, 0xFF2E, 0xFF2E, 0xFF2E, 0xFF2E, 0xFF2E, 0xFF2E, 0xFF2E, 0xFF2E, 0xFF2E, 0xFF2F, 0xFF2F, 0xFF2F, 0xFF2F, 0xFF2F, 0xFF2F,
    0xFF2F, 0xFF2F, 0xFF2F, 0xFF2F, 0xFF2F, 0xFF2F, 0xFF2F, 0xFF2F, 0xFF2F, 0xFF2F, 0xFF2F, 0xFF2F, 0xFF2F, 0xFF2F, 0xFF2F, 0xFF2F,
    0xFF2F, 0xFF2F, 0xFF30, 0xFF30, 0xFF30, 0xFF30, 0xFF30, 0xFF30, 0xCBAB, 0xCBAC, 0xCBAE, 0xCBAF, 0xCBB0, 0xCBB1, 0xCBB2, 0xCBB2,
    0xCBB2, 0xCBB2, 0xCBB1, 0xCBB1, 0xCBB0, 0xCBAE, 0xCBAC, 0xCBAB, 0xCBA8, 0xCBA6, 0xCBA3, 0xCB9F, 0xCB9C, 0xCB98, 0xCB94, 0xCB8F,
    0xCB8A, 0xCB85, 0xCB7F, 0xCB79, 0xCB73, 0xCB6C, 0xCB65, 0xCB5D, 0xCB56, 0xCB4D, 0xCB44, 0xCB3B, 0xCB32, 0xCB28, 0xCB1D, 0xCB13,
    0xCB07, 0xCAFC, 0xCAF0, 0xCAE3, 0xCAD6, 0xCAC8, 0xCABA, 0xCAAC, 0xCA9D, 0xCA8E, 0xCA7E, 0xCA6D, 0xCA5D, 0xCA4B, 0xCA39, 0xCA27,
    0xCA14, 0xCA01, 0xC9ED, 0x18C7, 0x18C1, 0x18BB, 0x18B5, 0x18B1, 0x18AD, 0x18AA, 0x18A8, 0x18A7, 0x18A6, 0x18A7, 0x18A8, 0x18AA,
    0x18AD, 0x18B1, 0x18B6, 0x18BC, 0x18C3, 0x18CB, 0x18D4, 0x18DE, 0x18EA, 0x18F6, 0x1903, 0x1911, 0x1921, 0x1931, 0x1943, 0x1956,
    0x196A, 0x1980, 0x1996, 0x19AE, 0x19C7, 0x19E2, 0x19FE, 0x1A1B, 0x1A39, 0x1A59, 0x1A7A, 0x1A9C, 0x1AC0, 0x1AE5, 0x1B0C, 0x1B34,
    0x1B5E, 0x1B89, 0x1BB6, 0x1BE4, 0x1C14, 0x1C45, 0x1C78, 0x1CAC, 0x1CE2, 0x1D1A, 0x1D53, 0x1D8E, 0x1DCB, 0x1E09, 0x1D7D, 0x1D80,
    0x1D83, 0x1D86, 0x1D88, 0x1D8A, 0x1D8B, 0x1D8C, 0x1D8D, 0x1D8D, 0x1D8D, 0x1D8D, 0x1D8C, 0x1D8B, 0x1D89, 0x1D87, 0x1D85, 0x1D82,
    0x1D7E, 0x1D7A, 0x1D76, 0x1D71, 0x1D6C, 0x1D66, 0x1D5F, 0x1D59, 0x1D51, 0x1D49, 0x1D41, 0x1D38, 0x1D2F, 0x1D24, 0x1D1A, 0x1D0F,
    0x1D03, 0x1CF7, 0x1CEA, 0x1CDC, 0x1CCE, 0x1CBF, 0x1CB0, 0x1CA0, 0x1C8F, 0x1C7D, 0x1C6B, 0x1C59, 0x1C45, 0x1C31, 0x1C1D, 0x1C07,
    0x1BF1, 0x1BDA, 0x1BC3, 0x1BAA, 0x1B91, 0x1B78, 0x1B5D, 0x1B42, 0x1B26, 0x112F, 0x112F, 0x112F, 0x1130, 0x1130, 0x1130, 0x1131,
    0x1131, 0x1132, 0x1132, 0x1132, 0x1133, 0x1133, 0x1134, 0x1134, 0x1134, 0x1135, 0x1135, 0x1136, 0x1136, 0x1136, 0x1137, 0x1137,
    0x1138, 0x1138, 0x1139, 0x1139, 0x1139, 0x113A, 0x113A, 0x113B, 0x113B, 0x113B, 0x113C, 0x113C, 0x113D, 0x113D, 0x113D, 0x113E,
    0x113E, 0x113E, 0x113F, 0x113F, 0x1140, 0x1140, 0x1140, 0x1141, 0x1141, 0x1141, 0x1142, 0x1142, 0x1142, 0x1142, 0x1143, 0x1143,
    0x1143, 0x1144, 0x1144, 0x1144, 0xB0A3, 0xB0A9, 0xB0AE, 0xB0B2, 0xB0B6, 0xB0B9, 0xB0BB, 0xB0BD, 0xB0BE, 0xB0BF, 0xB0BF, 0xB0BE,
    0xB0BC, 0xB0BA, 0xB0B7, 0xB0B3, 0xB0AE, 0xB0A9, 0xB0A2, 0xB09B, 0xB093, 0xB08B, 0xB081, 0xB077, 0xB06B, 0xB05F, 0xB052, 0xB044,
    0xB035, 0xB025, 0xB014, 0xB002, 0xAFEF, 0xAFDB, 0xAFC6, 0xAFB0, 0xAF99, 0xAF81, 0xAF68, 0xAF4D, 0xAF32, 0xAF15, 0xAEF8, 0xAED9,
    0xAEB9, 0xAE98, 0xAE75, 0xAE52, 0xAE2D, 0xAE07, 0xADE0, 0xADB7, 0xAD8D, 0xAD62, 0xAD36, 0xAD08, 0xACD9, 0xACA9, 0xAC77, 0xFCCC,
    0xFCD4, 0xFCDD, 0xFCE6, 0xFCF0, 0xFCFA, 0xFD04, 0xFD0F, 0xFD1A, 0xFD26, 0xFD32, 0xFD3F, 0xFD4B, 0xFD58, 0xFD66, 0xFD74, 0xFD82,
    0xFD90, 0xFD9E, 0xFDAD, 0xFDBC, 0xFDCB, 0xFDDA, 0xFDEA, 0xFDF9, 0xFE09, 0xFE19, 0xFE29, 0xFE39, 0xFE49, 0xFE59, 0xFE69, 0xFE7A,
    0xFE8A, 0xFE9A, 0xFEAA, 0xFEBB, 0xFECB, 0xFEDB, 0xFEEB, 0xFEFB, 0xFF0A, 0xFF1A, 0xFF29, 0xFF39, 0xFF48, 0xFF57, 0xFF66, 0xFF74,
    0xFF82, 0xFF90, 0xFF9E, 0xFFAC, 0xFFB9, 0xFFC6, 0xFFD2, 0xFFDE, 0xFFEA, 0xFFF5, 0x01A6, 0x01A2, 0x019D, 0x0199, 0x0194, 0x018F,
    0x0189, 0x0183, 0x017E, 0x0178, 0x0171, 0x016B, 0x0164, 0x015E, 0x0157, 0x0150, 0x0149, 0x0141, 0x013A, 0x0132, 0x012B, 0x0123,
    0x011B, 0x0113, 0x010B, 0x0103, 0x00FB, 0x00F2, 0x00EA, 0x00E2, 0x00D9, 0x00D1, 0x00C9, 0x00C0, 0x00B8, 0x00B0, 0x00A7, 0x009F,
    0x0097, 0x008F, 0x0086, 0x007E, 0x0076, 0x006E, 0x0066, 0x005F, 0x0057, 0x004F, 0x0048, 0x0040, 0x0039, 0x0032, 0x002B, 0x0024,
    0x001E, 0x0017, 0x0011, 0x000B, 0x0005, 0xC24F, 0xC248, 0xC23F, 0xC237, 0xC22D, 0xC224, 0xC21A, 0xC20F, 0xC204, 0xC1F9, 0xC1EE,
    0xC1E2, 0xC1D6, 0xC1C9, 0xC1BC, 0xC1AF, 0xC1A2, 0xC194, 0xC187, 0xC179, 0xC16A, 0xC15C, 0xC14D, 0xC13F, 0xC130, 0xC121, 0xC112,
    0xC102, 0xC0F3, 0xC0E4, 0xC0D4, 0xC0C5, 0xC0B5, 0xC0A6, 0xC096, 0xC087, 0xC077, 0xC068, 0xC059, 0xC049, 0xC03A, 0xC02B, 0xC01C,
    0xC00D, 0xBFFF, 0xBFF0, 0xBFE2, 0xBFD4, 0xBFC6, 0xBFB9, 0xBFAB, 0xBF9E, 0xBF91, 0xBF85, 0xBF78, 0xBF6D, 0xBF61, 0xBF56, 0xBF4B,
    0x20C2, 0x20BC, 0x20B8, 0x20B4, 0x20B0, 0x20AD, 0x20AB, 0x20AA, 0x20A9, 0x20A8, 0x20A9, 0x20AA, 0x20AC, 0x20AF, 0x20B2, 0x20B6,
    0x20BB, 0x20C1, 0x20C8, 0x20CF, 0x20D7, 0x20E0, 0x20EA, 0x20F5, 0x2101, 0x210E, 0x211B, 0x212A, 0x2139, 0x2149, 0x215B, 0x216D,
    0x2180, 0x2195, 0x21AA, 0x21C0, 0x21D8, 0x21F0, 0x220A, 0x2225, 0x2241, 0x225E, 0x227C, 0x229B, 0x22BB, 0x22DD, 0x2300, 0x2324,
    0x2349, 0x236F, 0x2397, 0x23C0, 0x23EA, 0x2416, 0x2443, 0x2471, 0x24A0, 0x24D1, 0x2503, 0xD1FB, 0xD1F6, 0xD1F0, 0xD1EC, 0xD1E8,
    0xD1E4, 0xD1E2, 0xD1E0, 0xD1DE, 0xD1DD, 0xD1DD, 0xD1DE, 0xD1DF, 0xD1E1, 0xD1E4, 0xD1E7, 0xD1EC, 0xD1F1, 0xD1F7, 0xD1FE, 0xD205,
    0xD20E, 0xD217, 0xD221, 0xD22C, 0xD238, 0xD245, 0xD253, 0xD261, 0xD271, 0xD282, 0xD293, 0xD2A6, 0xD2B9, 0xD2CE, 0xD2E4, 0xD2FB,
    0xD312, 0xD32B, 0xD345, 0xD360, 0xD37D, 0xD39A, 0xD3B9, 0xD3D8, 0xD3F9, 0xD41B, 0xD43F, 0xD463, 0xD489, 0xD4B0, 0xD4D8, 0xD502,
    0xD52D, 0xD559, 0xD587, 0xD5B5, 0xD5E6, 0xD617, 0xEC00, 0xEBFF, 0xEBFD, 0xEBFC, 0xEBFB, 0xEBFA, 0xEBF9, 0xEBF8, 0xEBF7, 0xEBF6,
    0xEBF6, 0xEBF5, 0xEBF4, 0xEBF4, 0xEBF3, 0xEBF3, 0xEBF2, 0xEBF2, 0xEBF2, 0xEBF2, 0xEBF2, 0xEBF2, 0xEBF2, 0xEBF2, 0xEBF2, 0xEBF3,
    0xEBF3, 0xEBF4, 0xEBF4, 0xEBF5, 0xEBF6, 0xEBF7, 0xEBF8, 0xEBF9, 0xEBFA, 0xEBFC, 0xEBFD, 0xEBFF, 0xEC00, 0xEC02, 0xEC04, 0xEC06,
    0xEC08, 0xEC0A, 0xEC0D, 0xEC0F, 0xEC12, 0xEC15, 0xEC18, 0xEC1B, 0xEC1E, 0xEC21, 0xEC25, 0xEC28, 0xEC2C, 0xEC30, 0xEC34, 0xEC38,
    0xEC3C, 0xBB6B, 0xBB72, 0xBB79, 0xBB7F, 0xBB84, 0xBB89, 0xBB8C, 0xBB8F, 0xBB91, 0xBB91, 0xBB91, 0xBB90, 0xBB8E, 0xBB8C, 0xBB88,
    0xBB83, 0xBB7D, 0xBB76, 0xBB6E, 0xBB64, 0xBB5A, 0xBB4F, 0xBB42, 0xBB34, 0xBB25, 0xBB15, 0xBB04, 0xBAF1, 0xBADD, 0xBAC8, 0xBAB2,
    0xBA9A, 0xBA81, 0xBA67, 0xBA4B, 0xBA2E, 0xBA0F, 0xB9EF, 0xB9CD, 0xB9AA, 0xB986, 0xB960, 0xB939, 0xB910, 0xB8E5, 0xB8B9, 0xB88B,
    0xB85C, 0xB82B, 0xB7F8, 0xB7C4, 0xB78E, 0xB756, 0xB71C, 0xB6E1, 0xB6A4, 0xB665, 0xB625, 0xB5E2, 0x816F, 0x813A, 0x811B, 0x8114,
    0x8125, 0x818A, 0x826F, 0x83BF, 0x8563, 0x8746, 0x8952, 0x8B73, 0x8D92, 0x8F9A, 0x9176, 0x930F, 0x9450, 0x9524, 0x95AC, 0x9619,
    0x966E, 0x96AC, 0x96D7, 0x96EE, 0x96F6, 0x96EF, 0x96DC, 0x96BF, 0x9699, 0x966E, 0x963E, 0x960D, 0x95DB, 0x95AC, 0x9580, 0x955B,
    0x953D, 0x952A, 0x9524, 0x9524, 0x9524, 0x9524, 0x9524, 0x9524, 0x9524, 0x9524, 0x9524, 0x9524, 0x9524, 0x9524, 0x9524, 0x9524,
    0x9524, 0x9524, 0x9524, 0x9524, 0x9524, 0x9524, 0x9524, 0x76B7, 0x76DF, 0x76EC, 0x76DB, 0x76AB, 0x7613, 0x74DF, 0x7329, 0x710D,
    0x6EA5, 0x6C0B, 0x695A, 0x66AC, 0x641D, 0x61C6, 0x5FC3, 0x5E2E, 0x5D21, 0x5C74, 0x5BE8, 0x5B7C, 0x5B2C, 0x5AF6, 0x5AD8, 0x5ACE,
    0x5AD7, 0x5AEF, 0x5B14, 0x5B44, 0x5B7C, 0x5BB8, 0x5BF8, 0x5C37, 0x5C74, 0x5CAB, 0x5CDB, 0x5D01, 0x5D19, 0x5D21, 0x5D21, 0x5D21,
    0x5D21, 0x5D21, 0x5D21, 0x5D21, 0x5D21, 0x5D21, 0x5D21, 0x5D21, 0x5D21, 0x5D21, 0x5D21, 0x5D21, 0x5D21, 0x5D21, 0x5D21, 0x5D21,
    0x5D21, 0x5D21, 0x3AF9, 0x3916, 0x3765, 0x35E9, 0x34A6, 0x33F3, 0x3410, 0x34DB, 0x3637, 0x3803, 0x3A1F, 0x3C6D, 0x3ECC, 0x411D,
    0x4341, 0x4517, 0x4681, 0x475E, 0x47DD, 0x4843, 0x4893, 0x48CD, 0x48F5, 0x490B, 0x4912, 0x490C, 0x48FA, 0x48DF, 0x48BC, 0x4893,
    0x4866, 0x4838, 0x4809, 0x47DD, 0x47B4, 0x4791, 0x4776, 0x4764, 0x475E, 0x475E, 0x475E, 0x475E, 0x475E, 0x475E, 0x475E, 0x475E,
    0x475E, 0x475E, 0x475E, 0x475E, 0x475E, 0x475E, 0x475E, 0x475E, 0x475E, 0x475E, 0x475E, 0x475E, 0x475E, 0xBF5F, 0x90BE, 0x7987,
    0x4B8C, 0xBF5F, 0xFED3, 0xFEF9, 0xFF1D, 0xFF3E, 0xFF5C, 0xFF75, 0xFF87, 0xFF92, 0xFF98, 0xFF99, 0xFF97, 0xFF93, 0xFF8D, 0xFF87,
    0xFF81, 0xFF7D, 0xFF7C, 0xFF7E, 0xFF82, 0xFF87, 0xFF8C, 0xFF91, 0xFF97, 0xFF9C, 0xFFA2, 0xFFA8, 0xFFAE, 0xFFB4, 0xFFBA, 0xFFBF,
    0xFFC5, 0xFFCB, 0xFFD0, 0xFFD6, 0xFFDB, 0xFFE0, 0xFFE4, 0xFFE8, 0xFFEC, 0xFFF0, 0xFFF3, 0xFFF6, 0xFFF9, 0xFFFB, 0xFFFE, 0x0000,
    0x0001, 0x0003, 0x0005, 0x0007, 0x0009, 0x000A, 0x000C, 0x000D, 0x000F, 0x0010, 0x0011, 0x0013, 0x0014, 0xFC78, 0xFCB8, 0xFCF4,
    0xFD2C, 0xFD60, 0xFD89, 0xFDA5, 0xFDB5, 0xFDBC, 0xFDBA, 0xFDB2, 0xFDA5, 0xFD95, 0xFD84, 0xFD74, 0xFD66, 0xFD5C, 0xFD58, 0xFD58,
    0xFD57, 0xFD56, 0xFD56, 0xFD55, 0xFD54, 0xFD54, 0xFD53, 0xFD52, 0xFD52, 0xFD51, 0xFD50, 0xFD50, 0xFD4F, 0xFD4F, 0xFD4E, 0xFD4E,
    0xFD4D, 0xFD4D, 0xFD4C, 0xFD4C, 0xFD4C, 0xFD4C, 0xFD4B, 0xFD4B, 0xFD4B, 0xFD4B, 0xFD4B, 0xFD4B, 0xFD4B, 0xFD4B, 0xFD4B, 0xFD4B,
    0xFD4C, 0xFD4C, 0xFD4C, 0xFD4C, 0xFD4C, 0xFD4C, 0xFD4C, 0xFD4C, 0x015E, 0x0128, 0x00F3, 0x00C0, 0x008D, 0x005E, 0x0034, 0x000F,
    0xFFEF, 0xFFCF, 0xFFAF, 0xFF90, 0xFF6E, 0xFF4A, 0xFF21, 0xFEF4, 0xFEBF, 0xFE83, 0xFE41, 0xFDF9, 0xFDAD, 0xFD5E, 0xFD0B, 0xFCB6,
    0xFC5F, 0xFC06, 0xFBAC, 0xFB53, 0xFAF9, 0xFAA0, 0xFA48, 0xF9F2, 0xF99F, 0xF94E, 0xF901, 0xF8B8, 0xF874, 0xF835, 0xF7FB, 0xF7C6,
    0xF795, 0xF768, 0xF73D, 0xF716, 0xF6F1, 0xF6CF, 0xF6AF, 0xF692, 0xF676, 0xF65C, 0xF644, 0xF62C, 0xF616, 0xF601, 0xF5EC, 0xF5D8,
    0xF5C4, 0xF5B0, 0xF59C, 0x0168, 0x0162, 0x015B, 0x0151, 0x0144, 0x012A, 0x00FC, 0x00BB, 0x006D, 0x0013, 0xFFB3, 0xFF4D, 0xFEE7,
    0xFE82, 0xFE24, 0xFDCE, 0xFD85, 0xFD4B, 0xFD1A, 0xFCEA, 0xFCBA, 0xFC8B, 0xFC5E, 0xFC31, 0xFC06, 0xFBDD, 0xFBB6, 0xFB91, 0xFB6E,
    0xFB4D, 0xFB30, 0xFB15, 0xFAFE, 0xFAEA, 0xFAD9, 0xFACC, 0xFAC3, 0xFABF, 0xFABE, 0xFAC3, 0xFACD, 0xFADC, 0xFAF0, 0xFB08, 0xFB24,
    0xFB43, 0xFB66, 0xFB8B, 0xFBB3, 0xFBDD, 0xFC08, 0xFC35, 0xFC63, 0xFC91, 0xFCC0, 0xFCEE, 0xFD1C, 0xFD49, 0xFD75, 0x0ADF, 0x0B4E,
    0x0BB7, 0x0C19, 0x0C73, 0x0CBD, 0x0CEE, 0x0D0A, 0x0D14, 0x0D0E, 0x0CFD, 0x0CE3, 0x0CC3, 0x0CA0, 0x0C7E, 0x0C5F, 0x0C48, 0x0C3A,
    0x0C33, 0x0C2F, 0x0C2D, 0x0C2D, 0x0C2E, 0x0C2F, 0x0C31, 0x0C32, 0x0C33, 0x0C33, 0x0C31, 0x0C2D, 0x0C27, 0x0C1D, 0x0C11, 0x0C00,
    0x0BEB, 0x0BD1, 0x0BB2, 0x0B8E, 0x0B63, 0x0B32, 0x0AFB, 0x0ABF, 0x0A7E, 0x0A38, 0x09EE, 0x09A0, 0x094F, 0x08FB, 0x08A4, 0x084B,
    0x07F0, 0x0793, 0x0735, 0x06D6, 0x0677, 0x0618, 0x05BA, 0x055C, 0x04FF, 0x0436, 0x03AA, 0x031D, 0x0291, 0x0206, 0x0163, 0x0093,
    0xFF9F, 0xFE8E, 0xFD67, 0xFC32, 0xFAF8, 0xF9BF, 0xF890, 0xF771, 0xF66C, 0xF587, 0xF4CB, 0xF41E, 0xF365, 0xF2A3, 0xF1DB, 0xF110,
    0xF044, 0xEF7B, 0xEEB7, 0xEDFB, 0xED4B, 0xECA9, 0xEC19, 0xEB9C, 0xEB36, 0xEAEB, 0xEABC, 0xEAAD, 0xEAC0, 0xEAF9, 0xEB5B, 0xEBE8,
    0xECA7, 0xED9A, 0xEEBD, 0xF00B, 0xF180, 0xF318, 0xF4CF, 0xF69F, 0xF885, 0xFA7D, 0xFC81, 0xFE8E, 0x009F, 0x02B1, 0x04BF, 0x06C4,
    0x08BC, 0x0AA3, 0x0C75, 0x0E2D, 0x4099, 0x409A, 0x409B, 0x409B, 0x409C, 0x409D, 0x409D, 0x409E, 0x409F, 0x409F, 0x40A0, 0x40A0,
    0x40A0, 0x40A1, 0x40A1, 0x40A1, 0x40A1, 0x40A1, 0x40A1, 0x40A1, 0x40A1, 0x40A1, 0x40A1, 0x40A1, 0x40A1, 0x40A1, 0x40A1, 0x40A1,
    0x40A1, 0x40A1, 0x40A1, 0x40A1, 0x40A1, 0x40A1, 0x40A1, 0x40A1, 0x40A1, 0x40A1, 0x40A1, 0x40A1, 0x40A1, 0x40A1, 0x40A1, 0x40A1,
    0x40A1, 0x40A1, 0x40A1, 0x40A1, 0x40A1, 0x40A1, 0x40A1, 0x40A1, 0x40A1, 0x40A1, 0x40A1, 0x40A1, 0x40A1, 0x40A1, 0x40A1,
};

static const u16 anim_84_indices[] = {
    0x0001, 0x0000, 0x0040, 0x0001, 0x0040, 0x0041, 0x0001, 0x0000, 0x0001, 0x0081, 0x0001, 0x0000, 0x0001, 0x0000, 0x0001, 0x0000,
    0x0040, 0x090A, 0x0040, 0x084A, 0x0040, 0x088A, 0x0040, 0x08CA, 0x0040, 0x078A, 0x0040, 0x07CA, 0x0040, 0x080A, 0x0001, 0x0786,
    0x0001, 0x0787, 0x0001, 0x0788, 0x0040, 0x0182, 0x0040, 0x01C2, 0x0040, 0x0202, 0x0001, 0x0000, 0x0001, 0x0000, 0x0040, 0x0142,
    0x0040, 0x0082, 0x0040, 0x00C2, 0x0040, 0x0102, 0x0001, 0x0782, 0x0001, 0x0783, 0x0001, 0x0784, 0x0040, 0x0342, 0x0040, 0x0382,
    0x0040, 0x03C2, 0x0001, 0x0000, 0x0001, 0x0000, 0x0040, 0x0302, 0x0040, 0x0242, 0x0040, 0x0282, 0x0040, 0x02C2, 0x0001, 0x0000,
    0x0001, 0x0000, 0x0001, 0x0785, 0x0040, 0x06C2, 0x0040, 0x0702, 0x0040, 0x0742, 0x0001, 0x0000, 0x0001, 0x0000, 0x0040, 0x0682,
    0x0040, 0x05C2, 0x0040, 0x0602, 0x0040, 0x0642, 0x0001, 0x0000, 0x0001, 0x0000, 0x0001, 0x0789, 0x0040, 0x0502, 0x0040, 0x0542,
    0x0040, 0x0582, 0x0001, 0x0000, 0x0001, 0x0000, 0x0040, 0x04C2, 0x0040, 0x0402, 0x0040, 0x0442, 0x0040, 0x0482,
};

static const s16 anim_84_values[] = {
    0x0000, 0x00AB, 0x00AA, 0x00A7, 0x00A3, 0x009F, 0x0099, 0x0092, 0x008B, 0x0084, 0x007C, 0x0073, 0x0068, 0x005B, 0x004E, 0x0043,
    0x0039, 0x0032, 0x002F, 0x002D, 0x002E, 0x002F, 0x0031, 0x0033, 0x0035, 0x0035, 0x0035, 0x0035, 0x0035, 0x0035, 0x0035, 0x0035,
    0x0035, 0x0035, 0x0035, 0x0035, 0x0035, 0x0035, 0x0035, 0x0035, 0x0035, 0x0035, 0x0035, 0x0035, 0x0035, 0x0035, 0x0035, 0x0035,
    0x0035, 0x0035, 0x0035, 0x0035, 0x0035, 0x0035, 0x0035, 0x0035, 0x0035, 0x0035, 0x0035, 0x0035, 0x0035, 0x0035, 0x0035, 0x0035,
    0x0035, 0xFFFF, 0xFFFE, 0xFFFB, 0xFFF6, 0xFFF0, 0xFFEA, 0xFFE2, 0xFFD9, 0xFFD0, 0xFFC7, 0xFFBB, 0xFFAC, 0xFF9B, 0xFF8A, 0xFF7A,
    0xFF6D, 0xFF63, 0xFF5D, 0xFF5A, 0xFF58, 0xFF57, 0xFF58, 0xFF58, 0xFF59, 0xFF5A, 0xFF5A, 0xFF5A, 0xFF5A, 0xFF5A, 0xFF5A, 0xFF5A,
    0xFF5A, 0xFF5A, 0xFF5A, 0xFF5A, 0xFF5A, 0xFF5A, 0xFF5A, 0xFF5A, 0xFF5A, 0xFF5A, 0xFF5A, 0xFF5A, 0xFF5A, 0xFF5A, 0xFF5A, 0xFF5A,
    0xFF5A, 0xFF5A, 0xFF5A, 0xFF5A, 0xFF5A, 0xFF5A, 0xFF5A, 0xFF5A, 0xFF5A, 0xFF5A, 0xFF5A, 0xFF5A, 0xFF5A, 0xFF5A, 0xFF5A, 0xFF5A,
    0xFF5A, 0x3FFF, 0xFE50, 0xFE40, 0xFE17, 0xFDE1, 0xFDAC, 0xFD83, 0xFD73, 0xFD87, 0xFDCD, 0xFE50, 0xFF66, 0x0122, 0x0333, 0x0543,
    0x0700, 0x0816, 0x0899, 0x08DF, 0x08F3, 0x08E3, 0x08BA, 0x0885, 0x084F, 0x0826, 0x0816, 0x0816, 0x0816, 0x0816, 0x0816, 0x0816,
    0x0816, 0x0816, 0x0816, 0x0816, 0x0816, 0x0816, 0x0816, 0x0816, 0x0816, 0x0816, 0x0816, 0x0816, 0x0816, 0x0816, 0x0816, 0x0816,
    0x0816, 0x0816, 0x0816, 0x0816, 0x0816, 0x0816, 0x0816, 0x0816, 0x0816, 0x0816, 0x0816, 0x0816, 0x0816, 0x0816, 0x0816, 0x0816,
    0x0816, 0x0816, 0xF9B4, 0xF9DB, 0xFA3C, 0xFABB, 0xFB39, 0xFB9A, 0xFBC1, 0xFB91, 0xFAEB, 0xF9B4, 0xF722, 0xF302, 0xEE1C, 0xE937,
    0xE517, 0xE285, 0xE14D, 0xE0A8, 0xE078, 0xE09E, 0xE100, 0xE17E, 0xE1FC, 0xE25E, 0xE285, 0xE285, 0xE285, 0xE285, 0xE285, 0xE285,
    0xE285, 0xE285, 0xE285, 0xE285, 0xE285, 0xE285, 0xE285, 0xE285, 0xE285, 0xE285, 0xE285, 0xE285, 0xE285, 0xE285, 0xE285, 0xE285,
    0xE285, 0xE285, 0xE285, 0xE285, 0xE285, 0xE285, 0xE285, 0xE285, 0xE285, 0xE285, 0xE285, 0xE285, 0xE285, 0xE285, 0xE285, 0xE285,
    0xE285, 0xE285, 0xF845, 0xF85D, 0xF898, 0xF8E4, 0xF931, 0xF96C, 0xF984, 0xF966, 0xF902, 0xF845, 0xF6B5, 0xF434, 0xF13A, 0xEE40,
    0xEBBF, 0xEA2F, 0xE972, 0xE90D, 0xE8F0, 0xE907, 0xE943, 0xE98F, 0xE9DC, 0xEA17, 0xEA2F, 0xEA2F, 0xEA2F, 0xEA2F, 0xEA2F, 0xEA2F,
    0xEA2F, 0xEA2F, 0xEA2F, 0xEA2F, 0xEA2F, 0xEA2F, 0xEA2F, 0xEA2F, 0xEA2F, 0xEA2F, 0xEA2F, 0xEA2F, 0xEA2F, 0xEA2F, 0xEA2F, 0xEA2F,
    0xEA2F, 0xEA2F, 0xEA2F, 0xEA2F, 0xEA2F, 0xEA2F, 0xEA2F, 0xEA2F, 0xEA2F, 0xEA2F, 0xEA2F, 0xEA2F, 0xEA2F, 0xEA2F, 0xEA2F, 0xEA2F,
    0xEA2F, 0xEA2F, 0xE4CB, 0xE3E1, 0xE352, 0xE310, 0xE30D, 0xE33B, 0xE38C, 0xE3F4, 0xE462, 0xE4CB, 0xE552, 0xE61A, 0xE714, 0xE82D,
    0xE956, 0xEA7F, 0xEBC9, 0xED4F, 0xEEF8, 0xF0A8, 0xF245, 0xF3B4, 0xF4DB, 0xF5A0, 0xF5E7, 0xF5E7, 0xF5E7, 0xF5E7, 0xF5E7, 0xF5E7,
    0xF5E7, 0xF5E7, 0xF5E7, 0xF5E7, 0xF5E7, 0xF5E7, 0xF5E7, 0xF5E7, 0xF5E7, 0xF5E7, 0xF5E7, 0xF5E7, 0xF5E7, 0xF5E7, 0xF5E7, 0xF5E7,
    0xF5E7, 0xF5E7, 0xF5E7, 0xF5E7, 0xF5E7, 0xF5E7, 0xF5E7, 0xF5E7, 0xF5E7, 0xF5E7, 0xF5E7, 0xF5E7, 0xF5E7, 0xF5E7, 0xF5E7, 0xF5E7,
    0xF5E7, 0xF5E7, 0x896F, 0x8A49, 0x8B9F, 0x8D40, 0x8EFB, 0x909E, 0x91F8, 0x92D8, 0x930B, 0x9262, 0x8FF5, 0x8B93, 0x861C, 0x8071,
    0x7B72, 0x7800, 0x75CB, 0x73EC, 0x725E, 0x711B, 0x701E, 0x6F62, 0x6EE3, 0x6E9A, 0x6E83, 0x6E83, 0x6E83, 0x6E83, 0x6E83, 0x6E83,
    0x6E83, 0x6E83, 0x6E83, 0x6E83, 0x6E83, 0x6E83, 0x6E83, 0x6E83, 0x6E83, 0x6E83, 0x6E83, 0x6E83, 0x6E83, 0x6E83, 0x6E83, 0x6E83,
    0x6E83, 0x6E83, 0x6E83, 0x6E83, 0x6E83, 0x6E83, 0x6E83, 0x6E83, 0x6E83, 0x6E83, 0x6E83, 0x6E83, 0x6E83, 0x6E83, 0x6E83, 0x6E83,
    0x6E83, 0x6E83, 0xA3B0, 0xA309, 0xA3C2, 0xA581, 0xA7EE, 0xAAAE, 0xAD69, 0xAFC6, 0xB16B, 0xB1FE, 0xB0F8, 0xAE7A, 0xAB26, 0xA7A1,
    0xA490, 0xA296, 0xA187, 0xA0C0, 0xA036, 0x9FDF, 0x9FB0, 0x9F9E, 0x9F9F, 0x9FA7, 0x9FAC, 0x9FAC, 0x9FAC, 0x9FAC, 0x9FAC, 0x9FAC,
    0x9FAC, 0x9FAC, 0x9FAC, 0x9FAC, 0x9FAC, 0x9FAC, 0x9FAC, 0x9FAC, 0x9FAC, 0x9FAC, 0x9FAC, 0x9FAC, 0x9FAC, 0x9FAC, 0x9FAC, 0x9FAC,
    0x9FAC, 0x9FAC, 0x9FAC, 0x9FAC, 0x9FAC, 0x9FAC, 0x9FAC, 0x9FAC, 0x9FAC, 0x9FAC, 0x9FAC, 0x9FAC, 0x9FAC, 0x9FAC, 0x9FAC, 0x9FAC,
    0x9FAC, 0x9FAC, 0x384A, 0x37DB, 0x36B9, 0x351E, 0x3344, 0x3163, 0x2FB7, 0x2E77, 0x2DDF, 0x2E27, 0x3005, 0x338F, 0x380F, 0x3CD2,
    0x4120, 0x4446, 0x468F, 0x48BB, 0x4AC0, 0x4C92, 0x4E27, 0x4F75, 0x5070, 0x510E, 0x5146, 0x5146, 0x5146, 0x5146, 0x5146, 0x5146,
    0x5146, 0x5146, 0x5146, 0x5146, 0x5146, 0x5146, 0x5146, 0x5146, 0x5146, 0x5146, 0x5146, 0x5146, 0x5146, 0x5146, 0x5146, 0x5146,
    0x5146, 0x5146, 0x5146, 0x5146, 0x5146, 0x5146, 0x5146, 0x5146, 0x5146, 0x5146, 0x5146, 0x5146, 0x5146, 0x5146, 0x5146, 0x5146,
    0x5146, 0x5146, 0x0BDE, 0x0A32, 0x0973, 0x096A, 0x09DD, 0x0A97, 0x0B5E, 0x0BFD, 0x0C3A, 0x0BDE, 0x0AC6, 0x0918, 0x070C, 0x04DA,
    0x02B9, 0x00E0, 0xFF1F, 0xFD30, 0xFB2C, 0xF930, 0xF755, 0xF5B5, 0xF46C, 0xF393, 0xF345, 0xF345, 0xF345, 0xF345, 0xF345, 0xF345,
    0xF345, 0xF345, 0xF345, 0xF345, 0xF345, 0xF345, 0xF345, 0xF345, 0xF345, 0xF345, 0xF345, 0xF345, 0xF345, 0xF345, 0xF345, 0xF345,
    0xF345, 0xF345, 0xF345, 0xF345, 0xF345, 0xF345, 0xF345, 0xF345, 0xF345, 0xF345, 0xF345, 0xF345, 0xF345, 0xF345, 0xF345, 0xF345,
    0xF345, 0xF345, 0x04C8, 0x0445, 0x0386, 0x02B4, 0x01F6, 0x0172, 0x0151, 0x01BA, 0x02D5, 0x04C8, 0x08E3, 0x0F81, 0x1757, 0x1F1D,
    0x2588, 0x294E, 0x2AB3, 0x2B00, 0x2A74, 0x294F, 0x27D1, 0x2638, 0x24C6, 0x23B9, 0x2351, 0x2351, 0x2351, 0x2351, 0x2351, 0x2351,
    0x2351, 0x2351, 0x2351, 0x2351, 0x2351, 0x2351, 0x2351, 0x2351, 0x2351, 0x2351, 0x2351, 0x2351, 0x2351, 0x2351, 0x2351, 0x2351,
    0x2351, 0x2351, 0x2351, 0x2351, 0x2351, 0x2351, 0x2351, 0x2351, 0x2351, 0x2351, 0x2351, 0x2351, 0x2351, 0x2351, 0x2351, 0x2351,
    0x2351, 0x2351, 0xFA2D, 0xFA60, 0xFA9F, 0xFADE, 0xFB14, 0xFB35, 0xFB3A, 0xFB16, 0xFABF, 0xFA2D, 0xF925, 0xF795, 0xF5AA, 0xF392,
    0xF17A, 0xEF8F, 0xED9D, 0xEB66, 0xE90C, 0xE6B1, 0xE477, 0xE281, 0xE0F0, 0xDFE6, 0xDF86, 0xDF86, 0xDF86, 0xDF86, 0xDF86, 0xDF86,
    0xDF86, 0xDF86, 0xDF86, 0xDF86, 0xDF86, 0xDF86, 0xDF86, 0xDF86, 0xDF86, 0xDF86, 0xDF86, 0xDF86, 0xDF86, 0xDF86, 0xDF86, 0xDF86,
    0xDF86, 0xDF86, 0xDF86, 0xDF86, 0xDF86, 0xDF86, 0xDF86, 0xDF86, 0xDF86, 0xDF86, 0xDF86, 0xDF86, 0xDF86, 0xDF86, 0xDF86, 0xDF86,
    0xDF86, 0xDF86, 0xF09C, 0xF145, 0xF19F, 0xF1BA, 0xF1A5, 0xF170, 0xF12B, 0xF0E6, 0xF0B1, 0xF09C, 0xF085, 0xF052, 0xF01F, 0xF008,
    0xF029, 0xF09C, 0xF175, 0xF2A1, 0xF402, 0xF57D, 0xF6F3, 0xF849, 0xF961, 0xFA1E, 0xFA63, 0xFA63, 0xFA63, 0xFA63, 0xFA63, 0xFA63,
    0xFA63, 0xFA63, 0xFA63, 0xFA63, 0xFA63, 0xFA63, 0xFA63, 0xFA63, 0xFA63, 0xFA63, 0xFA63, 0xFA63, 0xFA63, 0xFA63, 0xFA63, 0xFA63,
    0xFA63, 0xFA63, 0xFA63, 0xFA63, 0xFA63, 0xFA63, 0xFA63, 0xFA63, 0xFA63, 0xFA63, 0xFA63, 0xFA63, 0xFA63, 0xFA63, 0xFA63, 0xFA63,
    0xFA63, 0xFA63, 0x12E8, 0x1350, 0x13AD, 0x1401, 0x144E, 0x1494, 0x14D6, 0x1515, 0x1552, 0x1590, 0x15D4, 0x161C, 0x165E, 0x168F,
    0x16A3, 0x1690, 0x1651, 0x15EE, 0x1574, 0x14EC, 0x1464, 0x13E6, 0x137D, 0x1336, 0x131C, 0x131C, 0x131C, 0x131C, 0x131C, 0x131C,
    0x131C, 0x131C, 0x131C, 0x131C, 0x131C, 0x131C, 0x131C, 0x131C, 0x131C, 0x131C, 0x131C, 0x131C, 0x131C, 0x131C, 0x131C, 0x131C,
    0x131C, 0x131C, 0x131C, 0x131C, 0x131C, 0x131C, 0x131C, 0x131C, 0x131C, 0x131C, 0x131C, 0x131C, 0x131C, 0x131C, 0x131C, 0x131C,
    0x131C, 0x131C, 0x0693, 0x0694, 0x07E5, 0x0A22, 0x0CE5, 0x0FC7, 0x1262, 0x1452, 0x1531, 0x1497, 0x1145, 0x0B1F, 0x0373, 0xFB95,
    0xF4D4, 0xF080, 0xEE3E, 0xECBC, 0xEBD9, 0xEB72, 0xEB69, 0xEB9B, 0xEBE7, 0xEC2D, 0xEC4C, 0xEC4C, 0xEC4C, 0xEC4C, 0xEC4C, 0xEC4C,
    0xEC4C, 0xEC4C, 0xEC4C, 0xEC4C, 0xEC4C, 0xEC4C, 0xEC4C, 0xEC4C, 0xEC4C, 0xEC4C, 0xEC4C, 0xEC4C, 0xEC4C, 0xEC4C, 0xEC4C, 0xEC4C,
    0xEC4C, 0xEC4C, 0xEC4C, 0xEC4C, 0xEC4C, 0xEC4C, 0xEC4C, 0xEC4C, 0xEC4C, 0xEC4C, 0xEC4C, 0xEC4C, 0xEC4C, 0xEC4C, 0xEC4C, 0xEC4C,
    0xEC4C, 0xEC4C, 0xCABB, 0xCBF3, 0xCD03, 0xCDF1, 0xCEC7, 0xCF8D, 0xD04C, 0xD10C, 0xD1D7, 0xD2B4, 0xD3A3, 0xD499, 0xD593, 0xD68F,
    0xD787, 0xD879, 0xD97D, 0xDAA1, 0xDBD7, 0xDD0B, 0xDE2D, 0xDF2D, 0xDFF8, 0xE07F, 0xE0B0, 0xE0B0, 0xE0B0, 0xE0B0, 0xE0B0, 0xE0B0,
    0xE0B0, 0xE0B0, 0xE0B0, 0xE0B0, 0xE0B0, 0xE0B0, 0xE0B0, 0xE0B0, 0xE0B0, 0xE0B0, 0xE0B0, 0xE0B0, 0xE0B0, 0xE0B0, 0xE0B0, 0xE0B0,
    0xE0B0, 0xE0B0, 0xE0B0, 0xE0B0, 0xE0B0, 0xE0B0, 0xE0B0, 0xE0B0, 0xE0B0, 0xE0B0, 0xE0B0, 0xE0B0, 0xE0B0, 0xE0B0, 0xE0B0, 0xE0B0,
    0xE0B0, 0xE0B0, 0x0000, 0x0002, 0x0007, 0x000E, 0x0016, 0x0020, 0x0029, 0x0032, 0x0039, 0x003F, 0x0043, 0x0046, 0x0048, 0x0048,
    0x0045, 0x003F, 0x0033, 0x0023, 0x000F, 0xFFFC, 0xFFE8, 0xFFD5, 0xFFC6, 0xFFBC, 0xFFB8, 0xFFB8, 0xFFB8, 0xFFB8, 0xFFB8, 0xFFB8,
    0xFFB8, 0xFFB8, 0xFFB8, 0xFFB8, 0xFFB8, 0xFFB8, 0xFFB8, 0xFFB8, 0xFFB8, 0xFFB8, 0xFFB8, 0xFFB8, 0xFFB8, 0xFFB8, 0xFFB8, 0xFFB8,
    0xFFB8, 0xFFB8, 0xFFB8, 0xFFB8, 0xFFB8, 0xFFB8, 0xFFB8, 0xFFB8, 0xFFB8, 0xFFB8, 0xFFB8, 0xFFB8, 0xFFB8, 0xFFB8, 0xFFB8, 0xFFB8,
    0xFFB8, 0xFFB8, 0xFF30, 0xFF30, 0xFF31, 0xFF32, 0xFF33, 0xFF35, 0xFF36, 0xFF38, 0xFF39, 0xFF3A, 0xFF3A, 0xFF3A, 0xFF3A, 0xFF3A,
    0xFF3A, 0xFF3A, 0xFF3A, 0xFF3A, 0xFF3B, 0xFF3B, 0xFF3C, 0xFF3C, 0xFF3D, 0xFF3D, 0xFF3D, 0xFF3D, 0xFF3D, 0xFF3D, 0xFF3D, 0xFF3D,
    0xFF3D, 0xFF3D, 0xFF3D, 0xFF3D, 0xFF3D, 0xFF3D, 0xFF3D, 0xFF3D, 0xFF3D, 0xFF3D, 0xFF3D, 0xFF3D, 0xFF3D, 0xFF3D, 0xFF3D, 0xFF3D,
    0xFF3D, 0xFF3D, 0xFF3D, 0xFF3D, 0xFF3D, 0xFF3D, 0xFF3D, 0xFF3D, 0xFF3D, 0xFF3D, 0xFF3D, 0xFF3D, 0xFF3D, 0xFF3D, 0xFF3D, 0xFF3D,
    0xFF3D, 0xFF3D, 0xC9D8, 0xC96E, 0xC871, 0xC705, 0xC54E, 0xC36F, 0xC18D, 0xBFCB, 0xBE4D, 0xBD36, 0xBC62, 0xBBAC, 0xBB3F, 0xBB41,
    0xBBDB, 0xBD36, 0xBF8B, 0xC2C4, 0xC690, 0xCAA1, 0xCEA7, 0xD253, 0xD554, 0xD75C, 0xD81B, 0xD81B, 0xD81B, 0xD81B, 0xD81B, 0xD81B,
    0xD81B, 0xD81B, 0xD81B, 0xD81B, 0xD81B, 0xD81B, 0xD81B, 0xD81B, 0xD81B, 0xD81B, 0xD81B, 0xD81B, 0xD81B, 0xD81B, 0xD81B, 0xD81B,
    0xD81B, 0xD81B, 0xD81B, 0xD81B, 0xD81B, 0xD81B, 0xD81B, 0xD81B, 0xD81B, 0xD81B, 0xD81B, 0xD81B, 0xD81B, 0xD81B, 0xD81B, 0xD81B,
    0xD81B, 0xD81B, 0x1E4A, 0x1FB6, 0x231D, 0x27F8, 0x2DBF, 0x33E9, 0x39EE, 0x3F46, 0x4369, 0x45CF, 0x45F1, 0x4401, 0x408D, 0x3C24,
    0x3753, 0x32A9, 0x2D8E, 0x275D, 0x2088, 0x1983, 0x12C1, 0x0CB6, 0x07D7, 0x0495, 0x0366, 0x0366, 0x0366, 0x0366, 0x0366, 0x0366,
    0x0366, 0x0366, 0x0366, 0x0366, 0x0366, 0x0366, 0x0366, 0x0366, 0x0366, 0x0366, 0x0366, 0x0366, 0x0366, 0x0366, 0x0366, 0x0366,
    0x0366, 0x0366, 0x0366, 0x0366, 0x0366, 0x0366, 0x0366, 0x0366, 0x0366, 0x0366, 0x0366, 0x0366, 0x0366, 0x0366, 0x0366, 0x0366,
    0x0366, 0x0366, 0x1B09, 0x1A7E, 0x1933, 0x1753, 0x150A, 0x1281, 0x0FE4, 0x0D5E, 0x0B18, 0x093E, 0x07A8, 0x0625, 0x04D2, 0x03CE,
    0x0334, 0x0324, 0x03AB, 0x04AA, 0x05FD, 0x0781, 0x090F, 0x0A85, 0x0BBD, 0x0C93, 0x0CE2, 0x0CE2, 0x0CE2, 0x0CE2, 0x0CE2, 0x0CE2,
    0x0CE2, 0x0CE2, 0x0CE2, 0x0CE2, 0x0CE2, 0x0CE2, 0x0CE2, 0x0CE2, 0x0CE2, 0x0CE2, 0x0CE2, 0x0CE2, 0x0CE2, 0x0CE2, 0x0CE2, 0x0CE2,
    0x0CE2, 0x0CE2, 0x0CE2, 0x0CE2, 0x0CE2, 0x0CE2, 0x0CE2, 0x0CE2, 0x0CE2, 0x0CE2, 0x0CE2, 0x0CE2, 0x0CE2, 0x0CE2, 0x0CE2, 0x0CE2,
    0x0CE2, 0x0CE2, 0x1144, 0x1142, 0x113D, 0x1136, 0x1131, 0x112E, 0x1130, 0x1139, 0x114B, 0x1168, 0x11AB, 0x121A, 0x1299, 0x130B,
    0x1354, 0x1357, 0x1310, 0x1299, 0x1200, 0x1154, 0x10A5, 0x1003, 0x0F7C, 0x0F20, 0x0EFE, 0x0EFE, 0x0EFE, 0x0EFE, 0x0EFE, 0x0EFE,
    0x0EFE, 0x0EFE, 0x0EFE, 0x0EFE, 0x0EFE, 0x0EFE, 0x0EFE, 0x0EFE, 0x0EFE, 0x0EFE, 0x0EFE, 0x0EFE, 0x0EFE, 0x0EFE, 0x0EFE, 0x0EFE,
    0x0EFE, 0x0EFE, 0x0EFE, 0x0EFE, 0x0EFE, 0x0EFE, 0x0EFE, 0x0EFE, 0x0EFE, 0x0EFE, 0x0EFE, 0x0EFE, 0x0EFE, 0x0EFE, 0x0EFE, 0x0EFE,
    0x0EFE, 0x0EFE, 0xAC44, 0xAB52, 0xA915, 0xA5D5, 0xA1D9, 0x9D68, 0x98CC, 0x944C, 0x902F, 0x8CBE, 0x898A, 0x8631, 0x8314, 0x8092,
    0x7F0A, 0x7EDC, 0x8026, 0x828C, 0x85B8, 0x8953, 0x8D08, 0x9080, 0x9364, 0x9560, 0x961D, 0x961D, 0x961D, 0x961D, 0x961D, 0x961D,
    0x961D, 0x961D, 0x961D, 0x961D, 0x961D, 0x961D, 0x961D, 0x961D, 0x961D, 0x961D, 0x961D, 0x961D, 0x961D, 0x961D, 0x961D, 0x961D,
    0x961D, 0x961D, 0x961D, 0x961D, 0x961D, 0x961D, 0x961D, 0x961D, 0x961D, 0x961D, 0x961D, 0x961D, 0x961D, 0x961D, 0x961D, 0x961D,
    0x961D, 0x961D, 0x0000, 0x0008, 0x000D, 0x000E, 0x000D, 0x000A, 0x0007, 0x0003, 0x0001, 0x0000, 0x0000, 0x0000, 0x0000, 0x0000,
    0x0000, 0x0000, 0x0000, 0x0000, 0x0000, 0x0000, 0x0000, 0x0000, 0x0000, 0x0000, 0x0000, 0x0000, 0x0000, 0x0000, 0x0000, 0x0000,
    0x0000, 0x0000, 0x0000, 0x0000, 0x0000, 0x0000, 0x0000, 0x0000, 0x0000, 0x0000, 0x0000, 0x0000, 0x0000, 0x0000, 0x0000, 0x0000,
    0x0000, 0x0000, 0x0000, 0x0000, 0x0000, 0x0000, 0x0000, 0x0000, 0x0000, 0x0000, 0x0000, 0x0000, 0x0000, 0x0000, 0x0000, 0x0000,
    0x0000, 0x0000, 0x0000, 0xFFFC, 0xFFFA, 0xFFF9, 0xFFFA, 0xFFFB, 0xFFFD, 0xFFFF, 0x0000, 0x0000, 0x0000, 0x0000, 0x0000, 0x0000,
    0x0000, 0x0000, 0x0000, 0x0000, 0x0000, 0x0000, 0x0000, 0x0000, 0x0000, 0x0000, 0x0000, 0x0000, 0x0000, 0x0000, 0x0000, 0x0000,
    0x0000, 0x0000, 0x0000, 0x0000, 0x0000, 0x0000, 0x0000, 0x0000, 0x0000, 0x0000, 0x0000, 0x0000, 0x0000, 0x0000, 0x0000, 0x0000,
    0x0000, 0x0000, 0x0000, 0x0000, 0x0000, 0x0000, 0x0000, 0x0000, 0x0000, 0x0000, 0x0000, 0x0000, 0x0000, 0x0000, 0x0000, 0x0000,
    0x0000, 0x0000, 0xBF40, 0xBF38, 0xBF34, 0xBF33, 0xBF34, 0xBF36, 0xBF39, 0xBF3D, 0xBF3F, 0xBF40, 0xBF1C, 0xBECB, 0xBE7B, 0xBE57,
    0xBE8A, 0xBF40, 0xC098, 0xC273, 0xC4A2, 0xC6FA, 0xC94B, 0xCB67, 0xCD22, 0xCE4E, 0xCEBC, 0xCEBC, 0xCEBC, 0xCEBC, 0xCEBC, 0xCEBC,
    0xCEBC, 0xCEBC, 0xCEBC, 0xCEBC, 0xCEBC, 0xCEBC, 0xCEBC, 0xCEBC, 0xCEBC, 0xCEBC, 0xCEBC, 0xCEBC, 0xCEBC, 0xCEBC, 0xCEBC, 0xCEBC,
    0xCEBC, 0xCEBC, 0xCEBC, 0xCEBC, 0xCEBC, 0xCEBC, 0xCEBC, 0xCEBC, 0xCEBC, 0xCEBC, 0xCEBC, 0xCEBC, 0xCEBC, 0xCEBC, 0xCEBC, 0xCEBC,
    0xCEBC, 0xCEBC, 0x2537, 0x266B, 0x2950, 0x2D6B, 0x3244, 0x3760, 0x3C47, 0x407F, 0x438F, 0x44FE, 0x440B, 0x40C9, 0x3BFE, 0x3671,
    0x30E6, 0x2C24, 0x279F, 0x227D, 0x1D0D, 0x179B, 0x1277, 0x0DF0, 0x0A53, 0x07EE, 0x0710, 0x0710, 0x0710, 0x0710, 0x0710, 0x0710,
    0x0710, 0x0710, 0x0710, 0x0710, 0x0710, 0x0710, 0x0710, 0x0710, 0x0710, 0x0710, 0x0710, 0x0710, 0x0710, 0x0710, 0x0710, 0x0710,
    0x0710, 0x0710, 0x0710, 0x0710, 0x0710, 0x0710, 0x0710, 0x0710, 0x0710, 0x0710, 0x0710, 0x0710, 0x0710, 0x0710, 0x0710, 0x0710,
    0x0710, 0x0710, 0xD64A, 0xD74E, 0xD9B7, 0xDD32, 0xE167, 0xE602, 0xEAAD, 0xEF13, 0xF2DD, 0xF5B7, 0xF789, 0xF893, 0xF903, 0xF906,
    0xF8CA, 0xF87B, 0xF803, 0xF73E, 0xF644, 0xF52E, 0xF413, 0xF30D, 0xF234, 0xF1A0, 0xF169, 0xF169, 0xF169, 0xF169, 0xF169, 0xF169,
    0xF169, 0xF169, 0xF169, 0xF169, 0xF169, 0xF169, 0xF169, 0xF169, 0xF169, 0xF169, 0xF169, 0xF169, 0xF169, 0xF169, 0xF169, 0xF169,
    0xF169, 0xF169, 0xF169, 0xF169, 0xF169, 0xF169, 0xF169, 0xF169, 0xF169, 0xF169, 0xF169, 0xF169, 0xF169, 0xF169, 0xF169, 0xF169,
    0xF169, 0xF169, 0xEC41, 0xEC5A, 0xEC97, 0xECEE, 0xED56, 0xEDC4, 0xEE30, 0xEE8F, 0xEEDA, 0xEF05, 0xEEF4, 0xEEA8, 0xEE41, 0xEDE0,
    0xEDA5, 0xEDB1, 0xEE09, 0xEE92, 0xEF3C, 0xEFF8, 0xF0B5, 0xF163, 0xF1F3, 0xF255, 0xF279, 0xF279, 0xF279, 0xF279, 0xF279, 0xF279,
    0xF279, 0xF279, 0xF279, 0xF279, 0xF279, 0xF279, 0xF279, 0xF279, 0xF279, 0xF279, 0xF279, 0xF279, 0xF279, 0xF279, 0xF279, 0xF279,
    0xF279, 0xF279, 0xF279, 0xF279, 0xF279, 0xF279, 0xF279, 0xF279, 0xF279, 0xF279, 0xF279, 0xF279, 0xF279, 0xF279, 0xF279, 0xF279,
    0xF279, 0xF279, 0xB59E, 0xB448, 0xB119, 0xAC80, 0xA6ED, 0xA0CE, 0x9A92, 0x94A9, 0x8F81, 0x8B8A, 0x88B4, 0x869F, 0x8540, 0x848B,
    0x8477, 0x84F7, 0x8634, 0x8835, 0x8ABC, 0x8D8A, 0x9061, 0x9303, 0x9532, 0x96AE, 0x973B, 0x973B, 0x973B, 0x973B, 0x973B, 0x973B,
    0x973B, 0x973B, 0x973B, 0x973B, 0x973B, 0x973B, 0x973B, 0x973B, 0x973B, 0x973B, 0x973B, 0x973B, 0x973B, 0x973B, 0x973B, 0x973B,
    0x973B, 0x973B, 0x973B, 0x973B, 0x973B, 0x973B, 0x973B, 0x973B, 0x973B, 0x973B, 0x973B, 0x973B, 0x973B, 0x973B, 0x973B, 0x973B,
    0x973B, 0x973B, 0x9524, 0x5D21, 0x475E, 0xBF5F, 0x90BE, 0x7987, 0x4B8C, 0xBF5F, 0x0015, 0x0017, 0x0017, 0x0017, 0x0017, 0x0017,
    0x0016, 0x0016, 0x0016, 0x0015, 0x0017, 0x001C, 0x0021, 0x0023, 0x0020, 0x0015, 0x0003, 0xFFEC, 0xFFD0, 0xFFB1, 0xFF93, 0xFF75,
    0xFF5A, 0xFF44, 0xFF35, 0xFF2C, 0xFF2A, 0xFF2B, 0xFF30, 0xFF36, 0xFF3C, 0xFF41, 0xFF42, 0xFF3E, 0xFF35, 0xFF26, 0xFF16, 0xFF05,
    0xFEF2, 0xFEDD, 0xFEC8, 0xFEB2, 0xFE9C, 0xFE85, 0xFE6D, 0xFE56, 0xFE3F, 0xFE28, 0xFE12, 0xFDFC, 0xFDE8, 0xFDD4, 0xFDC2, 0xFDB1,
    0xFDA2, 0xFD95, 0xFD89, 0xFD80, 0xFD7A, 0xFD75, 0xFD72, 0xFD71, 0xFD71, 0xFD73, 0xFD4C, 0xFD4C, 0xFD4C, 0xFD4C, 0xFD4C, 0xFD4C,
    0xFD4C, 0xFD4C, 0xFD4C, 0xFD4C, 0xFD4C, 0xFD4B, 0xFD4B, 0xFD4A, 0xFD4B, 0xFD4C, 0xFD4F, 0xFD52, 0xFD56, 0xFD5A, 0xFD5E, 0xFD62,
    0xFD65, 0xFD68, 0xFD6A, 0xFD6B, 0xFD69, 0xFD65, 0xFD61, 0xFD5D, 0xFD5A, 0xFD5A, 0xFD5B, 0xFD61, 0xFD6A, 0xFD78, 0xFD86, 0xFD97,
    0xFDA8, 0xFDBB, 0xFDCF, 0xFDE3, 0xFDF8, 0xFE0E, 0xFE23, 0xFE39, 0xFE4E, 0xFE63, 0xFE78, 0xFE8C, 0xFE9F, 0xFEB0, 0xFEC1, 0xFECF,
    0xFEDD, 0xFEE8, 0xFEF1, 0xFEF8, 0xFEFC, 0xFEFE, 0xFEFF, 0xFEFD, 0xFEF9, 0xFEF4, 0xF588, 0xF577, 0xF56E, 0xF56C, 0xF56E, 0xF573,
    0xF57A, 0xF580, 0xF586, 0xF588, 0xF568, 0xF522, 0xF4DC, 0xF4BC, 0xF4E9, 0xF588, 0xF6A1, 0xF811, 0xF9BE, 0xFB8D, 0xFD64, 0xFF29,
    0x00C0, 0x0210, 0x0300, 0x0379, 0x038E, 0x0359, 0x02F7, 0x0283, 0x0219, 0x01D5, 0x01D2, 0x022C, 0x0300, 0x042D, 0x0581, 0x06F6,
    0x088A, 0x0A37, 0x0BF9, 0x0DCD, 0x0FAD, 0x1197, 0x1385, 0x1574, 0x175F, 0x1942, 0x1B19, 0x1CE0, 0x1E93, 0x202D, 0x21AB, 0x2307,
    0x243E, 0x254C, 0x262D, 0x26DC, 0x2757, 0x27A3, 0x27C2, 0x27BA, 0x278D, 0x2740, 0xFD9F, 0xFDCE, 0xFE05, 0xFE42, 0xFE83, 0xFEC4,
    0xFF03, 0xFF3E, 0xFF71, 0xFF9B, 0xFFB7, 0xFFC5, 0xFFCA, 0xFFC8, 0xFFC2, 0xFFBE, 0xFFB9, 0xFFB0, 0xFFA4, 0xFF98, 0xFF8B, 0xFF7F,
    0xFF75, 0xFF6F, 0xFF6C, 0xFF6C, 0xFF6C, 0xFF6C, 0xFF6C, 0xFF6C, 0xFF6C, 0xFF6C, 0xFF6C, 0xFF6C, 0xFF6C, 0xFF6C, 0xFF6C, 0xFF6C,
    0xFF6C, 0xFF6C, 0xFF6C, 0xFF6C, 0xFF6C, 0xFF6C, 0xFF6C, 0xFF6C, 0xFF6C, 0xFF6C, 0xFF6C, 0xFF6C, 0xFF6C, 0xFF6C, 0xFF6C, 0xFF6C,
    0xFF6C, 0xFF6C, 0xFF6C, 0xFF6C, 0xFF6C, 0xFF6C, 0xFF6C, 0xFF6C, 0xFF6C, 0xFF6C, 0x04A4, 0x0441, 0x03D0, 0x0356, 0x02D7, 0x0259,
    0x01DF, 0x0170, 0x0110, 0x00C4, 0x0098, 0x008F, 0x009C, 0x00B3, 0x00C9, 0x00D2, 0x00CF, 0x00C9, 0x00C3, 0x00BC, 0x00B4, 0x00AE,
    0x00A8, 0x00A4, 0x00A3, 0x00A3, 0x00A3, 0x00A3, 0x00A3, 0x00A3, 0x00A3, 0x00A3, 0x00A3, 0x00A3, 0x00A3, 0x00A3, 0x00A3, 0x00A3,
    0x00A3, 0x00A3, 0x00A3, 0x00A3, 0x00A3, 0x00A3, 0x00A3, 0x00A3, 0x00A3, 0x00A3, 0x00A3, 0x00A3, 0x00A3, 0x00A3, 0x00A3, 0x00A3,
    0x00A3, 0x00A3, 0x00A3, 0x00A3, 0x00A3, 0x00A3, 0x00A3, 0x00A3, 0x00A3, 0x00A3, 0x0FC6, 0x113B, 0x128D, 0x13C1, 0x14E0, 0x15F1,
    0x16FA, 0x1803, 0x1913, 0x1A30, 0x1B99, 0x1D52, 0x1F0B, 0x2075, 0x2140, 0x211E, 0x1FF6, 0x1E0E, 0x1BA3, 0x18F1, 0x1635, 0x13AB,
    0x1190, 0x1020, 0x0F98, 0x0F98, 0x0F98, 0x0F98, 0x0F98, 0x0F98, 0x0F98, 0x0F98, 0x0F98, 0x0F98, 0x0F98, 0x0F98, 0x0F98, 0x0F98,
    0x0F98, 0x0F98, 0x0F98, 0x0F98, 0x0F98, 0x0F98, 0x0F98, 0x0F98, 0x0F98, 0x0F98, 0x0F98, 0x0F98, 0x0F98, 0x0F98, 0x0F98, 0x0F98,
    0x0F98, 0x0F98, 0x0F98, 0x0F98, 0x0F98, 0x0F98, 0x0F98, 0x0F98, 0x0F98, 0x0F98, 0x40A1, 0x40C8, 0x4129, 0x41A8, 0x4227, 0x4288,
    0x42AF, 0x427E, 0x41D9, 0x40A1, 0x3E0E, 0x39EC, 0x3504, 0x301D, 0x2BFB, 0x2968, 0x2830, 0x278B, 0x275A, 0x2781, 0x27E2, 0x2861,
    0x28E0, 0x2941, 0x2968, 0x2968, 0x2968, 0x2968, 0x2968, 0x2968, 0x2968, 0x2968, 0x2968, 0x2968, 0x2968, 0x2968, 0x2968, 0x2968,
    0x2968, 0x2968, 0x2968, 0x2968, 0x2968, 0x2968, 0x2968, 0x2968, 0x2968, 0x2968, 0x2968, 0x2968, 0x2968, 0x2968, 0x2968, 0x2968,
    0x2968, 0x2968, 0x2968, 0x2968, 0x2968, 0x2968, 0x2968, 0x2968, 0x2968, 0x2968,
};

static const u16 anim_85_indices[] = {
    0x0001, 0x0000, 0x0001, 0x0001, 0x0001, 0x0002, 0x0001, 0x0000, 0x0001, 0x0003, 0x0001, 0x0000, 0x0001, 0x0000, 0x0001, 0x0000,
    0x0001, 0x00A1, 0x0001, 0x009E, 0x0001, 0x009F, 0x0001, 0x00A0, 0x0028, 0x0026, 0x0028, 0x004E, 0x0028, 0x0076, 0x0001, 0x0022,
    0x0001, 0x0023, 0x0001, 0x0024, 0x0001, 0x0008, 0x0001, 0x0009, 0x0001, 0x000A, 0x0001, 0x0000, 0x0001, 0x0000, 0x0001, 0x0007,
    0x0001, 0x0004, 0x0001, 0x0005, 0x0001, 0x0006, 0x0001, 0x001E, 0x0001, 0x001F, 0x0001, 0x0020, 0x0001, 0x000F, 0x0001, 0x0010,
    0x0001, 0x0011, 0x0001, 0x0000, 0x0001, 0x0000, 0x0001, 0x000E, 0x0001, 0x000B, 0x0001, 0x000C, 0x0001, 0x000D, 0x0001, 0x0000,
    0x0001, 0x0000, 0x0001, 0x0021, 0x0001, 0x001B, 0x0001, 0x001C, 0x0001, 0x001D, 0x0001, 0x0000, 0x0001, 0x0000, 0x0001, 0x001A,
    0x0001, 0x0000, 0x0001, 0x0000, 0x0001, 0x0019, 0x0001, 0x0000, 0x0001, 0x0000, 0x0001, 0x0025, 0x0001, 0x0016, 0x0001, 0x0017,
    0x0001, 0x0018, 0x0001, 0x0000, 0x0001, 0x0000, 0x0001, 0x0015, 0x0001, 0x0012, 0x0001, 0x0013, 0x0001, 0x0014,
};

static const s16 anim_85_values[] = {
    0x0000, 0x0035, 0xFF5A, 0x3FFF, 0x0816, 0xE285, 0xEA2F, 0xF5E7, 0x6E83, 0x9FAC, 0x5146, 0xF345, 0x2351, 0xDF86, 0xFA63, 0x131C,
    0xEC4C, 0xE0B0, 0xFFB8, 0xFF3D, 0xD81B, 0x0366, 0x0CE2, 0x0EFE, 0x961D, 0xCEBC, 0x0710, 0xF169, 0xF279, 0x973B, 0x9524, 0x5D21,
    0x475E, 0xBF5F, 0x90BE, 0x7987, 0x4B8C, 0xBF5F, 0xFD76, 0xFD7A, 0xFD7F, 0xFD85, 0xFD8B, 0xFD92, 0xFD99, 0xFDA0, 0xFDA7, 0xFDAE,
    0xFDB4, 0xFDBA, 0xFDBF, 0xFDC3, 0xFDC7, 0xFDC9, 0xFDC9, 0xFDC9, 0xFDC8, 0xFDC6, 0xFDC3, 0xFDC1, 0xFDBD, 0xFDB9, 0xFDB5, 0xFDB1,
    0xFDAC, 0xFDA7, 0xFDA2, 0xFD9E, 0xFD99, 0xFD95, 0xFD90, 0xFD8D, 0xFD89, 0xFD86, 0xFD84, 0xFD82, 0xFD81, 0xFD80, 0xFEEE, 0xFEE6,
    0xFEDE, 0xFED4, 0xFECB, 0xFEC0, 0xFEB6, 0xFEAC, 0xFEA2, 0xFE99, 0xFE90, 0xFE88, 0xFE81, 0xFE7B, 0xFE76, 0xFE74, 0xFE73, 0xFE73,
    0xFE75, 0xFE79, 0xFE7D, 0xFE83, 0xFE89, 0xFE90, 0xFE98, 0xFEA0, 0xFEA8, 0xFEB1, 0xFEBA, 0xFEC2, 0xFECB, 0xFED3, 0xFEDA, 0xFEE1,
    0xFEE8, 0xFEED, 0xFEF2, 0xFEF5, 0xFEF7, 0xFEF8, 0x26D8, 0x2656, 0x25C1, 0x251C, 0x2469, 0x23AF, 0x22F0, 0x2231, 0x2174, 0x20C0,
    0x2016, 0x1F7C, 0x1EF5, 0x1E85, 0x1E30, 0x1DFB, 0x1DE8, 0x1DF4, 0x1E19, 0x1E53, 0x1EA0, 0x1EFE, 0x1F6A, 0x1FE3, 0x2067, 0x20F2,
    0x2183, 0x2217, 0x22AC, 0x2341, 0x23D1, 0x245D, 0x24E0, 0x2559, 0x25C6, 0x2624, 0x2671, 0x26AB, 0x26CF, 0x26DC, 0xFF6C, 0x00A3,
    0x0F98, 0x2968,
};

static const u16 anim_86_indices[] = {
    0x0001, 0x0000, 0x0028, 0x0001, 0x0001, 0x0029, 0x0001, 0x0000, 0x0001, 0x002A, 0x0001, 0x0000, 0x0028, 0x0533, 0x0028, 0x055B,
    0x0028, 0x0583, 0x0028, 0x04BB, 0x0028, 0x04E3, 0x0028, 0x050B, 0x0028, 0x0443, 0x0028, 0x046B, 0x0028, 0x0493, 0x0001, 0x043F,
    0x0001, 0x0440, 0x0001, 0x0441, 0x0028, 0x00CB, 0x0028, 0x00F3, 0x0028, 0x011B, 0x0001, 0x0000, 0x0001, 0x0000, 0x0028, 0x00A3,
    0x0028, 0x002B, 0x0028, 0x0053, 0x0028, 0x007B, 0x0001, 0x043B, 0x0001, 0x043C, 0x0001, 0x043D, 0x0028, 0x01E3, 0x0028, 0x020B,
    0x0028, 0x0233, 0x0001, 0x0000, 0x0001, 0x0000, 0x0028, 0x01BB, 0x0028, 0x0143, 0x0028, 0x016B, 0x0028, 0x0193, 0x0001, 0x0000,
    0x0001, 0x0000, 0x0001, 0x043E, 0x0028, 0x03C3, 0x0028, 0x03EB, 0x0028, 0x0413, 0x0001, 0x0000, 0x0001, 0x0000, 0x0028, 0x039B,
    0x0001, 0x0000, 0x0001, 0x0000, 0x0028, 0x0373, 0x0001, 0x0000, 0x0001, 0x0000, 0x0001, 0x0442, 0x0028, 0x02FB, 0x0028, 0x0323,
    0x0028, 0x034B, 0x0001, 0x0000, 0x0001, 0x0000, 0x0028, 0x02D3, 0x0028, 0x025B, 0x0028, 0x0283, 0x0028, 0x02AB,
};

static const s16 anim_86_values[] = {
    0x0000, 0x0035, 0x0035, 0x0035, 0x0034, 0x0034, 0x0034, 0x0034, 0x0035, 0x0037, 0x0039, 0x003C, 0x003F, 0x0043, 0x0047, 0x004B,
    0x004E, 0x0052, 0x0056, 0x005A, 0x005D, 0x0060, 0x0062, 0x0064, 0x0066, 0x0067, 0x0068, 0x0068, 0x0069, 0x0069, 0x0069, 0x0069,
    0x0069, 0x0068, 0x0068, 0x0068, 0x0067, 0x0067, 0x0067, 0x0066, 0x0066, 0xFF5A, 0x3FFF, 0x0816, 0x0804, 0x07F2, 0x07DC, 0x07C2,
    0x07A2, 0x077B, 0x074A, 0x070E, 0x06C6, 0x066F, 0x0609, 0x0591, 0x0506, 0x0466, 0x0397, 0x0289, 0x0149, 0xFFE9, 0xFE75, 0xFCFD,
    0xFB90, 0xFA3D, 0xF912, 0xF81F, 0xF772, 0xF700, 0xF6AF, 0xF67C, 0xF663, 0xF660, 0xF66E, 0xF68A, 0xF6AF, 0xF6DA, 0xF706, 0xF72F,
    0xF752, 0xF769, 0xF772, 0xE285, 0xE365, 0xE4DB, 0xE6CE, 0xE923, 0xEBC4, 0xEE96, 0xF180, 0xF46A, 0xF73B, 0xF9DA, 0xFC2F, 0xFE1F,
    0xFF92, 0x006F, 0x008E, 0xFFEE, 0xFEB2, 0xFCFF, 0xFAFA, 0xF8C7, 0xF68A, 0xF468, 0xF285, 0xF105, 0xF00D, 0xEF7C, 0xEF17, 0xEED6,
    0xEEB7, 0xEEB2, 0xEEC4, 0xEEE8, 0xEF17, 0xEF4D, 0xEF84, 0xEFB8, 0xEFE4, 0xF002, 0xF00D, 0xEA2F, 0xEA6D, 0xEADB, 0xEB70, 0xEC23,
    0xECEA, 0xEDBC, 0xEE90, 0xEF5B, 0xF016, 0xF0B6, 0xF133, 0xF182, 0xF19B, 0xF174, 0xF0EC, 0xEFF8, 0xEEAF, 0xED27, 0xEB77, 0xE9B5,
    0xE7F7, 0xE654, 0xE4E2, 0xE3B9, 0xE2ED, 0xE26D, 0xE213, 0xE1DA, 0xE1BE, 0xE1BA, 0xE1CA, 0xE1E9, 0xE213, 0xE243, 0xE274, 0xE2A2,
    0xE2C9, 0xE2E3, 0xE2ED, 0xF5E7, 0xF4D9, 0xF317, 0xF0C1, 0xEDF4, 0xEACD, 0xE76A, 0xE3E7, 0xE064, 0xDCFC, 0xD9CE, 0xD6F8, 0xD495,
    0xD2C5, 0xD1A5, 0xD2EB, 0xD732, 0xDCE8, 0xE27D, 0xE65F, 0xE6FD, 0xE25B, 0xD967, 0xCEF1, 0xC5CC, 0xC0C8, 0xBF0C, 0xBDD3, 0xBD0E,
    0xBCAD, 0xBCA0, 0xBCD7, 0xBD43, 0xBDD3, 0xBE79, 0xBF23, 0xBFC4, 0xC04A, 0xC0A5, 0xC0C8, 0x6E83, 0x6E09, 0x6D3E, 0x6C2E, 0x6AE9,
    0x697B, 0x67F3, 0x665D, 0x64C8, 0x6342, 0x61D7, 0x6096, 0x5F8C, 0x5EC7, 0x5E55, 0x5E43, 0x5E8D, 0x5F25, 0x5FFB, 0x6100, 0x6227,
    0x6360, 0x649D, 0x65CE, 0x66E6, 0x67D6, 0x68B9, 0x69B3, 0x6ABD, 0x6BD0, 0x6CE7, 0x6DFB, 0x6F06, 0x7001, 0x70E7, 0x71B1, 0x725A,
    0x72D9, 0x732B, 0x7347, 0x9FAC, 0x9F5D, 0x9ED8, 0x9E26, 0x9D50, 0x9C61, 0x9B60, 0x9A58, 0x9952, 0x9857, 0x9771, 0x96A9, 0x9608,
    0x9599, 0x9563, 0x958C, 0x9623, 0x970B, 0x982C, 0x996B, 0x9AAD, 0x9BD8, 0x9CD2, 0x9D80, 0x9DC9, 0x9D91, 0x9CD5, 0x9BAE, 0x9A30,
    0x986E, 0x967B, 0x946B, 0x9251, 0x9040, 0x8E4C, 0x8C87, 0x8B06, 0x89DA, 0x8919, 0x88D4, 0x5143, 0x51B1, 0x525F, 0x5346, 0x545A,
    0x5593, 0x56E7, 0x584D, 0x59BB, 0x5B29, 0x5C8C, 0x5DDC, 0x5F0E, 0x601A, 0x60F6, 0x61AB, 0x6247, 0x62CB, 0x6339, 0x6392, 0x63D6,
    0x6407, 0x6425, 0x6433, 0x6430, 0x641D, 0x63F3, 0x63A8, 0x6344, 0x62CC, 0x6245, 0x61B4, 0x6120, 0x608E, 0x6003, 0x5F85, 0x5F19,
    0x5EC6, 0x5E8F, 0x5E7C, 0xF345, 0xF56F, 0xFA08, 0xFFF4, 0x0614, 0x0B50, 0x0E8A, 0x0EA7, 0x0AC7, 0x039A, 0xFA60, 0xF058, 0xE6C1,
    0xDEDA, 0xD9E2, 0xD84E, 0xD93D, 0xDBE7, 0xDF86, 0xE354, 0xE68B, 0xEA18, 0xEEB7, 0xF357, 0xF6E6, 0xF852, 0xF852, 0xF852, 0xF852,
    0xF852, 0xF852, 0xF852, 0xF852, 0xF852, 0xF852, 0xF852, 0xF852, 0xF852, 0xF852, 0xF852, 0x2351, 0x232B, 0x22DB, 0x2273, 0x2203,
    0x219C, 0x214F, 0x212D, 0x2120, 0x2113, 0x2115, 0x2136, 0x2185, 0x2212, 0x22EC, 0x24AE, 0x2771, 0x2A81, 0x2D2B, 0x2EBB, 0x2E7D,
    0x2AC3, 0x23E0, 0x1C1E, 0x15C8, 0x1329, 0x1329, 0x1329, 0x1329, 0x1329, 0x1329, 0x1329, 0x1329, 0x1329, 0x1329, 0x1329, 0x1329,
    0x1329, 0x1329, 0x1329, 0xDF86, 0xE021, 0xE167, 0xE30F, 0xE4D1, 0xE663, 0xE77C, 0xE7D5, 0xE7AB, 0xE756, 0xE6AF, 0xE58C, 0xE3C9,
    0xE13C, 0xDDBF, 0xD82F, 0xD05B, 0xC787, 0xBEF8, 0xB7F4, 0xB3BE, 0xB3C0, 0xB738, 0xBC29, 0xC095, 0xC27F, 0xC27F, 0xC27F, 0xC27F,
    0xC27F, 0xC27F, 0xC27F, 0xC27F, 0xC27F, 0xC27F, 0xC27F, 0xC27F, 0xC27F, 0xC27F, 0xC27F, 0xFA63, 0xF8FD, 0xF6C5, 0xF3DA, 0xF059,
    0xEC61, 0xE80F, 0xE382, 0xDED7, 0xDA2D, 0xD5A1, 0xD151, 0xCD5B, 0xC9DE, 0xC6F6, 0xC52D, 0xC4AD, 0xC509, 0xC5D2, 0xC69B, 0xC6F6,
    0xC6F6, 0xC6F6, 0xC6F6, 0xC6F6, 0xC6F6, 0xC6F6, 0xC6F6, 0xC6F6, 0xC6F6, 0xC6F6, 0xC6F6, 0xC6F6, 0xC6F6, 0xC6F6, 0xC6F6, 0xC6F6,
    0xC6F6, 0xC6F6, 0xC6F6, 0x131C, 0x12B9, 0x11D7, 0x1096, 0x0F16, 0x0D76, 0x0BD7, 0x0A58, 0x091A, 0x083B, 0x07DD, 0x0820, 0x0922,
    0x0B04, 0x0DE6, 0x146A, 0x1FD4, 0x2E31, 0x3D91, 0x4C03, 0x5795, 0x6146, 0x6AAA, 0x72B1, 0x784A, 0x7A64, 0x7A64, 0x7A64, 0x7A64,
    0x7A64, 0x7A64, 0x7A64, 0x7A64, 0x7A64, 0x7A64, 0x7A64, 0x7A64, 0x7A64, 0x7A64, 0x7A64, 0xEC4C, 0xEC7C, 0xEC9A, 0xECB2, 0xECCF,
    0xECFD, 0xED48, 0xEDBB, 0xEE63, 0xEF4A, 0xF07D, 0xF208, 0xF3F5, 0xF651, 0xF928, 0xFE39, 0x0655, 0x1024, 0x1A48, 0x2367, 0x2A26,
    0x2E66, 0x3126, 0x32B6, 0x336A, 0x3394, 0x3394, 0x3394, 0x3394, 0x3394, 0x3394, 0x3394, 0x3394, 0x3394, 0x3394, 0x3394, 0x3394,
    0x3394, 0x3394, 0x3394, 0xE0B0, 0xE146, 0xE239, 0xE379, 0xE4F9, 0xE6AB, 0xE882, 0xEA6F, 0xEC64, 0xEE53, 0xF030, 0xF1EA, 0xF376,
    0xF4C5, 0xF5C8, 0xF5EA, 0xF4FA, 0xF388, 0xF221, 0xF152, 0xF1AA, 0xF41C, 0xF859, 0xFD0A, 0x00D5, 0x0265, 0x0265, 0x0265, 0x0265,
    0x0265, 0x0265, 0x0265, 0x0265, 0x0265, 0x0265, 0x0265, 0x0265, 0x0265, 0x0265, 0x0265, 0xFFB8, 0xFFB8, 0xFFB8, 0xFFB9, 0xFFB9,
    0xFFB9, 0xFFB9, 0xFFB9, 0xFFB8, 0xFFB7, 0xFFB6, 0xFFB5, 0xFFB5, 0xFFB6, 0xFFB8, 0xFFBB, 0xFFBF, 0xFFC4, 0xFFC8, 0xFFCE, 0xFFD3,
    0xFFD9, 0xFFDF, 0xFFE4, 0xFFEA, 0xFFEF, 0xFFEF, 0xFFEF, 0xFFEF, 0xFFEF, 0xFFEF, 0xFFEF, 0xFFEF, 0xFFEF, 0xFFEF, 0xFFEF, 0xFFEF,
    0xFFEF, 0xFFEF, 0xFFEF, 0xFF3D, 0xFF3D, 0xFF3D, 0xFF3D, 0xFF3D, 0xFF3C, 0xFF3C, 0xFF3D, 0xFF3D, 0xFF3D, 0xFF3D, 0xFF3D, 0xFF3E,
    0xFF3D, 0xFF3D, 0xFF3C, 0xFF3B, 0xFF3A, 0xFF39, 0xFF38, 0xFF37, 0xFF36, 0xFF34, 0xFF33, 0xFF32, 0xFF31, 0xFF31, 0xFF31, 0xFF31,
    0xFF31, 0xFF31, 0xFF31, 0xFF31, 0xFF31, 0xFF31, 0xFF31, 0xFF31, 0xFF31, 0xFF31, 0xFF31, 0xD81B, 0xD816, 0xD80A, 0xD7FC, 0xD7ED,
    0xD7E2, 0xD7DE, 0xD7F0, 0xD81E, 0xD857, 0xD88E, 0xD8B2, 0xD8B5, 0xD888, 0xD81B, 0xD777, 0xD6B0, 0xD5CB, 0xD4CF, 0xD3C0, 0xD2A5,
    0xD182, 0xD05D, 0xCF3C, 0xCE24, 0xCD1B, 0xCD1B, 0xCD1B, 0xCD1B, 0xCD1B, 0xCD1B, 0xCD1B, 0xCD1B, 0xCD1B, 0xCD1B, 0xCD1B, 0xCD1B,
    0xCD1B, 0xCD1B, 0xCD1B, 0x0366, 0x0609, 0x0B9D, 0x12D5, 0x1A64, 0x20FF, 0x2559, 0x277B, 0x2883, 0x28C9, 0x28A1, 0x2863, 0x2865,
    0x28FE, 0x2A83, 0x2CCA, 0x2F65, 0x3248, 0x3565, 0x38AF, 0x3C18, 0x3F93, 0x4312, 0x4688, 0x49E8, 0x4D24, 0x4D24, 0x4D24, 0x4D24,
    0x4D24, 0x4D24, 0x4D24, 0x4D24, 0x4D24, 0x4D24, 0x4D24, 0x4D24, 0x4D24, 0x4D24, 0x4D24, 0x0CE2, 0x0EC2, 0x12B9, 0x17D3, 0x1D1F,
    0x21A9, 0x247E, 0x25F4, 0x2700, 0x27A0, 0x27D3, 0x2796, 0x26E7, 0x25C5, 0x242C, 0x221E, 0x1FA8, 0x1CDA, 0x19C3, 0x1676, 0x1303,
    0x0F79, 0x0BEA, 0x0866, 0x04FD, 0x01C0, 0x01C0, 0x01C0, 0x01C0, 0x01C0, 0x01C0, 0x01C0, 0x01C0, 0x01C0, 0x01C0, 0x01C0, 0x01C0,
    0x01C0, 0x01C0, 0x01C0, 0x0EFE, 0x1063, 0x135B, 0x1715, 0x1AC4, 0x1D9A, 0x1EC8, 0x1E57, 0x1D05, 0x1B0F, 0x18B3, 0x1630, 0x13C2,
    0x11A8, 0x1020, 0x0F0B, 0x0E1C, 0x0D4F, 0x0C9B, 0x0BFD, 0x0B6C, 0x0AE4, 0x0A5E, 0x09D4, 0x093F, 0x089B, 0x089B, 0x089B, 0x089B,
    0x089B, 0x089B, 0x089B, 0x089B, 0x089B, 0x089B, 0x089B, 0x089B, 0x089B, 0x089B, 0x089B, 0x961D, 0x9486, 0x9125, 0x8CEA, 0x88C3,
    0x85A0, 0x846E, 0x852F, 0x870D, 0x89B5, 0x8CD2, 0x9012, 0x9322, 0x95AD, 0x9760, 0x9865, 0x9924, 0x99A9, 0x99FD, 0x9A2C, 0x9A42,
    0x9A49, 0x9A4C, 0x9A57, 0x9A74, 0x9AAE, 0x9AAE, 0x9AAE, 0x9AAE, 0x9AAE, 0x9AAE, 0x9AAE, 0x9AAE, 0x9AAE, 0x9AAE, 0x9AAE, 0x9AAE,
    0x9AAE, 0x9AAE, 0x9AAE, 0xCEBC, 0xCEAB, 0xCE87, 0xCE5D, 0xCE3A, 0xCE2C, 0xCE27, 0xCE1D, 0xCE11, 0xCE09, 0xCE09, 0xCE17, 0xCE36,
    0xCE6B, 0xCEBC, 0xCF31, 0xCFCB, 0xD081, 0xD149, 0xD21A, 0xD2EA, 0xD3B0, 0xD463, 0xD4F9, 0xD568, 0xD5A9, 0xD5BD, 0xD5B2, 0xD58C,
    0xD550, 0xD503, 0xD4AA, 0xD449, 0xD3E6, 0xD385, 0xD32B, 0xD2DC, 0xD29E, 0xD275, 0xD266, 0x0710, 0x084D, 0x0AF5, 0x0E5C, 0x11D7,
    0x14B8, 0x1710, 0x195E, 0x1BA3, 0x1DDB, 0x2006, 0x2223, 0x242F, 0x262A, 0x2811, 0x29F0, 0x2BD0, 0x2DAD, 0x2F82, 0x314A, 0x3302,
    0x34A4, 0x362C, 0x3796, 0x38DE, 0x39FE, 0x3B03, 0x3BFA, 0x3CE3, 0x3DBC, 0x3E86, 0x3F3E, 0x3FE4, 0x4077, 0x40F6, 0x4160, 0x41B5,
    0x41F2, 0x4217, 0x4224, 0xF169, 0xF32C, 0xF6E9, 0xFB54, 0xFF22, 0x0108, 0x0174, 0x01A5, 0x0190, 0x0128, 0x0063, 0xFF34, 0xFD8F,
    0xFB67, 0xF8B3, 0xF3BA, 0xEC0A, 0xE378, 0xDBDF, 0xD715, 0xD55F, 0xD55F, 0xD679, 0xD80F, 0xD984, 0xDA3C, 0xDA5A, 0xDA6E, 0xDA77,
    0xDA78, 0xDA72, 0xDA67, 0xDA58, 0xDA46, 0xDA32, 0xDA1F, 0xDA0E, 0xDA00, 0xD9F7, 0xD9F3, 0xF279, 0xF47D, 0xF8BF, 0xFDB9, 0x01E3,
    0x03B7, 0x0363, 0x023F, 0x007E, 0xFE56, 0xFBF9, 0xF99C, 0xF773, 0xF5B3, 0xF48F, 0xF438, 0xF4A2, 0xF5AA, 0xF72C, 0xF903, 0xFB88,
    0xFED9, 0x0275, 0x05DF, 0x0897, 0x0A20, 0x0AC5, 0x0B2C, 0x0B5E, 0x0B62, 0x0B40, 0x0B00, 0x0AAA, 0x0A46, 0x09DB, 0x0972, 0x0913,
    0x08C5, 0x0891, 0x087E, 0x973B, 0x9592, 0x9213, 0x8E0C, 0x8ACF, 0x89AC, 0x8A2C, 0x8AFB, 0x8C23, 0x8DAB, 0x8F9D, 0x9200, 0x94DD,
    0x983C, 0x9C26, 0xA278, 0xABB0, 0xB5C5, 0xBEAF, 0xC467, 0xC6A5, 0xC6ED, 0xC5EF, 0xC455, 0xC2CE, 0xC206, 0xC1DA, 0xC1B0, 0xC18B,
    0xC168, 0xC149, 0xC12E, 0xC115, 0xC100, 0xC0EF, 0xC0E0, 0xC0D5, 0xC0CD, 0xC0C8, 0xC0C7, 0x9527, 0x5D21, 0x475E, 0xBF5F, 0x90C1,
    0x7987, 0x4B8C, 0xBF5F, 0xFD76, 0xFCB8, 0xFBD6, 0xFAD5, 0xF9BD, 0xF894, 0xF75F, 0xF627, 0xF4F1, 0xF3C3, 0xF2A5, 0xF19D, 0xF085,
    0xEF4C, 0xEE12, 0xECFA, 0xEC25, 0xEBB5, 0xEBCB, 0xEC42, 0xECDC, 0xED95, 0xEE6A, 0xEF54, 0xF051, 0xF15C, 0xF271, 0xF38C, 0xF4A8,
    0xF5C2, 0xF6D5, 0xF7DD, 0xF8D5, 0xF9BA, 0xFA87, 0xFB38, 0xFBCA, 0xFC37, 0xFC7B, 0xFC93, 0xFEEE, 0xFEC4, 0xFE96, 0xFE63, 0xFE2C,
    0xFDF0, 0xFDB1, 0xFD6D, 0xFD26, 0xFCDB, 0xFC8C, 0xFC3A, 0xFBCF, 0xFB42, 0xFAA5, 0xFA0C, 0xF988, 0xF92D, 0xF90E, 0xF918, 0xF92E,
    0xF94D, 0xF974, 0xF9A3, 0xF9D8, 0xFA12, 0xFA50, 0xFA90, 0xFAD2, 0xFB14, 0xFB56, 0xFB95, 0xFBD2, 0xFC0A, 0xFC3C, 0xFC68, 0xFC8D,
    0xFCA8, 0xFCB9, 0xFCBF, 0x26D8, 0x2621, 0x2544, 0x2448, 0x2335, 0x2211, 0x20E5, 0x1FB8, 0x1E92, 0x1D7A, 0x1C79, 0x1B94, 0x1AC7,
    0x1A0B, 0x1963, 0x18D6, 0x1868, 0x181F, 0x17FE, 0x17F9, 0x17FD, 0x180A, 0x181F, 0x183A, 0x185B, 0x1881, 0x18AB, 0x18D7, 0x1906,
    0x1935, 0x1965, 0x1993, 0x19C0, 0x19EA, 0x1A10, 0x1A31, 0x1A4D, 0x1A61, 0x1A6F, 0x1A73, 0xFF6C, 0xFEB7, 0xFD73, 0xFBBC, 0xF9AE,
    0xF764, 0xF4FA, 0xF28C, 0xF036, 0xEE14, 0xEC40, 0xEAD8, 0xE9F6, 0xE9B6, 0xEA35, 0xEBD6, 0xEEBD, 0xF2A8, 0xF750, 0xFC73, 0x01CB,
    0x0715, 0x0C0D, 0x106E, 0x13F5, 0x165B, 0x17DD, 0x18EA, 0x1990, 0x19DE, 0x19E1, 0x19A8, 0x1940, 0x18B9, 0x1820, 0x1783, 0x16F0,
    0x1676, 0x1622, 0x1603, 0x00A3, 0x0062, 0xFFF6, 0xFF65, 0xFEB6, 0xFDF2, 0xFD20, 0xFC48, 0xFB71, 0xFAA3, 0xF9E6, 0xF942, 0xF8BD,
    0xF85F, 0xF831, 0xF843, 0xF898, 0xF923, 0xF9D6, 0xFAA4, 0xFB7E, 0xFC57, 0xFD22, 0xFDD0, 0xFE55, 0xFEA2, 0xFEC1, 0xFEC7, 0xFEB7,
    0xFE96, 0xFE66, 0xFE2B, 0xFDEA, 0xFDA6, 0xFD62, 0xFD22, 0xFCEA, 0xFCBD, 0xFCA0, 0xFC95, 0x0F98, 0x0FBB, 0x0FF3, 0x103D, 0x1096,
    0x10FB, 0x1168, 0x11DA, 0x124F, 0x12C2, 0x1332, 0x139B, 0x13FA, 0x144B, 0x148B, 0x14B8, 0x14D1, 0x14DC, 0x14DC, 0x14D5, 0x14CD,
    0x14C6, 0x14C7, 0x14D2, 0x14EC, 0x1519, 0x155C, 0x15B3, 0x1618, 0x1688, 0x1700, 0x177C, 0x17F7, 0x186E, 0x18DE, 0x1941, 0x1996,
    0x19D6, 0x1A00, 0x1A0F, 0x0000, 0x010D, 0x030C, 0x05CA, 0x0914, 0x0CB5, 0x107B, 0x1431, 0x17A5, 0x1AA3, 0x1CF8, 0x1E70, 0x1ED7,
    0x1DFB, 0x1BA7, 0x1692, 0x0E20, 0x031F, 0xF661, 0xE8B3, 0xDAE6, 0xCDCA, 0xC22E, 0xB8E2, 0xB2B6, 0xB079, 0xB079, 0xB079, 0xB079,
    0xB079, 0xB079, 0xB079, 0xB079, 0xB079, 0xB079, 0xB079, 0xB079, 0xB079, 0xB079, 0xB079, 0x0000, 0x00FB, 0x0280, 0x047E, 0x06E2,
    0x0999, 0x0C93, 0x0FBC, 0x1302, 0x1654, 0x199F, 0x1CD2, 0x1FD9, 0x22A3, 0x251D, 0x2784, 0x2A10, 0x2CAC, 0x2F46, 0x31C9, 0x3420,
    0x3637, 0x37FB, 0x3957, 0x3A36, 0x3A85, 0x3A85, 0x3A85, 0x3A85, 0x3A85, 0x3A85, 0x3A85, 0x3A85, 0x3A85, 0x3A85, 0x3A85, 0x3A85,
    0x3A85, 0x3A85, 0x3A85, 0x2968, 0x29EE, 0x2AF9, 0x2C6B, 0x2E27, 0x300E, 0x3202, 0x33E6, 0x359C, 0x3705, 0x3804, 0x387A, 0x384A,
    0x3756, 0x3580, 0x31EE, 0x2C34, 0x24DA, 0x1C65, 0x135C, 0x0A46, 0x01A9, 0xFA0C, 0xF3F5, 0xEFEB, 0xEE75, 0xEE75, 0xEE75, 0xEE75,
    0xEE75, 0xEE75, 0xEE75, 0xEE75, 0xEE75, 0xEE75, 0xEE75, 0xEE75, 0xEE75, 0xEE75, 0xEE75,
};

static const u16 anim_87_indices[] = {
    0x0001, 0x0000, 0x0032, 0x0001, 0x0001, 0x0033, 0x0001, 0x0000, 0x0001, 0x0034, 0x0001, 0x0000, 0x0001, 0x030B, 0x0001, 0x030C,
    0x0001, 0x030D, 0x0032, 0x0275, 0x0032, 0x02A7, 0x0032, 0x02D9, 0x0032, 0x01DF, 0x0032, 0x0211, 0x0032, 0x0243, 0x0001, 0x01DB,
    0x0001, 0x01DC, 0x0001, 0x01DD, 0x0032, 0x0039, 0x0032, 0x006B, 0x0032, 0x009D, 0x0001, 0x0000, 0x0001, 0x0000, 0x0001, 0x0038,
    0x0001, 0x0035, 0x0001, 0x0036, 0x0001, 0x0037, 0x0001, 0x01D7, 0x0001, 0x01D8, 0x0001, 0x01D9, 0x0001, 0x00D3, 0x0001, 0x00D4,
    0x0001, 0x00D5, 0x0001, 0x0000, 0x0001, 0x0000, 0x0001, 0x00D2, 0x0001, 0x00CF, 0x0001, 0x00D0, 0x0001, 0x00D1, 0x0001, 0x0000,
    0x0001, 0x0000, 0x0001, 0x01DA, 0x0032, 0x0141, 0x0032, 0x0173, 0x0032, 0x01A5, 0x0001, 0x0000, 0x0001, 0x0000, 0x0032, 0x010F,
    0x0001, 0x0000, 0x0001, 0x0000, 0x0032, 0x00DD, 0x0001, 0x0000, 0x0001, 0x0000, 0x0001, 0x01DE, 0x0001, 0x00DA, 0x0001, 0x00DB,
    0x0001, 0x00DC, 0x0001, 0x0000, 0x0001, 0x0000, 0x0001, 0x00D9, 0x0001, 0x00D6, 0x0001, 0x00D7, 0x0001, 0x00D8,
};

static const s16 anim_87_values[] = {
    0x0000, 0x0066, 0x0066, 0x0066, 0x0067, 0x0067, 0x0067, 0x0067, 0x0067, 0x0067, 0x0067, 0x0067, 0x0067, 0x0067, 0x0067, 0x0067,
    0x0067, 0x0067, 0x0067, 0x0067, 0x0067, 0x0067, 0x0067, 0x0067, 0x0067, 0x0067, 0x0067, 0x0067, 0x0067, 0x0067, 0x0067, 0x0067,
    0x0067, 0x0067, 0x0067, 0x0067, 0x0067, 0x0067, 0x0067, 0x0066, 0x0066, 0x0066, 0x0066, 0x0066, 0x0066, 0x0066, 0x0066, 0x0066,
    0x0066, 0x0066, 0x0066, 0xFF5A, 0x3FFF, 0xF772, 0xF00D, 0xE2ED, 0xC0C8, 0x7347, 0x7389, 0x73BB, 0x73E0, 0x73F7, 0x7402, 0x7403,
    0x73FA, 0x73E9, 0x73D1, 0x73B3, 0x7390, 0x736B, 0x7343, 0x731A, 0x72F1, 0x72CA, 0x72A5, 0x7285, 0x7269, 0x7254, 0x7247, 0x7242,
    0x7243, 0x7246, 0x724B, 0x7251, 0x7259, 0x7263, 0x726D, 0x7279, 0x7286, 0x7293, 0x72A1, 0x72AF, 0x72BD, 0x72CC, 0x72DA, 0x72E8,
    0x72F6, 0x7303, 0x7310, 0x731B, 0x7326, 0x732F, 0x7338, 0x733E, 0x7343, 0x7346, 0x7347, 0x88D4, 0x8871, 0x882F, 0x880A, 0x8800,
    0x880F, 0x8833, 0x886A, 0x88B1, 0x8905, 0x8964, 0x89CC, 0x8A38, 0x8AA7, 0x8B16, 0x8B82, 0x8BE8, 0x8C47, 0x8C9A, 0x8CDF, 0x8D14,
    0x8D36, 0x8D41, 0x8D3D, 0x8D30, 0x8D1B, 0x8CFE, 0x8CDB, 0x8CB2, 0x8C84, 0x8C52, 0x8C1C, 0x8BE2, 0x8BA6, 0x8B69, 0x8B2A, 0x8AEB,
    0x8AAD, 0x8A6F, 0x8A33, 0x89FA, 0x89C3, 0x8991, 0x8963, 0x893A, 0x8917, 0x88FB, 0x88E6, 0x88D8, 0x88D4, 0x5E7C, 0x5E67, 0x5E5B,
    0x5E58, 0x5E5E, 0x5E6B, 0x5E7E, 0x5E97, 0x5EB4, 0x5ED6, 0x5EFA, 0x5F21, 0x5F48, 0x5F70, 0x5F98, 0x5FBE, 0x5FE2, 0x6002, 0x601F,
    0x6037, 0x6049, 0x6054, 0x6058, 0x6056, 0x6051, 0x6048, 0x603C, 0x602D, 0x601C, 0x6009, 0x5FF4, 0x5FDD, 0x5FC5, 0x5FAC, 0x5F92,
    0x5F77, 0x5F5D, 0x5F43, 0x5F29, 0x5F10, 0x5EF8, 0x5EE1, 0x5ECC, 0x5EB8, 0x5EA7, 0x5E98, 0x5E8C, 0x5E84, 0x5E7E, 0x5E7C, 0xF852,
    0x1329, 0xC27F, 0xC6F6, 0x7A64, 0x3394, 0x0265, 0xFFEF, 0xFF31, 0xCD1B, 0x4D24, 0x01C0, 0x089B, 0x9AAE, 0xD266, 0xD25A, 0xD24E,
    0xD243, 0xD23A, 0xD231, 0xD229, 0xD222, 0xD21C, 0xD217, 0xD213, 0xD20F, 0xD20C, 0xD209, 0xD208, 0xD207, 0xD206, 0xD206, 0xD207,
    0xD208, 0xD20A, 0xD20C, 0xD20E, 0xD211, 0xD214, 0xD217, 0xD21B, 0xD21E, 0xD222, 0xD226, 0xD22B, 0xD22F, 0xD233, 0xD238, 0xD23C,
    0xD241, 0xD245, 0xD249, 0xD24D, 0xD251, 0xD255, 0xD258, 0xD25B, 0xD25E, 0xD260, 0xD262, 0xD264, 0xD265, 0xD266, 0xD266, 0x4224,
    0x4244, 0x4261, 0x427C, 0x4294, 0x42AA, 0x42BD, 0x42CE, 0x42DD, 0x42EB, 0x42F6, 0x42FF, 0x4307, 0x430C, 0x4311, 0x4313, 0x4314,
    0x4314, 0x4313, 0x4310, 0x430C, 0x4307, 0x4301, 0x42FA, 0x42F3, 0x42EB, 0x42E2, 0x42D8, 0x42CE, 0x42C4, 0x42B9, 0x42AF, 0x42A4,
    0x4298, 0x428E, 0x4283, 0x4278, 0x426D, 0x4263, 0x425A, 0x4251, 0x4248, 0x4240, 0x4239, 0x4233, 0x422E, 0x422A, 0x4227, 0x4225,
    0x4224, 0xD9F3, 0xD9F2, 0xD9F1, 0xD9F0, 0xD9EF, 0xD9EE, 0xD9EE, 0xD9ED, 0xD9ED, 0xD9EC, 0xD9EC, 0xD9EC, 0xD9EB, 0xD9EB, 0xD9EB,
    0xD9EB, 0xD9EB, 0xD9EB, 0xD9EB, 0xD9EB, 0xD9EB, 0xD9EB, 0xD9EB, 0xD9EC, 0xD9EC, 0xD9EC, 0xD9ED, 0xD9ED, 0xD9ED, 0xD9EE, 0xD9EE,
    0xD9EE, 0xD9EF, 0xD9EF, 0xD9EF, 0xD9F0, 0xD9F0, 0xD9F1, 0xD9F1, 0xD9F1, 0xD9F2, 0xD9F2, 0xD9F2, 0xD9F2, 0xD9F3, 0xD9F3, 0xD9F3,
    0xD9F3, 0xD9F3, 0xD9F3, 0x087E, 0x0877, 0x0872, 0x086C, 0x0867, 0x0863, 0x085F, 0x085C, 0x0859, 0x0856, 0x0854, 0x0852, 0x0850,
    0x084F, 0x084E, 0x084E, 0x084E, 0x084E, 0x084E, 0x084E, 0x084F, 0x0850, 0x0851, 0x0853, 0x0854, 0x0856, 0x0858, 0x085A, 0x085C,
    0x085E, 0x0860, 0x0862, 0x0864, 0x0866, 0x0869, 0x086B, 0x086D, 0x086F, 0x0871, 0x0873, 0x0875, 0x0876, 0x0878, 0x0879, 0x087B,
    0x087C, 0x087D, 0x087D, 0x087E, 0x087E, 0xC0C7, 0xC0C2, 0xC0BD, 0xC0B9, 0xC0B5, 0xC0B2, 0xC0AF, 0xC0AC, 0xC0AA, 0xC0A8, 0xC0A6,
    0xC0A5, 0xC0A4, 0xC0A3, 0xC0A2, 0xC0A2, 0xC0A2, 0xC0A2, 0xC0A2, 0xC0A2, 0xC0A3, 0xC0A4, 0xC0A5, 0xC0A6, 0xC0A7, 0xC0A8, 0xC0A9,
    0xC0AB, 0xC0AC, 0xC0AE, 0xC0B0, 0xC0B1, 0xC0B3, 0xC0B5, 0xC0B6, 0xC0B8, 0xC0BA, 0xC0BB, 0xC0BD, 0xC0BE, 0xC0C0, 0xC0C1, 0xC0C2,
    0xC0C3, 0xC0C4, 0xC0C5, 0xC0C6, 0xC0C6, 0xC0C6, 0xC0C7, 0x9527, 0x5D21, 0x475E, 0xBF5F, 0x90C1, 0x7987, 0x4B8C, 0xBF5F, 0xFC93,
    0xFCF2, 0xFD46, 0xFD8E, 0xFDCB, 0xFDFF, 0xFE29, 0xFE4B, 0xFE65, 0xFE78, 0xFE84, 0xFE8B, 0xFE8C, 0xFE89, 0xFE83, 0xFE79, 0xFE6D,
    0xFE60, 0xFE51, 0xFE42, 0xFE34, 0xFE26, 0xFE1B, 0xFE12, 0xFE0C, 0xFE09, 0xFE08, 0xFE05, 0xFE00, 0xFDF9, 0xFDF1, 0xFDE6, 0xFDDB,
    0xFDCD, 0xFDBF, 0xFDAF, 0xFD9E, 0xFD8D, 0xFD7A, 0xFD67, 0xFD53, 0xFD3E, 0xFD29, 0xFD14, 0xFCFE, 0xFCE8, 0xFCD3, 0xFCBD, 0xFCA8,
    0xFC93, 0xFCBF, 0xFCD5, 0xFCE8, 0xFCF8, 0xFD07, 0xFD13, 0xFD1D, 0xFD26, 0xFD2C, 0xFD32, 0xFD35, 0xFD38, 0xFD39, 0xFD3A, 0xFD39,
    0xFD38, 0xFD37, 0xFD35, 0xFD32, 0xFD30, 0xFD2D, 0xFD2B, 0xFD29, 0xFD27, 0xFD26, 0xFD26, 0xFD25, 0xFD23, 0xFD21, 0xFD1D, 0xFD19,
    0xFD14, 0xFD0E, 0xFD08, 0xFD01, 0xFCFB, 0xFCF4, 0xFCED, 0xFCE6, 0xFCE0, 0xFCD9, 0xFCD3, 0xFCCE, 0xFCC9, 0xFCC5, 0xFCC2, 0xFCBF,
    0xFCBE, 0xFCBE, 0xFCBF, 0x1A73, 0x1AA2, 0x1AD7, 0x1B12, 0x1B50, 0x1B92, 0x1BD8, 0x1C20, 0x1C69, 0x1CB4, 0x1D00, 0x1D4B, 0x1D95,
    0x1DDE, 0x1E25, 0x1E6A, 0x1EAA, 0x1EE7, 0x1F1F, 0x1F52, 0x1F7E, 0x1FA5, 0x1FC3, 0x1FDA, 0x1FE8, 0x1FED, 0x1FE6, 0x1FD0, 0x1FAF,
    0x1F81, 0x1F4A, 0x1F0A, 0x1EC3, 0x1E76, 0x1E24, 0x1DCE, 0x1D75, 0x1D1C, 0x1CC3, 0x1C6C, 0x1C18, 0x1BC7, 0x1B7C, 0x1B38, 0x1AFC,
    0x1AC9, 0x1AA0, 0x1A84, 0x1A74, 0x1A73, 0x1603, 0x15DB, 0x15AC, 0x1577, 0x153E, 0x1500, 0x14BE, 0x1479, 0x1432, 0x13EA, 0x13A0,
    0x1357, 0x130D, 0x12C5, 0x127F, 0x123B, 0x11FA, 0x11BE, 0x1186, 0x1153, 0x1126, 0x1100, 0x10E1, 0x10CA, 0x10BB, 0x10B6, 0x10BD,
    0x10CE, 0x10EB, 0x1111, 0x1140, 0x1177, 0x11B5, 0x11F8, 0x1240, 0x128B, 0x12DA, 0x132A, 0x137A, 0x13CB, 0x141A, 0x1467, 0x14B0,
    0x14F6, 0x1536, 0x156F, 0x15A2, 0x15CC, 0x15ED, 0x1603, 0xFC95, 0xFC77, 0xFC58, 0xFC37, 0xFC16, 0xFBF5, 0xFBD3, 0xFBB1, 0xFB90,
    0xFB6E, 0xFB4D, 0xFB2D, 0xFB0D, 0xFAEF, 0xFAD2, 0xFAB6, 0xFA9D, 0xFA85, 0xFA6F, 0xFA5B, 0xFA4A, 0xFA3B, 0xFA30, 0xFA27, 0xFA22,
    0xFA20, 0xFA23, 0xFA2B, 0xFA39, 0xFA4B, 0xFA61, 0xFA7A, 0xFA97, 0xFAB7, 0xFAD8, 0xFAFC, 0xFB20, 0xFB45, 0xFB6B, 0xFB91, 0xFBB5,
    0xFBD9, 0xFBFB, 0xFC1B, 0xFC39, 0xFC53, 0xFC6A, 0xFC7D, 0xFC8B, 0xFC95, 0x1A0F, 0x1A21, 0x1A2D, 0x1A32, 0x1A32, 0x1A2C, 0x1A21,
    0x1A12, 0x19FF, 0x19E9, 0x19D0, 0x19B5, 0x1998, 0x197A, 0x195C, 0x193D, 0x191F, 0x1902, 0x18E6, 0x18CD, 0x18B5, 0x18A1, 0x1891,
    0x1884, 0x187C, 0x187A, 0x187B, 0x187E, 0x1884, 0x188C, 0x1896, 0x18A2, 0x18AF, 0x18BE, 0x18CE, 0x18E0, 0x18F3, 0x1906, 0x191B,
    0x1930, 0x1946, 0x195C, 0x1973, 0x198A, 0x19A1, 0x19B8, 0x19CE, 0x19E4, 0x19FA, 0x1A0F, 0xB079, 0x3A85, 0xEE75,
};

static const u16 anim_88_89_indices[] = {
    0x0001, 0x0000, 0x0014, 0x0001, 0x0014, 0x0015, 0x0001, 0x0000, 0x0001, 0x0029, 0x0001, 0x0000, 0x0001, 0x0000, 0x0001, 0x0000,
    0x0014, 0x0262, 0x0001, 0x0000, 0x0001, 0x0000, 0x0014, 0x024E, 0x0014, 0x0212, 0x0014, 0x0226, 0x0014, 0x023A, 0x0001, 0x020E,
    0x0001, 0x020F, 0x0001, 0x0210, 0x0014, 0x007A, 0x0014, 0x008E, 0x0014, 0x00A2, 0x0001, 0x0000, 0x0001, 0x0000, 0x0014, 0x0066,
    0x0014, 0x002A, 0x0014, 0x003E, 0x0014, 0x0052, 0x0001, 0x020A, 0x0001, 0x020B, 0x0001, 0x020C, 0x0014, 0x0106, 0x0014, 0x011A,
    0x0014, 0x012E, 0x0001, 0x0000, 0x0001, 0x0000, 0x0014, 0x00F2, 0x0014, 0x00B6, 0x0014, 0x00CA, 0x0014, 0x00DE, 0x0001, 0x0000,
    0x0001, 0x0000, 0x0001, 0x020D, 0x0014, 0x01CE, 0x0014, 0x01E2, 0x0014, 0x01F6, 0x0001, 0x0000, 0x0001, 0x0000, 0x0014, 0x01BA,
    0x0001, 0x0000, 0x0001, 0x0000, 0x0014, 0x01A6, 0x0001, 0x0000, 0x0001, 0x0000, 0x0001, 0x0211, 0x0014, 0x016A, 0x0014, 0x017E,
    0x0014, 0x0192, 0x0001, 0x0000, 0x0001, 0x0000, 0x0014, 0x0156, 0x0001, 0x0000, 0x0001, 0x0000, 0x0014, 0x0142,
};

static const s16 anim_88_89_values[] = {
    0x0000, 0x0109, 0x0103, 0x00F4, 0x00E1, 0x00CE, 0x00B7, 0x009F, 0x008A, 0x0077, 0x006C, 0x006D, 0x0075, 0x0079, 0x0061, 0x0064,
    0x0068, 0x005C, 0x0051, 0x0053, 0x0056, 0x0000, 0x0000, 0x0001, 0x0002, 0x0003, 0x0004, 0x0004, 0x0003, 0x0001, 0x0000, 0x0000,
    0x0000, 0x0000, 0x0000, 0x0000, 0x0000, 0x0000, 0x0000, 0x0000, 0x0000, 0x3FFF, 0xFA8C, 0xFAE6, 0xFBAE, 0xFC75, 0xFCD0, 0xFC51,
    0xFA8C, 0xF6B2, 0xF0F2, 0xEA58, 0xE3F2, 0xDECE, 0xDBF8, 0xDACB, 0xD9E6, 0xD944, 0xD8DC, 0xD8A9, 0xD8A1, 0xD8C0, 0x0985, 0x09AE,
    0x0A08, 0x0A62, 0x0A8A, 0x0A51, 0x0985, 0x07C8, 0x052F, 0x0234, 0xFF52, 0xFCFF, 0xFBB8, 0xFB30, 0xFAC8, 0xFA7F, 0xFA50, 0xFA39,
    0xFA36, 0xFA44, 0xF483, 0xF482, 0xF47F, 0xF47C, 0xF47B, 0xF47D, 0xF483, 0xF490, 0xF4A4, 0xF4BB, 0xF4D1, 0xF4E2, 0xF4EC, 0xF4F0,
    0xF4F3, 0xF4F5, 0xF4F7, 0xF4F7, 0xF4F7, 0xF4F7, 0xE876, 0xE85B, 0xE821, 0xE7E6, 0xE7CC, 0xE7F1, 0xE876, 0xE996, 0xEB46, 0xED35,
    0xEF16, 0xF097, 0xF16C, 0xF1D0, 0xF231, 0xF28E, 0xF2E5, 0xF333, 0xF378, 0xF3AF, 0x8268, 0x832E, 0x853F, 0x8837, 0x8BB2, 0x8F4D,
    0x92A6, 0x9617, 0x9A0A, 0x9E2B, 0xA2E7, 0xA7D2, 0xAB51, 0xAD7E, 0xAF79, 0xB137, 0xB2A9, 0xB3C1, 0xB474, 0xB4B2, 0xA7FF, 0xA6D2,
    0xA3E0, 0xA00F, 0x9C40, 0x9958, 0x9839, 0x9CCA, 0xA4F4, 0xA8A1, 0xA257, 0x978F, 0x909E, 0x8F0F, 0x8EA5, 0x8F0C, 0x8FEF, 0x90F9,
    0x91D8, 0x9234, 0xFB6C, 0xFA25, 0xF6C3, 0xF1F0, 0xEC58, 0xE6A5, 0xE184, 0xDC68, 0xD6E4, 0xD1CF, 0xCCCA, 0xC834, 0xC603, 0xC61B,
    0xC6EC, 0xC83F, 0xC9DE, 0xCB95, 0xCD2E, 0xCE72, 0x1904, 0x189A, 0x17B1, 0x16C8, 0x165E, 0x16F2, 0x1904, 0x1D85, 0x2440, 0x2BF9,
    0x3375, 0x3979, 0x3CCA, 0x3E2B, 0x3F36, 0x3FF4, 0x406E, 0x40AA, 0x40B2, 0x408F, 0x0E48, 0x0E3E, 0x0E27, 0x0E10, 0x0E05, 0x0E14,
    0x0E48, 0x0EBA, 0x0F63, 0x1026, 0x10E2, 0x117A, 0x11CD, 0x11F0, 0x120A, 0x121D, 0x1229, 0x122F, 0x1230, 0x122C, 0xE984, 0xE912,
    0xE816, 0xE71A, 0xE6A7, 0xE748, 0xE984, 0xEE62, 0xF5A7, 0xFDFF, 0x0614, 0x0C94, 0x1029, 0x11A6, 0x12C6, 0x1394, 0x1417, 0x1458,
    0x1461, 0x143B, 0xE80D, 0xE8A0, 0xEA0B, 0xEBDF, 0xEDAA, 0xEEFC, 0xEF63, 0xEE94, 0xECDC, 0xEAAA, 0xE86E, 0xE699, 0xE59B, 0xE540,
    0xE505, 0xE4E5, 0xE4DE, 0xE4EA, 0xE505, 0xE52D, 0xE9A2, 0xE7CA, 0xE2FA, 0xDC47, 0xD4C7, 0xCD8F, 0xC7B6, 0xC371, 0xC04E, 0xBE5F,
    0xBDBB, 0xBDFD, 0xBE7C, 0xBE91, 0xBE0F, 0xBD52, 0xBC7D, 0xBBB8, 0xBB26, 0xBAEE, 0x2A96, 0x29BA, 0x2784, 0x2481, 0x213D, 0x1E46,
    0x1C27, 0x1BE7, 0x1CD8, 0x1CFB, 0x1B85, 0x1967, 0x173E, 0x15A7, 0x149E, 0x13B9, 0x12FD, 0x1271, 0x1218, 0x11FA, 0x809C, 0x7E2B,
    0x77C8, 0x6EDF, 0x64DB, 0x5B26, 0x532A, 0x4CED, 0x47EC, 0x44C6, 0x438D, 0x438B, 0x443D, 0x451D, 0x4617, 0x4759, 0x48C4, 0x4A36,
    0x4B92, 0x4CB6, 0xDF08, 0xE260, 0xE5C3, 0xE380, 0xDF5C, 0xDBAF, 0xD70B, 0xD02B, 0xC8A7, 0xC353, 0xC1DD, 0xC298, 0xC353, 0xC32A,
    0xC2D8, 0xC29A, 0xC2AE, 0xC353, 0xC465, 0xC596, 0x1927, 0x12C2, 0x0B42, 0x0C70, 0x1054, 0x13B5, 0x1826, 0x1EBC, 0x25F5, 0x2B14,
    0x2C55, 0x2B7C, 0x2B14, 0x2BCB, 0x2CA3, 0x2DA8, 0x2EE3, 0x3060, 0x31FA, 0x3388, 0x03D0, 0x036C, 0x02BE, 0x01E6, 0x0181, 0x02A9,
    0x0401, 0x048F, 0x04DF, 0x04F5, 0x0473, 0x03EB, 0x03EF, 0x0415, 0x0447, 0x0472, 0x0481, 0x0460, 0x0413, 0x03AC, 0x03AB, 0x0401,
    0x047C, 0x04DC, 0x04D2, 0x0393, 0x024E, 0x01DE, 0x01B9, 0x01D9, 0x02BD, 0x0392, 0x037B, 0x0316, 0x029C, 0x0248, 0x0253, 0x02F9,
    0x041F, 0x057F, 0xBE38, 0xBA48, 0xB3CF, 0xAC53, 0xA9F6, 0xB8B7, 0xC890, 0xCDE3, 0xCFB0, 0xCEDD, 0xC6F2, 0xBF58, 0xBF38, 0xC0B2,
    0xC2E7, 0xC4F5, 0xC5FE, 0xC522, 0xC2AA, 0xBF8B, 0xE454, 0xE874, 0xED3F, 0xEC5A, 0xE9AC, 0xE757, 0xE44A, 0xDFC4, 0xDACE, 0xD74A,
    0xD654, 0xD6CF, 0xD74A, 0xD74A, 0xD74A, 0xD74A, 0xD74A, 0xD74A, 0xD738, 0xD709, 0x1553, 0x109D, 0x0BA8, 0x0E43, 0x135C, 0x17DE,
    0x1D97, 0x2611, 0x2F58, 0x35EB, 0x3750, 0x3601, 0x35EB, 0x3877, 0x3BF1, 0x3F9D, 0x42BD, 0x4496, 0x454F, 0x45A0, 0xF54A, 0xF5EE,
    0xF760, 0xF9FC, 0xFBBF, 0xF9B9, 0xF70F, 0xF5F4, 0xF54A, 0xF4F3, 0xF54F, 0xF5FF, 0xF66B, 0xF6D1, 0xF735, 0xF799, 0xF800, 0xF86D,
    0xF8E5, 0xF96B, 0xFC6A, 0xFAF6, 0xF8AE, 0xF6A1, 0xF5C3, 0xF864, 0xFB78, 0xFCCC, 0xFD90, 0xFDB5, 0xFC40, 0xFA82, 0xF9E4, 0xF97C,
    0xF92B, 0xF8D4, 0xF858, 0xF797, 0xF69A, 0xF581, 0xBD45, 0xB7BF, 0xADDF, 0xA15E, 0x9A7B, 0xA7EC, 0xB80B, 0xBE38, 0xC157, 0xC1FF,
    0xBCCC, 0xB62E, 0xB338, 0xB0AA, 0xAE69, 0xAC5A, 0xAA62, 0xA865, 0xA64E, 0xA420, 0x7FFF, 0x7FFF, 0x4171, 0xC5E4, 0x7FFF, 0x7FFF,
    0x4171, 0xBF5F, 0x01EE, 0x01ED, 0x01EC, 0x01E9, 0x01E7, 0x01E3, 0x01E0, 0x01DB, 0x01D6, 0x01D0, 0x01CA, 0x01C3, 0x01B6, 0x019C,
    0x018C, 0x0197, 0x01AB, 0x01B6, 0x01B5, 0x01B4, 0x010C, 0x010D, 0x0110, 0x0114, 0x0119, 0x011E, 0x0124, 0x012B, 0x0133, 0x013C,
    0x0145, 0x014E, 0x015E, 0x017B, 0x018E, 0x0182, 0x016C, 0x0160, 0x0161, 0x0165, 0xE07C, 0xE067, 0xE02F, 0xDFDB, 0xDF70, 0xDEF5,
    0xDE72, 0xDDDF, 0xDD33, 0xDC72, 0xDBA2, 0xDAC8, 0xD946, 0xD678, 0xD4AC, 0xD5D3, 0xD7FC, 0xD927, 0xD90E, 0xD8CB, 0x1995, 0x17DB,
    0x135F, 0x0D31, 0x065F, 0xFFF7, 0xFB08, 0xF86A, 0xF776, 0xF6F5, 0xF677, 0xF66D, 0xF6F5, 0xF7D0, 0xF8AB, 0xF987, 0xFA65, 0xFB46,
    0xFC2B, 0xFD15, 0x52E9, 0x5839, 0x61ED, 0x6C23, 0x7609, 0x7D26, 0x8294, 0x875D, 0x8B7D, 0x8DFC, 0x8E27, 0x8CB0, 0x8ABA, 0x885E,
    0x8564, 0x8274, 0x8036, 0x7F52, 0x7F58, 0x7F62,
};

static const u16 anim_8C_indices[] = {
    0x0008, 0x0001, 0x0008, 0x0009, 0x0001, 0x0011, 0x0001, 0x0000, 0x0001, 0x0012, 0x0001, 0x0000, 0x0008, 0x012B, 0x0008, 0x0133,
    0x0008, 0x013B, 0x0008, 0x0113, 0x0008, 0x011B, 0x0008, 0x0123, 0x0008, 0x00FB, 0x0008, 0x0103, 0x0008, 0x010B, 0x0001, 0x00F7,
    0x0001, 0x00F8, 0x0001, 0x00F9, 0x0008, 0x0033, 0x0008, 0x003B, 0x0008, 0x0043, 0x0001, 0x0000, 0x0001, 0x0000, 0x0008, 0x002B,
    0x0008, 0x0013, 0x0008, 0x001B, 0x0008, 0x0023, 0x0001, 0x00F3, 0x0001, 0x00F4, 0x0001, 0x00F5, 0x0008, 0x006B, 0x0008, 0x0073,
    0x0008, 0x007B, 0x0001, 0x0000, 0x0001, 0x0000, 0x0008, 0x0063, 0x0008, 0x004B, 0x0008, 0x0053, 0x0008, 0x005B, 0x0001, 0x0000,
    0x0001, 0x0000, 0x0001, 0x00F6, 0x0008, 0x00DB, 0x0008, 0x00E3, 0x0008, 0x00EB, 0x0001, 0x0000, 0x0001, 0x0000, 0x0008, 0x00D3,
    0x0008, 0x00BB, 0x0008, 0x00C3, 0x0008, 0x00CB, 0x0001, 0x0000, 0x0001, 0x0000, 0x0001, 0x00FA, 0x0008, 0x00A3, 0x0008, 0x00AB,
    0x0008, 0x00B3, 0x0001, 0x0000, 0x0001, 0x0000, 0x0008, 0x009B, 0x0008, 0x0083, 0x0008, 0x008B, 0x0008, 0x0093,
};

static const s16 anim_8C_values[] = {
    0x0000, 0xFFF4, 0x0008, 0xFFF8, 0xFFF3, 0xFFF2, 0xFFF7, 0xFFFE, 0x0000, 0x008D, 0x007B, 0x0080, 0x0097, 0x009C, 0x0086, 0x005F,
    0x004A, 0xFFDD, 0x3FFF, 0xE53C, 0xE262, 0xDBB8, 0xD47F, 0xCFC7, 0xD00B, 0xD2D0, 0xD3BC, 0xEA28, 0xE97A, 0xE81C, 0xE6B9, 0xE711,
    0xEB50, 0xF14A, 0xF442, 0xE4D0, 0xED22, 0xF3C0, 0xF9DB, 0xFCDE, 0xFA22, 0xF44E, 0xF0C3, 0xE5B6, 0xD6D6, 0xD97E, 0xDF44, 0xE25C,
    0xDF3C, 0xD96D, 0xD5BB, 0xE523, 0xD803, 0xDF7B, 0xF7C0, 0x1877, 0xFCA8, 0xE781, 0xE897, 0xE134, 0xFBF0, 0x0413, 0xE9A7, 0xD45E,
    0xE440, 0xE6F6, 0xE6FA, 0xDDB9, 0xEB4F, 0x0B0A, 0x0EFF, 0x020A, 0x09EB, 0x1882, 0x1770, 0xC9D0, 0xCD41, 0xDDA7, 0xDD42, 0xD25D,
    0xD136, 0xD89B, 0xE0EB, 0x0A52, 0x1260, 0x17EC, 0x161A, 0x0842, 0x00D7, 0x023C, 0x03F5, 0xD324, 0xD7F6, 0xDB3E, 0xDC28, 0xD37A,
    0xDD1D, 0xDFA5, 0xE246, 0xD051, 0xCF46, 0xDEAF, 0xCBBC, 0xCFB2, 0xCE00, 0xCE4A, 0xCEA6, 0xC6D0, 0xCA2C, 0xBFDA, 0x760F, 0x456A,
    0x5929, 0x4F8A, 0x49A0, 0x1F8A, 0x234B, 0x2104, 0x3917, 0x2B9E, 0x14E1, 0x137B, 0x167A, 0x8791, 0x94DD, 0x9B46, 0x584B, 0x16E6,
    0x1F55, 0x21E9, 0x2327, 0xFFBA, 0xFFCF, 0xFFB1, 0xFF76, 0xFF57, 0xFF84, 0xFFCC, 0xFFF8, 0xFF39, 0xFF31, 0xFF3B, 0xFF69, 0xFF88,
    0xFF71, 0xFF49, 0xFF30, 0xD7CA, 0xD3A2, 0xD9EE, 0xE8A4, 0xF10E, 0xE6CC, 0xD629, 0xCBFA, 0x229B, 0x3C67, 0x4F41, 0x324D, 0x1605,
    0x1048, 0x122C, 0x1605, 0xEB40, 0xF434, 0xFDBC, 0x0846, 0x0B59, 0x0A00, 0x07DF, 0x0675, 0x0075, 0xF8B4, 0xF7DB, 0xF46C, 0xFCFD,
    0xFD9B, 0xFCCA, 0xFCFD, 0xDA06, 0xD3CD, 0xC8C3, 0xB3E4, 0xA81E, 0xA78A, 0xA8ED, 0xA81E, 0xFA86, 0xFAA0, 0xFA98, 0xFA82, 0xFA80,
    0xFAAC, 0xFAEC, 0xFB0A, 0x0137, 0x01C5, 0x01E8, 0x01C9, 0x0148, 0xFFF0, 0xFE34, 0xFD4D, 0xC3FB, 0xC805, 0xC917, 0xC85E, 0xC4BC,
    0xBACB, 0xADF1, 0xA73E, 0x58CE, 0x5F56, 0x6186, 0x61E4, 0x61F7, 0x6276, 0x62AA, 0x61F7, 0x02DD, 0x0307, 0x030E, 0x02E9, 0x0230,
    0x0019, 0xFD6E, 0xFC1D, 0xEB66, 0xEB09, 0xEC67, 0xEE84, 0xEFA0, 0xEE87, 0xEC6E, 0xEB36, 0x949D, 0xA3D4, 0xA9E0, 0xABA2, 0xA995,
    0xA134, 0x9504, 0x8D13, 0x8001, 0x8001, 0x4171, 0xBF5F, 0x8001, 0x8001, 0x4171, 0xBF5F, 0x23A0, 0x2883, 0x3464, 0x1DCF, 0x11CF,
    0x10B9, 0x11A3, 0x11CF, 0xFB90, 0xF5B2, 0xF48D, 0xF1E5, 0xF4A2, 0xF4C8, 0xF478, 0xF4A2, 0xD73D, 0xF15B, 0x0A3E, 0x186A, 0x1A18,
    0x1B25, 0x1BEB, 0x1A18, 0xEFB4, 0xEF85, 0xF075, 0xF75E, 0xF33B, 0xF298, 0xF2A6, 0xF33B, 0x02E4, 0xF761, 0xEB75, 0xF388, 0xFCB4,
    0xFDAD, 0xFD1F, 0xFCB4, 0x277E, 0x16BC, 0x06CC, 0x072A, 0x1203, 0x12BB, 0x11A5, 0x1203, 0xE4B5, 0xCB3F, 0xBF9A, 0xC1CF, 0xD385,
    0xE009, 0xEB47, 0xF1AC, 0x28AE, 0x2503, 0x18F0, 0x11D5, 0x088F, 0x042E, 0x00D4, 0xFF34, 0x3C1B, 0x1E3D, 0x0F8A, 0x0CC5, 0x0A3D,
    0x0A19, 0x0A8B, 0x0D43,
};

static const u16 anim_8E_8F_indices[] = {
    0x0001, 0x0000, 0x0014, 0x0001, 0x0014, 0x0015, 0x0001, 0x0000, 0x0001, 0x0029, 0x0001, 0x0000, 0x0001, 0x0000, 0x0001, 0x0000,
    0x0014, 0x0315, 0x0014, 0x02D9, 0x0014, 0x02ED, 0x0014, 0x0301, 0x0014, 0x029D, 0x0014, 0x02B1, 0x0014, 0x02C5, 0x0001, 0x0299,
    0x0001, 0x029A, 0x0001, 0x029B, 0x0014, 0x007A, 0x0014, 0x008E, 0x0014, 0x00A2, 0x0001, 0x0000, 0x0001, 0x0000, 0x0014, 0x0066,
    0x0014, 0x002A, 0x0014, 0x003E, 0x0014, 0x0052, 0x0001, 0x025A, 0x0001, 0x025B, 0x0001, 0x025C, 0x0014, 0x0106, 0x0014, 0x011A,
    0x0014, 0x012E, 0x0001, 0x0000, 0x0001, 0x0000, 0x0014, 0x00F2, 0x0014, 0x00B6, 0x0014, 0x00CA, 0x0014, 0x00DE, 0x0014, 0x025D,
    0x0014, 0x0271, 0x0014, 0x0285, 0x0014, 0x021E, 0x0014, 0x0232, 0x0014, 0x0246, 0x0001, 0x0000, 0x0001, 0x0000, 0x0014, 0x020A,
    0x0014, 0x01CE, 0x0014, 0x01E2, 0x0014, 0x01F6, 0x0001, 0x0000, 0x0001, 0x0000, 0x0001, 0x029C, 0x0014, 0x0192, 0x0014, 0x01A6,
    0x0014, 0x01BA, 0x0001, 0x0000, 0x0001, 0x0000, 0x0014, 0x017E, 0x0014, 0x0142, 0x0014, 0x0156, 0x0014, 0x016A,
};

static const s16 anim_8E_8F_values[] = {
    0x0000, 0x0036, 0x0036, 0x0036, 0x0036, 0x0036, 0x0042, 0x005B, 0x0072, 0x0077, 0x0085, 0x0095, 0x009E, 0x00A3, 0x00A5, 0x00A7,
    0x00A9, 0x00AA, 0x00AB, 0x00AB, 0x00AC, 0x0000, 0xFFFF, 0xFFFD, 0xFFF8, 0xFFF4, 0xFFEF, 0xFFEB, 0xFFE7, 0xFFE6, 0xFFFA, 0xFFFE,
    0xFFFF, 0xFFFF, 0x0000, 0x0000, 0x0000, 0x0000, 0x0000, 0x0000, 0x0000, 0x3FFF, 0xFF8A, 0x022A, 0x0856, 0x0F7B, 0x1506, 0x1772,
    0x16D6, 0x1176, 0x0C4C, 0x0A8F, 0x08E0, 0x0744, 0x05C2, 0x045F, 0x0322, 0x0212, 0x0133, 0x008C, 0x0024, 0x0000, 0xF980, 0xF7BC,
    0xF3C8, 0xEFA9, 0xED62, 0xF0E7, 0xF565, 0xF426, 0xF26D, 0xF2DA, 0xF377, 0xF437, 0xF50F, 0xF5F1, 0xF6D3, 0xF7A7, 0xF862, 0xF8F6,
    0xF958, 0xF97C, 0xF06F, 0xF018, 0xEF09, 0xED38, 0xEA98, 0xE38D, 0xDE26, 0xE49D, 0xEB8D, 0xEC93, 0xED4F, 0xEDCB, 0xEE11, 0xEE2C,
    0xEE27, 0xEE0B, 0xEDE3, 0xEDB9, 0xED99, 0xED8C, 0xD60A, 0xD4BA, 0xD28A, 0xD21A, 0xD60A, 0xEA25, 0x0000, 0x0000, 0x0000, 0xFB57,
    0xF5CB, 0xEFA5, 0xE92D, 0xE2AA, 0xDC63, 0xD69F, 0xD1A8, 0xCDC3, 0xCB38, 0xCA4F, 0xA150, 0x9E76, 0x9775, 0x8E9C, 0x863B, 0x7CC9,
    0x750C, 0x7212, 0x763F, 0x81DF, 0x8FA4, 0x9EE0, 0xAEE3, 0xBEFE, 0xCE80, 0xDCBB, 0xE8FE, 0xF29A, 0xF8DF, 0xFB1D, 0xCC95, 0xC608,
    0xB687, 0xA444, 0x9577, 0x8DB5, 0x8A8D, 0x8A8F, 0x8E40, 0x9472, 0x9BAD, 0xA39A, 0xABE1, 0xB42A, 0xBC1E, 0xC364, 0xC9A5, 0xCE89,
    0xD1B9, 0xD2DC, 0x4B26, 0x4C83, 0x4F71, 0x5233, 0x5309, 0x4EFB, 0x46EA, 0x3B8A, 0x3022, 0x26BE, 0x1C67, 0x1180, 0x066C, 0xFB91,
    0xF150, 0xE80C, 0xE02B, 0xDA0E, 0xD61B, 0xD4B4, 0x0000, 0xFEDA, 0xFBEA, 0xF7F7, 0xF3C7, 0xEBC5, 0xF534, 0xF7ED, 0xF8E0, 0xF9BB,
    0xFA9C, 0xFB7F, 0xFC5D, 0xFD31, 0xFDF4, 0xFEA1, 0xFF32, 0xFFA1, 0xFFE8, 0x0000, 0x0000, 0x003E, 0x00A5, 0x00BA, 0x0000, 0xF98A,
    0x0000, 0x0089, 0x0000, 0x0000, 0x0000, 0x0000, 0x0000, 0x0000, 0x0000, 0x0000, 0x0000, 0x0000, 0x0000, 0x0000, 0xED8C, 0xEE45,
    0xEF7A, 0xEFB7, 0xED8C, 0xDA3F, 0xEF58, 0xF240, 0xF182, 0xF1F9, 0xF273, 0xF2EC, 0xF362, 0xF3D2, 0xF439, 0xF493, 0xF4DE, 0xF518,
    0xF53C, 0xF549, 0xDBBE, 0xDA9C, 0xD8B8, 0xD857, 0xDBBE, 0xEDE1, 0x0000, 0xFC7A, 0xF3CA, 0xEF32, 0xEA2E, 0xE4EB, 0xDF98, 0xDA64,
    0xD57D, 0xD111, 0xCD51, 0xCA69, 0xC888, 0xC7DD, 0x3127, 0x292C, 0x16DC, 0x02AA, 0xF50C, 0xF9EF, 0x0409, 0x04B8, 0x00BD, 0xF0D9,
    0xEEEB, 0xEE2B, 0xEE6E, 0xEF87, 0xF14B, 0xF4AF, 0xF9CF, 0xFF3D, 0x038B, 0x054B, 0x319A, 0x2EA7, 0x278A, 0x1EDB, 0x1734, 0x1025,
    0x0BF6, 0x0ED4, 0x1510, 0x1E96, 0x24F4, 0x2B8E, 0x319D, 0x365A, 0x38FC, 0x3877, 0x3550, 0x311A, 0x2D6B, 0x2BD6, 0x18A1, 0x0F37,
    0xF908, 0xDF21, 0xCA96, 0xC2C0, 0xBF99, 0xBB6F, 0xB4AC, 0x9F91, 0x9FAB, 0xA1C1, 0xA53F, 0xA994, 0xAE2D, 0xB448, 0xBC48, 0xC44E,
    0xCA7C, 0xCCF6, 0x001B, 0x0051, 0x00A9, 0x00BB, 0x001B, 0xFD55, 0xF976, 0xF639, 0xF734, 0xF843, 0xFBCF, 0xFE86, 0xFF2E, 0xFFA0,
    0xFFE6, 0x0008, 0x0013, 0x000F, 0x0005, 0x0000, 0x025B, 0x025C, 0x025E, 0x025E, 0x025B, 0x0271, 0x023F, 0x00A2, 0xF75B, 0xF571,
    0xF886, 0xFB6B, 0xFC53, 0xFD1A, 0xFDC1, 0xFE47, 0xFEAE, 0xFEF7, 0xFF22, 0xFF30, 0xCB25, 0xCBCE, 0xCCE7, 0xCD20, 0xCB25, 0xC250,
    0xB60B, 0xABF3, 0xB02E, 0xA943, 0xB313, 0xBC78, 0xBF89, 0xC239, 0xC485, 0xC66A, 0xC7E7, 0xC8FA, 0xC9A0, 0xC9D8, 0x0640, 0x0C90,
    0x1BD6, 0x2E94, 0x3F4A, 0x4E7B, 0x5970, 0x4F7A, 0x4DCA, 0x4735, 0x395B, 0x2EA6, 0x2AD0, 0x277D, 0x24AD, 0x2260, 0x2096, 0x1F4F,
    0x1E8B, 0x1E4A, 0xFFC5, 0xFF98, 0xFF60, 0xFF94, 0x00AA, 0x0497, 0x09E6, 0x0E04, 0x0EBA, 0x12E8, 0x160E, 0x180E, 0x18CE, 0x196F,
    0x19F3, 0x1A5B, 0x1AAA, 0x1AE0, 0x1AFF, 0x1B09, 0xFEB1, 0xFE95, 0xFE6B, 0xFE6E, 0xFEDA, 0x004B, 0x02EF, 0x0821, 0x0F6B, 0x0E01,
    0x0F33, 0x1065, 0x10AF, 0x10E6, 0x110E, 0x1128, 0x1139, 0x1141, 0x1144, 0x1144, 0x9C21, 0x97FF, 0x8EBB, 0x8508, 0x7F95, 0x8694,
    0x91B7, 0x9351, 0x8C02, 0x9AC3, 0xA1E0, 0xA598, 0xA738, 0xA89B, 0xA9C1, 0xAAAE, 0xAB63, 0xABE1, 0xAC2C, 0xAC44, 0x0095, 0x0069,
    0x0020, 0x0012, 0x0095, 0x0361, 0x060D, 0x0290, 0x01F5, 0xFEAB, 0x01A0, 0x0444, 0x042F, 0x03BF, 0x0312, 0x0244, 0x0171, 0x00B7,
    0x0032, 0x0000, 0xFF09, 0xFEF9, 0xFEDE, 0xFED9, 0xFF09, 0xFFDA, 0x010C, 0x0257, 0x015B, 0x0236, 0x0244, 0x0217, 0x01D5, 0x0184,
    0x012B, 0x00D3, 0x0081, 0x003E, 0x0010, 0x0000, 0xCC42, 0xCCE0, 0xCDE6, 0xCE1B, 0xCC42, 0xC41E, 0xB891, 0xADF2, 0xB1DD, 0xAE99,
    0xB207, 0xB5A9, 0xB759, 0xB908, 0xBAA5, 0xBC1F, 0xBD63, 0xBE61, 0xBF05, 0xBF40, 0x09C7, 0x0F7C, 0x1D58, 0x2E75, 0x3DED, 0x4C93,
    0x57E1, 0x50E8, 0x4ADD, 0x4421, 0x395C, 0x3108, 0x2E28, 0x2BB5, 0x29AB, 0x2808, 0x26C7, 0x25E7, 0x2562, 0x2537, 0x0000, 0xFFF3,
    0xFFD5, 0xFFB9, 0xFFB3, 0xFFF8, 0x003C, 0xFFD7, 0xFBE0, 0xFFE3, 0xF31C, 0xE7A0, 0xE3B2, 0xE03D, 0xDD44, 0xDACC, 0xD8DA, 0xD770,
    0xD694, 0xD64A, 0x006C, 0x0069, 0x0062, 0x0058, 0x004B, 0x002C, 0x0017, 0x0058, 0x0228, 0x005E, 0xF9E1, 0xF4A3, 0xF2BC, 0xF110,
    0xEFA0, 0xEE6F, 0xED7E, 0xECCF, 0xEC65, 0xEC41, 0xA137, 0x9CB5, 0x9284, 0x87A0, 0x8107, 0x86CC, 0x907C, 0x902B, 0x8954, 0x94BE,
    0xA048, 0xA84D, 0xAB64, 0xAE15, 0xB05E, 0xB23F, 0xB3B7, 0xB4C5, 0xB568, 0xB59E, 0x8001, 0x8001, 0x4171, 0x0000, 0xFFFE, 0xFFF9,
    0xFFF8, 0x0000, 0x0024, 0x0058, 0x0089, 0x00B4, 0x00C7, 0x0091, 0x0058, 0x0045, 0x0034, 0x0024, 0x0018, 0x000D, 0x0006, 0x0001,
    0x0000, 0x0000, 0xFFB7, 0xFF3C, 0xFF23, 0x0000, 0x03CD, 0x093A, 0x0E57, 0x12E0, 0x14D5, 0x0F3A, 0x0938, 0x073A, 0x056F, 0x03DC,
    0x0286, 0x0173, 0x00A8, 0x002B, 0x0000, 0xBF5F, 0xBF5D, 0xBF5A, 0xBF5A, 0xBF5F, 0xBF76, 0xBF98, 0xBFB7, 0xBFD3, 0xBFDF, 0xBFBD,
    0xBF98, 0xBF8C, 0xBF80, 0xBF77, 0xBF6F, 0xBF68, 0xBF63, 0xBF60, 0xBF5F, 0x8001, 0x8001, 0x4171, 0xBF5F, 0x0000, 0x0000, 0x0000,
    0x0000, 0x0000, 0xFFE4, 0xFFAF, 0xFF92, 0xFF94, 0xFF9A, 0xFFA3, 0xFFAF, 0xFFBB, 0xFFC9, 0xFFD7, 0xFFE4, 0xFFEF, 0xFFF8, 0xFFFE,
    0x0000, 0x0342, 0x0342, 0x0342, 0x0342, 0x0342, 0x0314, 0x02B3, 0x0260, 0x0225, 0x01E5, 0x01A3, 0x015F, 0x011C, 0x00DC, 0x00A1,
    0x006C, 0x003F, 0x001D, 0x0007, 0x0000, 0x1815, 0x1815, 0x1815, 0x1815, 0x1815, 0x14BA, 0x0E24, 0x098E, 0x07BE, 0x0603, 0x0461,
    0x02DB, 0x0175, 0x0032, 0xFF18, 0xFE28, 0xFD67, 0xFCD8, 0xFC80, 0xFC62, 0x0000, 0xFFE8, 0xFFAE, 0xFF6C, 0xFF3A, 0xFF22, 0xFF18,
    0xFF16, 0xFF20, 0xFF34, 0xFF49, 0xFF62, 0xFF7D, 0xFF98, 0xFFB2, 0xFFCB, 0xFFE1, 0xFFF1, 0xFFFD, 0x0000, 0xFCBE, 0xFCB5, 0xFCA7,
    0xFCAB, 0xFCD6, 0xFD4F, 0xFE00, 0xFEA7, 0xFF37, 0xFF90, 0xFFAB, 0xFFC1, 0xFFD3, 0xFFE1, 0xFFEC, 0xFFF5, 0xFFFA, 0xFFFE, 0x0000,
    0x0000, 0x13EC, 0x151D, 0x17EB, 0x1B2D, 0x1DBB, 0x1EE6, 0x1F81, 0x20A4, 0x2489, 0x268C, 0x2414, 0x20DA, 0x1D1B, 0x1915, 0x1505,
    0x1128, 0x0DBC, 0x0AFF, 0x092D, 0x0884, 0x1E68, 0x1E7C, 0x1EEB, 0x2004, 0x2212, 0x2654, 0x2E3C, 0x3FE6, 0x4862, 0x4755, 0x448C,
    0x4295, 0x41F5, 0x417C, 0x4123, 0x40E7, 0x40C0, 0x40AB, 0x40A3, 0x40A1,
};

static const u16 anim_96_indices[] = {
    0x0001, 0x0000, 0x000A, 0x0001, 0x000A, 0x000B, 0x0001, 0x0000, 0x0001, 0x0015, 0x0001, 0x0000, 0x0001, 0x0000, 0x0001, 0x0000,
    0x000A, 0x014A, 0x0001, 0x0000, 0x0001, 0x0000, 0x000A, 0x0140, 0x0001, 0x0000, 0x0001, 0x0000, 0x000A, 0x0136, 0x0001, 0x0132,
    0x0001, 0x0133, 0x0001, 0x0134, 0x000A, 0x003E, 0x000A, 0x0048, 0x000A, 0x0052, 0x0001, 0x0000, 0x0001, 0x0000, 0x000A, 0x0034,
    0x000A, 0x0016, 0x000A, 0x0020, 0x000A, 0x002A, 0x0001, 0x012E, 0x0001, 0x012F, 0x0001, 0x0130, 0x000A, 0x0084, 0x000A, 0x008E,
    0x000A, 0x0098, 0x0001, 0x0000, 0x0001, 0x0000, 0x000A, 0x007A, 0x000A, 0x005C, 0x000A, 0x0066, 0x000A, 0x0070, 0x0001, 0x0000,
    0x0001, 0x0000, 0x0001, 0x0131, 0x000A, 0x0110, 0x000A, 0x011A, 0x000A, 0x0124, 0x0001, 0x0000, 0x0001, 0x0000, 0x000A, 0x0106,
    0x000A, 0x00E8, 0x000A, 0x00F2, 0x000A, 0x00FC, 0x0001, 0x0000, 0x0001, 0x0000, 0x0001, 0x0135, 0x000A, 0x00CA, 0x000A, 0x00D4,
    0x000A, 0x00DE, 0x0001, 0x0000, 0x0001, 0x0000, 0x000A, 0x00C0, 0x000A, 0x00A2, 0x000A, 0x00AC, 0x000A, 0x00B6,
};

static const s16 anim_96_values[] = {
    0x0000, 0x0069, 0x0069, 0x006B, 0x0070, 0x007C, 0x008C, 0x0099, 0x00A3, 0x00A8, 0x00AA, 0xFFDD, 0xFFDE, 0xFFE1, 0xFFE5, 0xFFE8,
    0xFFED, 0xFFF3, 0xFFF9, 0xFFFE, 0x0000, 0x3FFF, 0xB870, 0xC8B8, 0xE8E8, 0x0000, 0x05C0, 0x051C, 0x01EA, 0x0000, 0x0000, 0x0000,
    0xE53A, 0xE9D6, 0xF2F2, 0xF97C, 0xFB1C, 0xFAEE, 0xFA07, 0xF97C, 0xF97C, 0xF97C, 0xF329, 0xF1E2, 0xEF5B, 0xED8C, 0xED18, 0xED25,
    0xED65, 0xED8C, 0xED8C, 0xED8C, 0xD1A5, 0xCA9C, 0xBDAA, 0xB70A, 0xBB9C, 0xC531, 0xCF6C, 0xD5F1, 0xD0EE, 0xCA4F, 0x4683, 0x7072,
    0xC343, 0xFE6F, 0x0C9D, 0x0A28, 0x0119, 0xFB7C, 0xFB29, 0xFB1D, 0xC85D, 0xC976, 0xCBC6, 0xCDD2, 0xCF29, 0xD059, 0xD164, 0xD24C,
    0xD2CA, 0xD2DC, 0x1427, 0xFE27, 0xD378, 0xB71B, 0xB4ED, 0xBD03, 0xC8B9, 0xD164, 0xD447, 0xD4B4, 0x4035, 0x3199, 0x14B9, 0x0000,
    0xFAD8, 0xFB6A, 0xFE48, 0x0000, 0x0000, 0x0000, 0x1B99, 0x1552, 0x08E8, 0x0000, 0xFDC9, 0xFE08, 0xFF43, 0x0000, 0x0000, 0x0000,
    0xFAFE, 0xF9B1, 0xF721, 0xF549, 0xF4D4, 0xF4E1, 0xF522, 0xF549, 0xF549, 0xF549, 0xD3AE, 0xCB80, 0xBC52, 0xB42D, 0xB88F, 0xC279,
    0xCD32, 0xD401, 0xCEC1, 0xC7DD, 0xDDA1, 0xB169, 0x5973, 0x18D6, 0x0587, 0x027E, 0x064A, 0x077B, 0x0593, 0x054B, 0x2F11, 0x2D59,
    0x2A0D, 0x27FB, 0x281A, 0x291C, 0x2A69, 0x2B68, 0x2BC8, 0x2BD6, 0x3498, 0x1A22, 0xE623, 0xC1AF, 0xBA78, 0xBE42, 0xC644, 0xCBB3,
    0xCCCD, 0xCCF6, 0x0012, 0x0008, 0xFFE3, 0xFF93, 0xFEB8, 0xFE00, 0xFE58, 0xFF02, 0xFFA1, 0x0000, 0xFF31, 0xFF30, 0xFF2F, 0xFF2D,
    0xFF27, 0xFF22, 0xFF21, 0xFF24, 0xFF2B, 0xFF30, 0xC62D, 0xC659, 0xC6BE, 0xC72D, 0xC7A9, 0xC826, 0xC874, 0xC8C6, 0xC96A, 0xC9D8,
    0x44FE, 0x4518, 0x4498, 0x4245, 0x3BA1, 0x32D0, 0x29D9, 0x2250, 0x1F04, 0x1E4A, 0x0283, 0x0273, 0x02C4, 0x043D, 0x0872, 0x0E08,
    0x13B6, 0x187C, 0x1A92, 0x1B09, 0x1549, 0x154B, 0x153E, 0x1500, 0x1450, 0x1366, 0x1278, 0x11AF, 0x1158, 0x1144, 0x735F, 0x7339,
    0x73F6, 0x775F, 0x8124, 0x8E1A, 0x9B46, 0xA659, 0xAB31, 0xAC44, 0xFA4C, 0xFA6F, 0xFB0D, 0xFC7C, 0x0063, 0x040D, 0x03CF, 0x0255,
    0x00E9, 0x0000, 0x0000, 0xFFED, 0xFFCE, 0xFFD0, 0x003E, 0x00A7, 0x0072, 0x001F, 0x0005, 0x0000, 0xBB2D, 0xBA99, 0xB960, 0xB849,
    0xB74A, 0xB755, 0xBA42, 0xBD86, 0xBEE2, 0xBF40, 0x4C54, 0x4C8E, 0x4C6C, 0x4AAF, 0x454C, 0x3D93, 0x347E, 0x2C2E, 0x272C, 0x2537,
    0x0259, 0x0224, 0x00D6, 0xFD6C, 0xF4B3, 0xEA46, 0xE29D, 0xDC91, 0xD82E, 0xD64A, 0xED25, 0xED3B, 0xED2E, 0xEC86, 0xE9D6, 0xE792,
    0xE921, 0xEB69, 0xEC20, 0xEC41, 0x7774, 0x77B5, 0x7963, 0x7DDA, 0x8923, 0x970E, 0xA2A9, 0xAC48, 0xB2DC, 0xB59E, 0x8001, 0x8001,
    0x4171, 0xBF5F, 0x8001, 0x8001, 0x4171, 0xBF5F, 0xDBCA, 0xDE3D, 0xE456, 0xEC35, 0xF3FA, 0xF9C4, 0xFA42, 0xF8FE, 0xFADA, 0xFC62,
    0x34EF, 0x316A, 0x29BF, 0x2245, 0x1C2A, 0x1603, 0x1046, 0x0B65, 0x08E2, 0x0884, 0x50ED, 0x5118, 0x5101, 0x4FC8, 0x4CFA, 0x4945,
    0x4575, 0x4253, 0x40D8, 0x40A1,
};

static const u16 anim_97_indices[] = {
    0x0001, 0x0000, 0x0006, 0x0001, 0x0006, 0x0007, 0x0001, 0x0000, 0x0001, 0x000D, 0x0001, 0x0000, 0x0001, 0x0000, 0x0001, 0x0000,
    0x0006, 0x00CA, 0x0001, 0x0000, 0x0001, 0x0000, 0x0006, 0x00C4, 0x0001, 0x0000, 0x0001, 0x0000, 0x0006, 0x00BE, 0x0001, 0x00BA,
    0x0001, 0x00BB, 0x0001, 0x00BC, 0x0006, 0x0026, 0x0006, 0x002C, 0x0006, 0x0032, 0x0001, 0x0000, 0x0001, 0x0000, 0x0006, 0x0020,
    0x0006, 0x000E, 0x0006, 0x0014, 0x0006, 0x001A, 0x0001, 0x00B6, 0x0001, 0x00B7, 0x0001, 0x00B8, 0x0006, 0x0050, 0x0006, 0x0056,
    0x0006, 0x005C, 0x0001, 0x0000, 0x0001, 0x0000, 0x0006, 0x004A, 0x0006, 0x0038, 0x0006, 0x003E, 0x0006, 0x0044, 0x0001, 0x0000,
    0x0001, 0x0000, 0x0001, 0x00B9, 0x0006, 0x00A4, 0x0006, 0x00AA, 0x0006, 0x00B0, 0x0001, 0x0000, 0x0001, 0x0000, 0x0006, 0x009E,
    0x0006, 0x008C, 0x0006, 0x0092, 0x0006, 0x0098, 0x0001, 0x0000, 0x0001, 0x0000, 0x0001, 0x00BD, 0x0006, 0x007A, 0x0006, 0x0080,
    0x0006, 0x0086, 0x0001, 0x0000, 0x0001, 0x0000, 0x0006, 0x0074, 0x0006, 0x0062, 0x0006, 0x0068, 0x0006, 0x006E,
};

static const s16 anim_97_values[] = {
    0x0000, 0x00AA, 0x00A3, 0x008C, 0x0070, 0x0069, 0x0069, 0x0000, 0xFFF9, 0xFFED, 0xFFE5, 0xFFE0, 0xFFDD, 0x3FFF, 0x0000, 0x0000,
    0x0479, 0x0000, 0xD7BF, 0xB870, 0xF97C, 0xF97C, 0xFAC0, 0xF97C, 0xEE17, 0xE53A, 0xED8C, 0xED8C, 0xED32, 0xED8C, 0xF0B4, 0xF329,
    0xCA4F, 0xD5F1, 0xDE85, 0xB70A, 0xC345, 0xD1A5, 0xFB1D, 0xFB7C, 0x088B, 0xFE6F, 0x972B, 0x4683, 0xD2DC, 0xD24C, 0xD042, 0xCDD2,
    0xCA78, 0xC85D, 0xD4B4, 0xD164, 0xBD9C, 0xB71B, 0xE9CE, 0x1427, 0x0000, 0x0000, 0xFBFD, 0x0000, 0x241E, 0x4035, 0x0000, 0x0000,
    0xFE47, 0x0000, 0x0F86, 0x1B99, 0xF549, 0xF549, 0xF4EE, 0xF549, 0xF87F, 0xFAFE, 0xC7DD, 0xD401, 0xDD02, 0xB42D, 0xC326, 0xD3AE,
    0x054B, 0x077B, 0x0467, 0x18D6, 0x889F, 0xDDA1, 0x2BD6, 0x2B68, 0x2925, 0x27FB, 0x2BC1, 0x2F11, 0xCCF6, 0xCBB3, 0xBF32, 0xC1AF,
    0x01B1, 0x3498, 0x0000, 0xFF02, 0xFE00, 0xFF93, 0xFFFF, 0x0012, 0xFF30, 0xFF24, 0xFF22, 0xFF2D, 0xFF30, 0xFF31, 0xC9D8, 0xC8C6,
    0xC826, 0xC72D, 0xC683, 0xC62D, 0x1E4A, 0x2250, 0x32D0, 0x4245, 0x4526, 0x44FE, 0x1B09, 0x187C, 0x0E08, 0x043D, 0x026A, 0x0283,
    0x1144, 0x11AF, 0x1366, 0x1500, 0x154D, 0x1549, 0xAC44, 0xA659, 0x8E1A, 0x775F, 0x7325, 0x735F, 0x0000, 0x0255, 0x040D, 0xFC7C,
    0xFA94, 0xFA4C, 0x0000, 0x001F, 0x00A7, 0xFFD0, 0xFFDB, 0x0000, 0xBF40, 0xBD86, 0xB755, 0xB849, 0xBA0D, 0xBB2D, 0x2537, 0x2C2E,
    0x3D93, 0x4AAF, 0x4CBC, 0x4C54, 0xD64A, 0xDC91, 0xEA46, 0xFD6C, 0x01E4, 0x0259, 0xEC41, 0xEB69, 0xE792, 0xEC86, 0xED4C, 0xED25,
    0xB59E, 0xAC48, 0x970E, 0x7DDA, 0x7805, 0x7774, 0x8001, 0x8001, 0x4171, 0xBF5F, 0x8001, 0x8001, 0x4171, 0xBF5F, 0xFC62, 0xF8FE,
    0xEAD6, 0xDE15, 0xDB1C, 0xDBCA, 0x0884, 0x0B65, 0x1662, 0x2245, 0x2E33, 0x34EF, 0x40A1, 0x4253, 0x4967, 0x4FC8, 0x5144, 0x50ED,
};

static const u16 anim_98_indices[] = {
    0x0001, 0x0000, 0x005A, 0x0001, 0x0001, 0x005B, 0x0001, 0x0000, 0x0001, 0x005C, 0x0001, 0x0000, 0x0001, 0x0000, 0x0001, 0x0000,
    0x005A, 0x0509, 0x0001, 0x0000, 0x0001, 0x0000, 0x005A, 0x04AF, 0x005A, 0x03A1, 0x005A, 0x03FB, 0x005A, 0x0455, 0x0001, 0x039D,
    0x0001, 0x039E, 0x0001, 0x039F, 0x0001, 0x00BA, 0x0001, 0x00BB, 0x0001, 0x00BC, 0x0001, 0x0000, 0x0001, 0x0000, 0x005A, 0x0060,
    0x0001, 0x005D, 0x0001, 0x005E, 0x0001, 0x005F, 0x0001, 0x0399, 0x0001, 0x039A, 0x0001, 0x039B, 0x0001, 0x011A, 0x0001, 0x011B,
    0x0001, 0x011C, 0x0001, 0x0000, 0x0001, 0x0000, 0x005A, 0x00C0, 0x0001, 0x00BD, 0x0001, 0x00BE, 0x0001, 0x00BF, 0x0001, 0x0000,
    0x0001, 0x0000, 0x0001, 0x039C, 0x005A, 0x028B, 0x005A, 0x02E5, 0x005A, 0x033F, 0x0001, 0x0000, 0x0001, 0x0000, 0x0001, 0x028A,
    0x0001, 0x0288, 0x0001, 0x0000, 0x0001, 0x0289, 0x0001, 0x0000, 0x0001, 0x0000, 0x0001, 0x03A0, 0x005A, 0x017A, 0x005A, 0x01D4,
    0x005A, 0x022E, 0x0001, 0x0000, 0x0001, 0x0000, 0x0001, 0x0179, 0x005A, 0x011D, 0x0001, 0x0177, 0x0001, 0x0178,
};

static const s16 anim_98_values[] = {
    0x0000, 0x0069, 0x0069, 0x0069, 0x0069, 0x0069, 0x0069, 0x006A, 0x006A, 0x006A, 0x006B, 0x006B, 0x006B, 0x006B, 0x006B, 0x006B,
    0x006B, 0x006B, 0x006B, 0x006B, 0x006B, 0x006A, 0x006A, 0x006A, 0x006A, 0x0069, 0x0069, 0x0069, 0x0069, 0x0069, 0x0069, 0x0069,
    0x0069, 0x0069, 0x0069, 0x0069, 0x006A, 0x006A, 0x006A, 0x006A, 0x006B, 0x006B, 0x006B, 0x006B, 0x006B, 0x006B, 0x006B, 0x006B,
    0x006B, 0x006B, 0x006B, 0x006A, 0x006A, 0x006A, 0x006A, 0x0069, 0x0069, 0x0069, 0x0069, 0x0069, 0x0069, 0x0069, 0x0069, 0x0069,
    0x0069, 0x0069, 0x006A, 0x006A, 0x006A, 0x006A, 0x006B, 0x006B, 0x006B, 0x006B, 0x006B, 0x006B, 0x006B, 0x006B, 0x006B, 0x006B,
    0x006B, 0x006A, 0x006A, 0x006A, 0x006A, 0x0069, 0x0069, 0x0069, 0x0069, 0x0069, 0x0069, 0xFFDD, 0x3FFF, 0xB870, 0xE53A, 0xF329,
    0xD1A5, 0xD1B2, 0xD1D9, 0xD214, 0xD25F, 0xD2B6, 0xD316, 0xD37A, 0xD3DE, 0xD43E, 0xD495, 0xD4E1, 0xD51B, 0xD542, 0xD54F, 0xD543,
    0xD522, 0xD4EE, 0xD4AB, 0xD45C, 0xD405, 0xD3A9, 0xD34B, 0xD2EF, 0xD298, 0xD249, 0xD206, 0xD1D2, 0xD1B1, 0xD1A5, 0xD1B1, 0xD1D2,
    0xD206, 0xD249, 0xD298, 0xD2EF, 0xD34B, 0xD3A9, 0xD405, 0xD45C, 0xD4AB, 0xD4EE, 0xD522, 0xD543, 0xD54F, 0xD543, 0xD522, 0xD4EE,
    0xD4AB, 0xD45C, 0xD405, 0xD3A9, 0xD34B, 0xD2EF, 0xD298, 0xD249, 0xD206, 0xD1D2, 0xD1B1, 0xD1A5, 0xD1B1, 0xD1D2, 0xD206, 0xD249,
    0xD298, 0xD2EF, 0xD34B, 0xD3A9, 0xD405, 0xD45C, 0xD4AB, 0xD4EE, 0xD522, 0xD543, 0xD54F, 0xD543, 0xD522, 0xD4EE, 0xD4AB, 0xD45C,
    0xD405, 0xD3A9, 0xD34B, 0xD2EF, 0xD298, 0xD249, 0xD206, 0xD1D2, 0xD1B1, 0xD1A5, 0x4683, 0xC85D, 0x1427, 0x4035, 0x1B99, 0xFAFE,
    0xD3AE, 0xD3B6, 0xD3CB, 0xD3EC, 0xD416, 0xD446, 0xD47B, 0xD4B3, 0xD4EA, 0xD520, 0xD550, 0xD57A, 0xD59B, 0xD5B0, 0xD5B8, 0xD5B1,
    0xD59E, 0xD581, 0xD55C, 0xD530, 0xD500, 0xD4CD, 0xD499, 0xD466, 0xD435, 0xD40A, 0xD3E4, 0xD3C8, 0xD3B5, 0xD3AE, 0xD3B6, 0xD3CD,
    0xD3EF, 0xD41C, 0xD450, 0xD48A, 0xD4C8, 0xD506, 0xD544, 0xD57E, 0xD5B2, 0xD5DF, 0xD602, 0xD618, 0xD620, 0xD618, 0xD602, 0xD5DF,
    0xD5B2, 0xD57E, 0xD544, 0xD506, 0xD4C8, 0xD48A, 0xD450, 0xD41C, 0xD3EF, 0xD3CD, 0xD3B6, 0xD3AE, 0xD3BB, 0xD3E1, 0xD41B, 0xD465,
    0xD4BD, 0xD51D, 0xD584, 0xD5EC, 0xD652, 0xD6B3, 0xD70A, 0xD755, 0xD78F, 0xD7B4, 0xD7C1, 0xD7B4, 0xD78F, 0xD755, 0xD70A, 0xD6B3,
    0xD652, 0xD5EC, 0xD584, 0xD51D, 0xD4BD, 0xD465, 0xD41B, 0xD3E1, 0xD3BB, 0xD3AE, 0xDDA1, 0x2F11, 0x3498, 0x0012, 0x000C, 0xFFFC,
    0xFFE2, 0xFFC0, 0xFF9A, 0xFF6F, 0xFF43, 0xFF16, 0xFEEC, 0xFEC5, 0xFEA3, 0xFE89, 0xFE78, 0xFE72, 0xFE77, 0xFE86, 0xFE9D, 0xFEBB,
    0xFEDE, 0xFF05, 0xFF2E, 0xFF57, 0xFF80, 0xFFA7, 0xFFCA, 0xFFE8, 0xFFFF, 0x000D, 0x0012, 0x000D, 0xFFFF, 0xFFE8, 0xFFCA, 0xFFA7,
    0xFF80, 0xFF57, 0xFF2E, 0xFF05, 0xFEDE, 0xFEBB, 0xFE9D, 0xFE86, 0xFE77, 0xFE72, 0xFE77, 0xFE86, 0xFE9D, 0xFEBB, 0xFEDE, 0xFF05,
    0xFF2E, 0xFF57, 0xFF80, 0xFFA7, 0xFFCA, 0xFFE8, 0xFFFF, 0x000D, 0x0012, 0x000D, 0xFFFF, 0xFFE8, 0xFFCA, 0xFFA7, 0xFF80, 0xFF57,
    0xFF2E, 0xFF05, 0xFEDE, 0xFEBB, 0xFE9D, 0xFE86, 0xFE77, 0xFE72, 0xFE77, 0xFE86, 0xFE9D, 0xFEBB, 0xFEDE, 0xFF05, 0xFF2E, 0xFF57,
    0xFF80, 0xFFA7, 0xFFCA, 0xFFE8, 0xFFFF, 0x000D, 0x0012, 0xFF31, 0xC62D, 0x44FE, 0x0283, 0x0288, 0x0294, 0x02A7, 0x02BE, 0x02DA,
    0x02F9, 0x0318, 0x0338, 0x0357, 0x0372, 0x038A, 0x039D, 0x03A9, 0x03AD, 0x03AA, 0x039F, 0x038E, 0x0379, 0x0360, 0x0345, 0x0327,
    0x0309, 0x02EC, 0x02D1, 0x02B8, 0x02A2, 0x0292, 0x0287, 0x0283, 0x0287, 0x0292, 0x02A2, 0x02B8, 0x02D1, 0x02EC, 0x0309, 0x0327,
    0x0345, 0x0360, 0x0379, 0x038E, 0x039F, 0x03AA, 0x03AD, 0x03AA, 0x039F, 0x038E, 0x0379, 0x0360, 0x0345, 0x0327, 0x0309, 0x02EC,
    0x02D1, 0x02B8, 0x02A2, 0x0292, 0x0287, 0x0283, 0x0287, 0x0292, 0x02A2, 0x02B8, 0x02D1, 0x02EC, 0x0309, 0x0327, 0x0345, 0x0360,
    0x0379, 0x038E, 0x039F, 0x03AA, 0x03AD, 0x03AA, 0x039F, 0x038E, 0x0379, 0x0360, 0x0345, 0x0327, 0x0309, 0x02EC, 0x02D1, 0x02B8,
    0x02A2, 0x0292, 0x0287, 0x0283, 0x1549, 0x1548, 0x1547, 0x1544, 0x1541, 0x153D, 0x1539, 0x1535, 0x1531, 0x152D, 0x1529, 0x1526,
    0x1523, 0x1522, 0x1521, 0x1522, 0x1523, 0x1525, 0x1528, 0x152B, 0x152F, 0x1533, 0x1537, 0x153B, 0x153E, 0x1542, 0x1545, 0x1547,
    0x1548, 0x1549, 0x1548, 0x1547, 0x1545, 0x1542, 0x153E, 0x153B, 0x1537, 0x1533, 0x152F, 0x152B, 0x1528, 0x1525, 0x1523, 0x1522,
    0x1521, 0x1522, 0x1523, 0x1525, 0x1528, 0x152B, 0x152F, 0x1533, 0x1537, 0x153B, 0x153E, 0x1542, 0x1545, 0x1547, 0x1548, 0x1549,
    0x1548, 0x1547, 0x1545, 0x1542, 0x153E, 0x153B, 0x1537, 0x1533, 0x152F, 0x152B, 0x1528, 0x1525, 0x1523, 0x1522, 0x1521, 0x1522,
    0x1523, 0x1525, 0x1528, 0x152B, 0x152F, 0x1533, 0x1537, 0x153B, 0x153E, 0x1542, 0x1545, 0x1547, 0x1548, 0x1549, 0x735F, 0x7368,
    0x7380, 0x73A6, 0x73D6, 0x740E, 0x744B, 0x748B, 0x74CB, 0x7508, 0x7540, 0x7570, 0x7595, 0x75AE, 0x75B7, 0x75AF, 0x7599, 0x7578,
    0x754D, 0x751B, 0x74E4, 0x74A9, 0x746D, 0x7432, 0x73FB, 0x73C8, 0x739D, 0x737C, 0x7367, 0x735F, 0x7367, 0x737C, 0x739D, 0x73C8,
    0x73FB, 0x7432, 0x746D, 0x74A9, 0x74E4, 0x751B, 0x754D, 0x7578, 0x7599, 0x75AF, 0x75B7, 0x75AF, 0x7599, 0x7578, 0x754D, 0x751B,
    0x74E4, 0x74A9, 0x746D, 0x7432, 0x73FB, 0x73C8, 0x739D, 0x737C, 0x7367, 0x735F, 0x7367, 0x737C, 0x739D, 0x73C8, 0x73FB, 0x7432,
    0x746D, 0x74A9, 0x74E4, 0x751B, 0x754D, 0x7578, 0x7599, 0x75AF, 0x75B7, 0x75AF, 0x7599, 0x7578, 0x754D, 0x751B, 0x74E4, 0x74A9,
    0x746D, 0x7432, 0x73FB, 0x73C8, 0x739D, 0x737C, 0x7367, 0x735F, 0xFA4C, 0xBB2D, 0x4C54, 0x0259, 0x0256, 0x024D, 0x0240, 0x0230,
    0x021C, 0x0207, 0x01F1, 0x01DA, 0x01C5, 0x01B2, 0x01A1, 0x0194, 0x018B, 0x0188, 0x018B, 0x0192, 0x019E, 0x01AD, 0x01BE, 0x01D2,
    0x01E6, 0x01FB, 0x020F, 0x0223, 0x0234, 0x0243, 0x024F, 0x0256, 0x0259, 0x0256, 0x024F, 0x0243, 0x0234, 0x0223, 0x020F, 0x01FB,
    0x01E6, 0x01D2, 0x01BE, 0x01AD, 0x019E, 0x0192, 0x018B, 0x0188, 0x018B, 0x0192, 0x019E, 0x01AD, 0x01BE, 0x01D2, 0x01E6, 0x01FB,
    0x020F, 0x0223, 0x0234, 0x0243, 0x024F, 0x0256, 0x0259, 0x0256, 0x024F, 0x0243, 0x0234, 0x0223, 0x020F, 0x01FB, 0x01E6, 0x01D2,
    0x01BE, 0x01AD, 0x019E, 0x0192, 0x018B, 0x0188, 0x018B, 0x0192, 0x019E, 0x01AD, 0x01BE, 0x01D2, 0x01E6, 0x01FB, 0x020F, 0x0223,
    0x0234, 0x0243, 0x024F, 0x0256, 0x0259, 0xED25, 0xED25, 0xED24, 0xED23, 0xED21, 0xED1F, 0xED1D, 0xED1B, 0xED19, 0xED17, 0xED15,
    0xED14, 0xED12, 0xED12, 0xED11, 0xED12, 0xED12, 0xED13, 0xED15, 0xED17, 0xED18, 0xED1A, 0xED1C, 0xED1E, 0xED20, 0xED22, 0xED23,
    0xED24, 0xED25, 0xED25, 0xED25, 0xED24, 0xED23, 0xED22, 0xED20, 0xED1E, 0xED1C, 0xED1A, 0xED18, 0xED17, 0xED15, 0xED13, 0xED12,
    0xED12, 0xED11, 0xED12, 0xED12, 0xED13, 0xED15, 0xED17, 0xED18, 0xED1A, 0xED1C, 0xED1E, 0xED20, 0xED22, 0xED23, 0xED24, 0xED25,
    0xED25, 0xED25, 0xED24, 0xED23, 0xED22, 0xED20, 0xED1E, 0xED1C, 0xED1A, 0xED18, 0xED17, 0xED15, 0xED13, 0xED12, 0xED12, 0xED11,
    0xED12, 0xED12, 0xED13, 0xED15, 0xED17, 0xED18, 0xED1A, 0xED1C, 0xED1E, 0xED20, 0xED22, 0xED23, 0xED24, 0xED25, 0xED25, 0x7774,
    0x777B, 0x778E, 0x77AB, 0x77D1, 0x77FC, 0x782C, 0x785D, 0x788F, 0x78BE, 0x78EA, 0x790F, 0x792C, 0x793F, 0x7946, 0x7940, 0x7930,
    0x7916, 0x78F4, 0x78CD, 0x78A2, 0x7874, 0x7846, 0x7818, 0x77ED, 0x77C6, 0x77A5, 0x778B, 0x777A, 0x7774, 0x777A, 0x778B, 0x77A5,
    0x77C6, 0x77ED, 0x7818, 0x7846, 0x7874, 0x78A2, 0x78CD, 0x78F4, 0x7916, 0x7930, 0x7940, 0x7946, 0x7940, 0x7930, 0x7916, 0x78F4,
    0x78CD, 0x78A2, 0x7874, 0x7846, 0x7818, 0x77ED, 0x77C6, 0x77A5, 0x778B, 0x777A, 0x7774, 0x777A, 0x778B, 0x77A5, 0x77C6, 0x77ED,
    0x7818, 0x7846, 0x7874, 0x78A2, 0x78CD, 0x78F4, 0x7916, 0x7930, 0x7940, 0x7946, 0x7940, 0x7930, 0x7916, 0x78F4, 0x78CD, 0x78A2,
    0x7874, 0x7846, 0x7818, 0x77ED, 0x77C6, 0x77A5, 0x778B, 0x777A, 0x7774, 0x8001, 0x8001, 0x4171, 0xBF5F, 0x8001, 0x8001, 0x4171,
    0xBF5F, 0x0000, 0xFFB0, 0xFECD, 0xFD6D, 0xFBA2, 0xF983, 0xF724, 0xF499, 0xF1F6, 0xEF52, 0xECBF, 0xEA54, 0xE823, 0xE643, 0xE4C7,
    0xE3C4, 0xE34E, 0xE37B, 0xE424, 0xE50F, 0xE639, 0xE79C, 0xE932, 0xEAF8, 0xECE6, 0xEEFA, 0xF12D, 0xF379, 0xF5DB, 0xF84E, 0xFACA,
    0xFD4D, 0xFFD0, 0x024E, 0x04C3, 0x072A, 0x097C, 0x0BB6, 0x0DD2, 0x0FCA, 0x119A, 0x133C, 0x14AC, 0x15E4, 0x16E0, 0x1786, 0x17CA,
    0x17B5, 0x1753, 0x16AD, 0x15CE, 0x14C0, 0x138E, 0x1243, 0x10E8, 0x0F88, 0x0E2E, 0x0CE3, 0x0BB3, 0x0AA8, 0x09CC, 0x092A, 0x08A8,
    0x0827, 0x07A7, 0x0729, 0x06AD, 0x0633, 0x05BB, 0x0545, 0x04D3, 0x0464, 0x03F8, 0x0390, 0x032C, 0x02CD, 0x0272, 0x021C, 0x01CC,
    0x0181, 0x013B, 0x00FC, 0x00C3, 0x0091, 0x0066, 0x0042, 0x0025, 0x0010, 0x0004, 0x0000, 0x0000, 0x0000, 0x0000, 0x0000, 0x0000,
    0x0000, 0x0000, 0x0000, 0x0000, 0x0000, 0x0000, 0x0000, 0x0000, 0x0000, 0x0000, 0x0000, 0x0000, 0x0000, 0x0000, 0xFFFF, 0xFFFD,
    0xFFFB, 0xFFF8, 0xFFF4, 0xFFF1, 0xFFED, 0xFFE9, 0xFFE5, 0xFFE1, 0xFFDE, 0xFFDA, 0xFFD7, 0xFFD5, 0xFFD3, 0xFFD2, 0xFFD2, 0xFFD2,
    0xFFD3, 0xFFD6, 0xFFDA, 0xFFDE, 0xFFE5, 0xFFEC, 0xFFF6, 0x0000, 0x000F, 0x0026, 0x0042, 0x0063, 0x0089, 0x00B1, 0x00DB, 0x0105,
    0x0130, 0x0159, 0x0181, 0x01A5, 0x01C4, 0x01DF, 0x01F3, 0x0200, 0x0204, 0x0202, 0x01FD, 0x01F4, 0x01E7, 0x01D9, 0x01C7, 0x01B3,
    0x019E, 0x0186, 0x016D, 0x0154, 0x0139, 0x011D, 0x0102, 0x00E6, 0x00CB, 0x00B0, 0x0096, 0x007D, 0x0066, 0x0050, 0x003D, 0x002B,
    0x001C, 0x0010, 0x0007, 0x0001, 0x0000, 0xDBCA, 0xDBCA, 0xDBCA, 0xDBCA, 0xDBCA, 0xDBCA, 0xDBCA, 0xDBCA, 0xDBCA, 0xDBCA, 0xDBCA,
    0xDBCA, 0xDBCA, 0xDBCA, 0xDBCA, 0xDBCA, 0xDBCA, 0xDBCA, 0xDBCC, 0xDBD3, 0xDBDD, 0xDBEA, 0xDBFA, 0xDC0C, 0xDC20, 0xDC35, 0xDC4A,
    0xDC5F, 0xDC74, 0xDC88, 0xDC9A, 0xDCAA, 0xDCB7, 0xDCC2, 0xDCC8, 0xDCCA, 0xDCC8, 0xDCC0, 0xDCB3, 0xDC9F, 0xDC84, 0xDC62, 0xDC38,
    0xDC05, 0xDBCA, 0xDB75, 0xDAFA, 0xDA5F, 0xD9A8, 0xD8DD, 0xD802, 0xD71D, 0xD633, 0xD54A, 0xD468, 0xD392, 0xD2CD, 0xD220, 0xD190,
    0xD122, 0xD0DC, 0xD0C3, 0xD0CE, 0xD0EC, 0xD11D, 0xD160, 0xD1B1, 0xD210, 0xD27C, 0xD2F3, 0xD373, 0xD3FA, 0xD488, 0xD51A, 0xD5AF,
    0xD646, 0xD6DD, 0xD773, 0xD805, 0xD893, 0xD91A, 0xD99A, 0xDA11, 0xDA7C, 0xDADC, 0xDB2D, 0xDB6F, 0xDBA1, 0xDBBF, 0xDBCA, 0x34EF,
    0x34EC, 0x34E3, 0x34D6, 0x34C5, 0x34B2, 0x349D, 0x3486, 0x3470, 0x345B, 0x3447, 0x3437, 0x342A, 0x3421, 0x341E, 0x3421, 0x3428,
    0x3434, 0x3443, 0x3454, 0x3468, 0x347C, 0x3491, 0x34A5, 0x34B9, 0x34CA, 0x34D9, 0x34E5, 0x34EC, 0x34EF, 0x34EC, 0x34E5, 0x34D9,
    0x34CA, 0x34B9, 0x34A5, 0x3491, 0x347C, 0x3468, 0x3454, 0x3443, 0x3434, 0x3428, 0x3421, 0x341E, 0x3421, 0x3428, 0x3434, 0x3443,
    0x3454, 0x3468, 0x347C, 0x3491, 0x34A5, 0x34B9, 0x34CA, 0x34D9, 0x34E5, 0x34EC, 0x34EF, 0x34EC, 0x34E5, 0x34D9, 0x34CA, 0x34B9,
    0x34A5, 0x3491, 0x347C, 0x3468, 0x3454, 0x3443, 0x3434, 0x3428, 0x3421, 0x341E, 0x3421, 0x3428, 0x3434, 0x3443, 0x3454, 0x3468,
    0x347C, 0x3491, 0x34A5, 0x34B9, 0x34CA, 0x34D9, 0x34E5, 0x34EC, 0x34EF, 0x50ED, 0x50E7, 0x50D6, 0x50BC, 0x509A, 0x5073, 0x5049,
    0x501C, 0x4FF0, 0x4FC5, 0x4F9F, 0x4F7D, 0x4F63, 0x4F52, 0x4F4C, 0x4F51, 0x4F60, 0x4F77, 0x4F95, 0x4FB8, 0x4FDF, 0x5008, 0x5031,
    0x505A, 0x5081, 0x50A4, 0x50C2, 0x50D9, 0x50E8, 0x50ED, 0x50E8, 0x50D9, 0x50C2, 0x50A4, 0x5081, 0x505A, 0x5031, 0x5008, 0x4FDF,
    0x4FB8, 0x4F95, 0x4F77, 0x4F60, 0x4F51, 0x4F4C, 0x4F51, 0x4F60, 0x4F77, 0x4F95, 0x4FB8, 0x4FDF, 0x5008, 0x5031, 0x505A, 0x5081,
    0x50A4, 0x50C2, 0x50D9, 0x50E8, 0x50ED, 0x50E8, 0x50D9, 0x50C2, 0x50A4, 0x5081, 0x505A, 0x5031, 0x5008, 0x4FDF, 0x4FB8, 0x4F95,
    0x4F77, 0x4F60, 0x4F51, 0x4F4C, 0x4F51, 0x4F60, 0x4F77, 0x4F95, 0x4FB8, 0x4FDF, 0x5008, 0x5031, 0x505A, 0x5081, 0x50A4, 0x50C2,
    0x50D9, 0x50E8, 0x50ED,
};

static const u16 anim_99_indices[] = {
    0x0001, 0x0000, 0x005C, 0x0001, 0x0001, 0x005D, 0x0001, 0x0000, 0x0001, 0x005E, 0x0001, 0x0000, 0x005C, 0x0C9F, 0x005C, 0x0CFB,
    0x005C, 0x0D57, 0x005C, 0x0B8B, 0x005C, 0x0BE7, 0x005C, 0x0C43, 0x005C, 0x0A77, 0x005C, 0x0AD3, 0x005C, 0x0B2F, 0x0001, 0x0A73,
    0x0001, 0x0A74, 0x0001, 0x0A75, 0x005C, 0x01CF, 0x005C, 0x022B, 0x005C, 0x0287, 0x0001, 0x0000, 0x0001, 0x0000, 0x005C, 0x0173,
    0x005C, 0x005F, 0x005C, 0x00BB, 0x005C, 0x0117, 0x0001, 0x0A6F, 0x0001, 0x0A70, 0x0001, 0x0A71, 0x005C, 0x0453, 0x005C, 0x04AF,
    0x005C, 0x050B, 0x0001, 0x0000, 0x0001, 0x0000, 0x005C, 0x03F7, 0x005C, 0x02E3, 0x005C, 0x033F, 0x005C, 0x039B, 0x0001, 0x0000,
    0x0001, 0x0000, 0x0001, 0x0A72, 0x005C, 0x095B, 0x005C, 0x09B7, 0x005C, 0x0A13, 0x0001, 0x0000, 0x0001, 0x0000, 0x005C, 0x08FF,
    0x005C, 0x07EB, 0x005C, 0x0847, 0x005C, 0x08A3, 0x0001, 0x0000, 0x0001, 0x0000, 0x0001, 0x0A76, 0x005C, 0x06D7, 0x005C, 0x0733,
    0x005C, 0x078F, 0x0001, 0x0000, 0x0001, 0x0000, 0x005C, 0x067B, 0x005C, 0x0567, 0x005C, 0x05C3, 0x005C, 0x061F,
};

static const s16 anim_99_values[] = {
    0x0000, 0x005B, 0x005B, 0x005B, 0x005B, 0x005B, 0x005B, 0x005B, 0x005B, 0x005B, 0x005B, 0x005B, 0x005B, 0x005B, 0x005B, 0x005B,
    0x005B, 0x005B, 0x005B, 0x005A, 0x005A, 0x005A, 0x005A, 0x005A, 0x005A, 0x005A, 0x005A, 0x005A, 0x005A, 0x005A, 0x005A, 0x0059,
    0x0059, 0x0059, 0x0059, 0x0059, 0x0058, 0x0058, 0x0058, 0x0058, 0x0057, 0x0057, 0x0057, 0x0057, 0x0057, 0x0057, 0x0057, 0x0057,
    0x0057, 0x0057, 0x0057, 0x0057, 0x0057, 0x0057, 0x0057, 0x0057, 0x0057, 0x0058, 0x0058, 0x0058, 0x0058, 0x0059, 0x0059, 0x0059,
    0x0059, 0x0059, 0x005A, 0x005A, 0x005A, 0x005A, 0x005A, 0x005A, 0x005A, 0x005A, 0x005A, 0x005A, 0x005A, 0x005A, 0x005B, 0x005B,
    0x005B, 0x005B, 0x005B, 0x005B, 0x005B, 0x005B, 0x005B, 0x005B, 0x005B, 0x005B, 0x005B, 0x005B, 0x005B, 0xFFDD, 0x3FFF, 0x18A4,
    0x18A4, 0x18A4, 0x18A4, 0x1899, 0x187C, 0x184F, 0x1816, 0x17D4, 0x178B, 0x1740, 0x16F5, 0x16AE, 0x166E, 0x1637, 0x160D, 0x15EC,
    0x15CC, 0x15AE, 0x1592, 0x157B, 0x1567, 0x1559, 0x1550, 0x154E, 0x1552, 0x155F, 0x1574, 0x1592, 0x15B7, 0x15E3, 0x1615, 0x164C,
    0x1687, 0x16C5, 0x1705, 0x1746, 0x1787, 0x17C7, 0x1805, 0x1841, 0x1878, 0x18AB, 0x18D8, 0x18EC, 0x18E1, 0x18CB, 0x18BF, 0x18BE,
    0x18BC, 0x18BB, 0x18BA, 0x18B9, 0x18B8, 0x18B7, 0x18B6, 0x18B5, 0x18B4, 0x18B4, 0x18B3, 0x18B2, 0x18B1, 0x18B0, 0x18AF, 0x18AF,
    0x18AE, 0x18AD, 0x18AC, 0x18AC, 0x18AB, 0x18AA, 0x18AA, 0x18A9, 0x18A9, 0x18A8, 0x18A8, 0x18A7, 0x18A7, 0x18A6, 0x18A6, 0x18A6,
    0x18A5, 0x18A5, 0x18A5, 0x18A4, 0x18A4, 0x18A4, 0x18A4, 0x18A4, 0x18A4, 0x18A4, 0x18A4, 0xFA05, 0xFA05, 0xFA05, 0xFA05, 0xFA21,
    0xFA6C, 0xFADF, 0xFB6E, 0xFC11, 0xFCBE, 0xFD6B, 0xFE0E, 0xFE9E, 0xFF11, 0xFF5D, 0xFF79, 0xFF66, 0xFF2E, 0xFED7, 0xFE68, 0xFDE5,
    0xFD55, 0xFCBD, 0xFC22, 0xFB8C, 0xFAFE, 0xFA7F, 0xFA15, 0xF9B4, 0xF94F, 0xF8E8, 0xF87E, 0xF815, 0xF7AD, 0xF749, 0xF6E8, 0xF68E,
    0xF63B, 0xF5F0, 0xF5B0, 0xF57B, 0xF554, 0xF53B, 0xF533, 0xF5F0, 0xF795, 0xF940, 0xFA11, 0xFA2A, 0xFA40, 0xFA54, 0xFA66, 0xFA76,
    0xFA84, 0xFA90, 0xFA9A, 0xFAA2, 0xFAA9, 0xFAAE, 0xFAB2, 0xFAB5, 0xFAB6, 0xFAB5, 0xFAB4, 0xFAB2, 0xFAAE, 0xFAAA, 0xFAA5, 0xFA9F,
    0xFA99, 0xFA91, 0xFA8A, 0xFA82, 0xFA79, 0xFA71, 0xFA68, 0xFA5F, 0xFA56, 0xFA4D, 0xFA45, 0xFA3C, 0xFA34, 0xFA2C, 0xFA25, 0xFA1E,
    0xFA18, 0xFA12, 0xFA0E, 0xFA0A, 0xFA07, 0xFA06, 0xFA05, 0xE39B, 0xE39B, 0xE39B, 0xE39B, 0xE3D4, 0xE470, 0xE55B, 0xE682, 0xE7D1,
    0xE932, 0xEA92, 0xEBDE, 0xECFF, 0xEDE4, 0xEE77, 0xEEA4, 0xEE67, 0xEDD4, 0xECF8, 0xEBE5, 0xEAA8, 0xE951, 0xE7EF, 0xE691, 0xE546,
    0xE41F, 0xE329, 0xE274, 0xE1EC, 0xE172, 0xE105, 0xE0A4, 0xE04F, 0xE005, 0xDFC6, 0xDF91, 0xDF65, 0xDF41, 0xDF25, 0xDF11, 0xDF03,
    0xDEFB, 0xDEF8, 0xDEF9, 0xDF8E, 0xE0D1, 0xE21A, 0xE2BE, 0xE2D6, 0xE2EC, 0xE301, 0xE315, 0xE327, 0xE338, 0xE347, 0xE355, 0xE363,
    0xE36F, 0xE379, 0xE383, 0xE38C, 0xE394, 0xE39A, 0xE3A0, 0xE3A6, 0xE3AA, 0xE3AE, 0xE3B0, 0xE3B3, 0xE3B4, 0xE3B5, 0xE3B6, 0xE3B6,
    0xE3B6, 0xE3B5, 0xE3B4, 0xE3B3, 0xE3B1, 0xE3AF, 0xE3AE, 0xE3AC, 0xE3A9, 0xE3A7, 0xE3A5, 0xE3A3, 0xE3A1, 0xE3A0, 0xE39E, 0xE39D,
    0xE39C, 0xE39B, 0xE39B, 0xCD92, 0xCD92, 0xCD92, 0xCD92, 0xCD89, 0xCD70, 0xCD4A, 0xCD1C, 0xCCEA, 0xCCB5, 0xCC83, 0xCC56, 0xCC33,
    0xCC1C, 0xCC16, 0xCC24, 0xCC3E, 0xCC5A, 0xCC7B, 0xCCA3, 0xCCD5, 0xCD12, 0xCD5C, 0xCDB7, 0xCE24, 0xCEA6, 0xCF3F, 0xCFF1, 0xD0C4,
    0xD1B9, 0xD2CC, 0xD3F9, 0xD539, 0xD688, 0xD7E2, 0xD940, 0xDA9E, 0xDBF7, 0xDD46, 0xDE86, 0xDFB2, 0xE0C5, 0xE1BA, 0xE28C, 0xE336,
    0xE3B2, 0xE3FD, 0xE411, 0xE3FF, 0xE3DD, 0xE3AB, 0xE36B, 0xE31D, 0xE2C2, 0xE25B, 0xE1E8, 0xE16B, 0xE0E3, 0xE052, 0xDFB9, 0xDF19,
    0xDE71, 0xDDC3, 0xDD11, 0xDC59, 0xDB9E, 0xDAE0, 0xDA20, 0xD95F, 0xD89D, 0xD7DB, 0xD71B, 0xD65C, 0xD59F, 0xD4E6, 0xD431, 0xD381,
    0xD2D7, 0xD233, 0xD197, 0xD102, 0xD076, 0xCFF4, 0xCF7C, 0xCF10, 0xCEAF, 0xCE5B, 0xCE15, 0xCDDD, 0xCDB3, 0xCD9A, 0xCD92, 0x0B54,
    0x0B54, 0x0B54, 0x0B54, 0x0B58, 0x0B64, 0x0B78, 0x0B93, 0x0BB4, 0x0BDC, 0x0C09, 0x0C3C, 0x0C73, 0x0CAF, 0x0CEE, 0x0D30, 0x0D76,
    0x0DBD, 0x0E07, 0x0E51, 0x0E9D, 0x0EE9, 0x0F35, 0x0F81, 0x0FCB, 0x1014, 0x105B, 0x10A0, 0x10E9, 0x113D, 0x119A, 0x11FF, 0x126A,
    0x12D8, 0x134A, 0x13BB, 0x142C, 0x149B, 0x1504, 0x1568, 0x15C4, 0x1616, 0x165D, 0x1697, 0x16C3, 0x16DE, 0x16E7, 0x16DC, 0x16C3,
    0x16A4, 0x167E, 0x1651, 0x161F, 0x15E8, 0x15AB, 0x1569, 0x1523, 0x14D9, 0x148C, 0x143B, 0x13E6, 0x1390, 0x1337, 0x12DB, 0x127F,
    0x1221, 0x11C2, 0x1163, 0x1103, 0x10A3, 0x1044, 0x0FE6, 0x0F89, 0x0F2D, 0x0ED4, 0x0E7C, 0x0E28, 0x0DD6, 0x0D87, 0x0D3C, 0x0CF5,
    0x0CB3, 0x0C75, 0x0C3C, 0x0C08, 0x0BDA, 0x0BB3, 0x0B91, 0x0B77, 0x0B64, 0x0B58, 0x0B54, 0xE6E0, 0xE6E0, 0xE6E0, 0xE6E0, 0xE6E9,
    0xE703, 0xE72C, 0xE764, 0xE7A8, 0xE7F9, 0xE854, 0xE8B9, 0xE926, 0xE99A, 0xEA14, 0xEA92, 0xEB14, 0xEB97, 0xEC1C, 0xECA0, 0xED22,
    0xEDA1, 0xEE1D, 0xEE93, 0xEF02, 0xEF6A, 0xEFC9, 0xF01D, 0xF06E, 0xF0C2, 0xF119, 0xF171, 0xF1CA, 0xF221, 0xF278, 0xF2CB, 0xF31B,
    0xF366, 0xF3AB, 0xF3E9, 0xF420, 0xF44D, 0xF471, 0xF48A, 0xF497, 0xF497, 0xF489, 0xF46C, 0xF443, 0xF414, 0xF3DD, 0xF3A1, 0xF35E,
    0xF317, 0xF2CA, 0xF278, 0xF221, 0xF1C7, 0xF169, 0xF108, 0xF0A4, 0xF03E, 0xEFD5, 0xEF6A, 0xEEFE, 0xEE91, 0xEE24, 0xEDB6, 0xED48,
    0xECDB, 0xEC6E, 0xEC03, 0xEB99, 0xEB32, 0xEACC, 0xEA69, 0xEA0A, 0xE9AE, 0xE955, 0xE901, 0xE8B2, 0xE867, 0xE822, 0xE7E2, 0xE7A9,
    0xE776, 0xE74A, 0xE725, 0xE707, 0xE6F2, 0xE6E5, 0xE6E0, 0x9B42, 0x9B42, 0x9B42, 0x9B42, 0x9B2D, 0x9AF0, 0x9A8F, 0x9A0B, 0x9969,
    0x98AB, 0x97D5, 0x96E9, 0x95EA, 0x94DC, 0x93C2, 0x929E, 0x9174, 0x9046, 0x8F18, 0x8DED, 0x8CC8, 0x8BAC, 0x8A9C, 0x899A, 0x88AB,
    0x87D1, 0x870F, 0x8668, 0x85D1, 0x853C, 0x84AB, 0x841E, 0x8398, 0x8318, 0x82A0, 0x8230, 0x81CB, 0x8170, 0x8121, 0x80DE, 0x80AA,
    0x8084, 0x806F, 0x806A, 0x8076, 0x8096, 0x80CA, 0x8113, 0x816D, 0x81D3, 0x8245, 0x82C2, 0x834A, 0x83DC, 0x8476, 0x851A, 0x85C4,
    0x8676, 0x872E, 0x87EC, 0x88AF, 0x8976, 0x8A40, 0x8B0E, 0x8BDD, 0x8CAF, 0x8D81, 0x8E53, 0x8F25, 0x8FF5, 0x90C4, 0x9190, 0x9258,
    0x931D, 0x93DD, 0x9498, 0x954D, 0x95FB, 0x96A2, 0x9741, 0x97D7, 0x9863, 0x98E5, 0x995D, 0x99C9, 0x9A29, 0x9A7C, 0x9AC1, 0x9AF9,
    0x9B21, 0x9B3A, 0x9B42, 0xED57, 0xED57, 0xED57, 0xED57, 0xED57, 0xED57, 0xED56, 0xED56, 0xED55, 0xED54, 0xED53, 0xED52, 0xED50,
    0xED4F, 0xED4D, 0xED4A, 0xED48, 0xED45, 0xED42, 0xED3E, 0xED3A, 0xED36, 0xED32, 0xED2D, 0xED28, 0xED22, 0xED1C, 0xED16, 0xED0F,
    0xED07, 0xED00, 0xECF7, 0xECEF, 0xECE5, 0xECDC, 0xECD1, 0xECC7, 0xECBB, 0xECB0, 0xECA3, 0xEC96, 0xEC88, 0xEC7A, 0xEC6B, 0xEC5C,
    0xEC4C, 0xEC3B, 0xEC2A, 0xEC10, 0xEBEA, 0xEBB7, 0xEB7C, 0xEB3A, 0xEAF4, 0xEAAB, 0xEA63, 0xEA1E, 0xE9DE, 0xE9A5, 0xE976, 0xE94D,
    0xE927, 0xE906, 0xE8EB, 0xE8D9, 0xE8D2, 0xE8D6, 0xE8E8, 0xE906, 0xE92E, 0xE95D, 0xE993, 0xE9CE, 0xEA0C, 0xEA4C, 0xEA8C, 0xEACB,
    0xEB07, 0xEB3F, 0xEB72, 0xEBA3, 0xEBD7, 0xEC0D, 0xEC44, 0xEC79, 0xECAB, 0xECDA, 0xED03, 0xED26, 0xED40, 0xED51, 0xED57, 0xFE53,
    0xFE53, 0xFE53, 0xFE53, 0xFE53, 0xFE50, 0xFE4C, 0xFE46, 0xFE3F, 0xFE36, 0xFE2C, 0xFE20, 0xFE13, 0xFE05, 0xFDF5, 0xFDE3, 0xFDD0,
    0xFDBC, 0xFDA7, 0xFD90, 0xFD78, 0xFD5F, 0xFD44, 0xFD29, 0xFD0C, 0xFCEE, 0xFCCF, 0xFCAE, 0xFC8D, 0xFC6B, 0xFC48, 0xFC23, 0xFBFE,
    0xFBD8, 0xFBB1, 0xFB88, 0xFB5F, 0xFB36, 0xFB0B, 0xFAE0, 0xFAB3, 0xFA86, 0xFA59, 0xFA2A, 0xF9FB, 0xF9CC, 0xF99B, 0xF96A, 0xF923,
    0xF8B5, 0xF829, 0xF789, 0xF6DB, 0xF629, 0xF57C, 0xF4DD, 0xF452, 0xF3E7, 0xF3A2, 0xF38D, 0xF3C2, 0xF448, 0xF50D, 0xF5FC, 0xF702,
    0xF80B, 0xF903, 0xF9D7, 0xFA9A, 0xFB6B, 0xFC44, 0xFD20, 0xFDFB, 0xFECF, 0xFF98, 0x004F, 0x00F1, 0x0179, 0x01E2, 0x0225, 0x023A,
    0x021F, 0x01DD, 0x017D, 0x0107, 0x0084, 0xFFFE, 0xFF7C, 0xFF07, 0xFEA9, 0xFE6A, 0xFE53, 0xEC6A, 0xEC6A, 0xEC6A, 0xEC6A, 0xEC67,
    0xEC5B, 0xEC49, 0xEC2F, 0xEC10, 0xEBEA, 0xEBBF, 0xEB8E, 0xEB59, 0xEB1F, 0xEAE1, 0xEA9F, 0xEA5A, 0xEA12, 0xE9C7, 0xE979, 0xE92A,
    0xE8D9, 0xE888, 0xE835, 0xE7E2, 0xE78E, 0xE73C, 0xE6E9, 0xE698, 0xE648, 0xE5FA, 0xE5AE, 0xE565, 0xE51F, 0xE4DC, 0xE49C, 0xE461,
    0xE42A, 0xE3F7, 0xE3CA, 0xE3A3, 0xE381, 0xE365, 0xE350, 0xE342, 0xE33C, 0xE33D, 0xE346, 0xE37D, 0xE3FF, 0xE4C1, 0xE5B7, 0xE6D6,
    0xE811, 0xE95F, 0xEAB3, 0xEC02, 0xED3F, 0xEE61, 0xEF5B, 0xF04E, 0xF157, 0xF262, 0xF35A, 0xF42B, 0xF4C2, 0xF50B, 0xF4F0, 0xF476,
    0xF3B4, 0xF2B8, 0xF192, 0xF04F, 0xEEFC, 0xEDA9, 0xEC64, 0xEB3A, 0xEA39, 0xE971, 0xE8EE, 0xE8B3, 0xE8B2, 0xE8E0, 0xE934, 0xE9A3,
    0xEA24, 0xEAAC, 0xEB32, 0xEBAC, 0xEC0F, 0xEC52, 0xEC6A, 0xE1F1, 0xE1F1, 0xE1F1, 0xE1F1, 0xE1E7, 0xE1CA, 0xE19A, 0xE159, 0xE107,
    0xE0A5, 0xE035, 0xDFB6, 0xDF2A, 0xDE91, 0xDDEC, 0xDD3D, 0xDC84, 0xDBC1, 0xDAF7, 0xDA25, 0xD94C, 0xD86D, 0xD78A, 0xD6A3, 0xD5B8,
    0xD4CB, 0xD3DC, 0xD2ED, 0xD1FE, 0xD10F, 0xD023, 0xCF39, 0xCE53, 0xCD71, 0xCC94, 0xCBBD, 0xCAEE, 0xCA25, 0xC966, 0xC8B0, 0xC804,
    0xC763, 0xC6CE, 0xC646, 0xC5CC, 0xC560, 0xC503, 0xC4B6, 0xC487, 0xC480, 0xC49F, 0xC4DF, 0xC53E, 0xC5B8, 0xC64B, 0xC6F4, 0xC7AF,
    0xC878, 0xC94E, 0xCA2C, 0xCB10, 0xCBF7, 0xCCDD, 0xCDBF, 0xCE9A, 0xCF6B, 0xD02E, 0xD0E2, 0xD194, 0xD255, 0xD324, 0xD3FE, 0xD4E0,
    0xD5CA, 0xD6B9, 0xD7AB, 0xD89D, 0xD98F, 0xDA7E, 0xDB67, 0xDC4A, 0xDD23, 0xDDF2, 0xDEB3, 0xDF65, 0xE006, 0xE093, 0xE10C, 0xE16D,
    0xE1B5, 0xE1E1, 0xE1F1, 0xEFE3, 0xEFE3, 0xEFE3, 0xEFE3, 0xEFE9, 0xEFFA, 0xF016, 0xF03C, 0xF06D, 0xF0A6, 0xF0E8, 0xF132, 0xF184,
    0xF1DD, 0xF23C, 0xF2A1, 0xF30C, 0xF37B, 0xF3EF, 0xF466, 0xF4E1, 0xF55E, 0xF5DD, 0xF65E, 0xF6E0, 0xF762, 0xF7E5, 0xF866, 0xF8E7,
    0xF966, 0xF9E2, 0xFA5C, 0xFAD2, 0xFB44, 0xFBB2, 0xFC1B, 0xFC7F, 0xFCDC, 0xFD33, 0xFD82, 0xFDCA, 0xFE0A, 0xFE40, 0xFE6E, 0xFE91,
    0xFEAA, 0xFEB8, 0xFEBA, 0xFE9E, 0xFE53, 0xFDDE, 0xFD45, 0xFC8B, 0xFBB6, 0xFAC9, 0xF9CB, 0xF8BE, 0xF7A9, 0xF690, 0xF578, 0xF465,
    0xF35B, 0xF261, 0xF179, 0xF0AA, 0xEFF7, 0xEF66, 0xEEFB, 0xEEAD, 0xEE6F, 0xEE3F, 0xEE1D, 0xEE07, 0xEDFC, 0xEDFC, 0xEE04, 0xEE15,
    0xEE2D, 0xEE4A, 0xEE6C, 0xEE92, 0xEEBA, 0xEEE3, 0xEF0D, 0xEF36, 0xEF5D, 0xEF82, 0xEFA2, 0xEFBC, 0xEFD1, 0xEFDE, 0xEFE3, 0x11CD,
    0x11CD, 0x11CD, 0x11CD, 0x11D1, 0x11DC, 0x11EF, 0x1208, 0x1228, 0x124E, 0x127A, 0x12AB, 0x12E1, 0x131C, 0x135B, 0x139F, 0x13E5,
    0x142F, 0x147C, 0x14CB, 0x151D, 0x1570, 0x15C5, 0x161B, 0x1671, 0x16C8, 0x171F, 0x1776, 0x17CB, 0x1820, 0x1873, 0x18C5, 0x1914,
    0x1961, 0x19AB, 0x19F2, 0x1A35, 0x1A74, 0x1AAE, 0x1AE5, 0x1B16, 0x1B41, 0x1B67, 0x1B87, 0x1BA0, 0x1BB3, 0x1BBE, 0x1BC2, 0x1BB2,
    0x1B85, 0x1B3C, 0x1ADD, 0x1A68, 0x19E2, 0x194D, 0x18AC, 0x1803, 0x1753, 0x16A1, 0x15EF, 0x153F, 0x1496, 0x13F6, 0x1362, 0x12DC,
    0x1269, 0x120A, 0x11C4, 0x118E, 0x1162, 0x113F, 0x1123, 0x110F, 0x1101, 0x10FA, 0x10F8, 0x10FB, 0x1102, 0x110D, 0x111A, 0x112B,
    0x113C, 0x1150, 0x1163, 0x1177, 0x118A, 0x119C, 0x11AC, 0x11B9, 0x11C4, 0x11CA, 0x11CD, 0x7D14, 0x7D14, 0x7D14, 0x7D14, 0x7D24,
    0x7D51, 0x7D9A, 0x7DFE, 0x7E7B, 0x7F11, 0x7FBD, 0x8081, 0x8156, 0x823E, 0x8336, 0x843F, 0x8555, 0x8678, 0x87A7, 0x88E0, 0x8A21,
    0x8B6A, 0x8CB9, 0x8E0B, 0x8F61, 0x90B9, 0x9211, 0x9368, 0x94BC, 0x960C, 0x9757, 0x989B, 0x99D7, 0x9B09, 0x9C31, 0x9D4C, 0x9E59,
    0x9F57, 0xA045, 0xA121, 0xA1E9, 0xA29C, 0xA33A, 0xA3C0, 0xA42D, 0xA47F, 0xA4B6, 0xA4D0, 0xA49F, 0xA401, 0xA2FE, 0xA1A4, 0x9FFB,
    0x9E10, 0x9BED, 0x999E, 0x972C, 0x94A3, 0x920E, 0x8F78, 0x8CEC, 0x8A75, 0x881D, 0x85F0, 0x83F8, 0x8240, 0x80D4, 0x7FBB, 0x7EE4,
    0x7E29, 0x7D8B, 0x7D07, 0x7C9B, 0x7C45, 0x7C04, 0x7BD6, 0x7BB8, 0x7BAA, 0x7BA8, 0x7BB3, 0x7BC6, 0x7BE2, 0x7C04, 0x7C2A, 0x7C52,
    0x7C7A, 0x7CA2, 0x7CC6, 0x7CE6, 0x7CFE, 0x7D0F, 0x7D14, 0xFFAD, 0xFFAD, 0xFFAD, 0xFFAD, 0xFFAE, 0xFFAE, 0xFFB0, 0xFFB1, 0xFFB3,
    0xFFB6, 0xFFB9, 0xFFBC, 0xFFBF, 0xFFC2, 0xFFC6, 0xFFCA, 0xFFCE, 0xFFD2, 0xFFD6, 0xFFDA, 0xFFDE, 0xFFE1, 0xFFE5, 0xFFE9, 0xFFEC,
    0xFFEF, 0xFFF2, 0xFFF5, 0xFFF7, 0xFFF9, 0xFFFA, 0xFFFB, 0xFFFB, 0xFFFB, 0xFFFB, 0xFFF9, 0xFFF7, 0xFFF5, 0xFFF1, 0xFFED, 0xFFE9,
    0xFFE3, 0xFFDC, 0xFFD5, 0xFFCD, 0xFFC3, 0xFFB9, 0xFFAD, 0xFF9D, 0xFF85, 0xFF65, 0xFF3F, 0xFF14, 0xFEE5, 0xFEB2, 0xFE7E, 0xFE47,
    0xFE11, 0xFDDB, 0xFDA6, 0xFD75, 0xFD46, 0xFD1C, 0xFCF8, 0xFCDA, 0xFCC3, 0xFCB5, 0xFCB0, 0xFCB4, 0xFCBF, 0xFCD1, 0xFCE9, 0xFD06,
    0xFD28, 0xFD4D, 0xFD76, 0xFDA2, 0xFDD0, 0xFDFF, 0xFE2F, 0xFE5E, 0xFE8D, 0xFEBB, 0xFEE7, 0xFF10, 0xFF36, 0xFF58, 0xFF75, 0xFF8C,
    0xFF9E, 0xFFA9, 0xFFAD, 0x03BB, 0x03BB, 0x03BB, 0x03BB, 0x03BB, 0x03BA, 0x03B9, 0x03B7, 0x03B5, 0x03B2, 0x03AF, 0x03AB, 0x03A8,
    0x03A4, 0x03A0, 0x039C, 0x0397, 0x0393, 0x038E, 0x038A, 0x0386, 0x0381, 0x037D, 0x0379, 0x0375, 0x0372, 0x036F, 0x036C, 0x0369,
    0x0367, 0x0366, 0x0365, 0x0364, 0x0364, 0x0365, 0x0367, 0x0369, 0x036C, 0x036F, 0x0374, 0x0379, 0x0380, 0x0387, 0x038F, 0x0399,
    0x03A3, 0x03AF, 0x03BB, 0x03CE, 0x03E9, 0x040C, 0x0436, 0x0467, 0x049B, 0x04D4, 0x050F, 0x054B, 0x0588, 0x05C5, 0x05FF, 0x0637,
    0x066B, 0x0699, 0x06C2, 0x06E4, 0x06FD, 0x070D, 0x0712, 0x070E, 0x0702, 0x06EE, 0x06D3, 0x06B2, 0x068D, 0x0663, 0x0635, 0x0604,
    0x05D1, 0x059C, 0x0567, 0x0532, 0x04FD, 0x04CA, 0x0499, 0x046B, 0x0441, 0x041B, 0x03FB, 0x03E0, 0x03CC, 0x03C0, 0x03BB, 0xDA84,
    0xDA84, 0xDA84, 0xDA84, 0xDA86, 0xDA8B, 0xDA93, 0xDA9D, 0xDAAB, 0xDABA, 0xDACC, 0xDADF, 0xDAF4, 0xDB0A, 0xDB22, 0xDB3A, 0xDB53,
    0xDB6C, 0xDB85, 0xDB9F, 0xDBB8, 0xDBD0, 0xDBE8, 0xDBFF, 0xDC14, 0xDC28, 0xDC3A, 0xDC4A, 0xDC58, 0xDC64, 0xDC6D, 0xDC73, 0xDC76,
    0xDC75, 0xDC71, 0xDC69, 0xDC5C, 0xDC4C, 0xDC37, 0xDC1D, 0xDBFE, 0xDBDA, 0xDBB0, 0xDB80, 0xDB4B, 0xDB0F, 0xDACD, 0xDA84, 0xDA1C,
    0xD980, 0xD8B6, 0xD7C5, 0xD6B2, 0xD584, 0xD442, 0xD2F0, 0xD197, 0xD03A, 0xCEE2, 0xCD93, 0xCC55, 0xCB2D, 0xCA22, 0xC939, 0xC87A,
    0xC7E9, 0xC78E, 0xC76E, 0xC787, 0xC7CE, 0xC840, 0xC8D8, 0xC992, 0xCA6A, 0xCB5B, 0xCC61, 0xCD78, 0xCE9C, 0xCFC8, 0xD0F9, 0xD22A,
    0xD356, 0xD47A, 0xD591, 0xD698, 0xD789, 0xD860, 0xD91A, 0xD9B2, 0xDA24, 0xDA6B, 0xDA84, 0x4C54, 0x4C54, 0x4C54, 0x4C54, 0x4C56,
    0x4C5C, 0x4C67, 0x4C76, 0x4C88, 0x4C9E, 0x4CB7, 0x4CD3, 0x4CF2, 0x4D14, 0x4D39, 0x4D60, 0x4D89, 0x4DB4, 0x4DE0, 0x4E0E, 0x4E3E,
    0x4E6F, 0x4EA0, 0x4ED3, 0x4F06, 0x4F39, 0x4F6D, 0x4FA0, 0x4FD4, 0x5006, 0x5039, 0x506A, 0x509B, 0x50CA, 0x50F7, 0x5124, 0x514E,
    0x5176, 0x519C, 0x51C0, 0x51E1, 0x5200, 0x521B, 0x5233, 0x5248, 0x5259, 0x5267, 0x5270, 0x5270, 0x5264, 0x524B, 0x5228, 0x51FB,
    0x51C6, 0x518A, 0x5149, 0x5102, 0x50B9, 0x506D, 0x5020, 0x4FD4, 0x4F89, 0x4F41, 0x4EFC, 0x4EBD, 0x4E84, 0x4E53, 0x4E2B, 0x4E08,
    0x4DE6, 0x4DC5, 0x4DA5, 0x4D87, 0x4D69, 0x4D4D, 0x4D32, 0x4D19, 0x4D01, 0x4CEA, 0x4CD5, 0x4CC1, 0x4CAE, 0x4C9E, 0x4C8F, 0x4C81,
    0x4C75, 0x4C6B, 0x4C63, 0x4C5C, 0x4C57, 0x4C54, 0x4C54, 0xFF1D, 0xFF1D, 0xFF1D, 0xFF1D, 0xFF1B, 0xFF16, 0xFF0D, 0xFF01, 0xFEF2,
    0xFEE0, 0xFECC, 0xFEB5, 0xFE9B, 0xFE80, 0xFE63, 0xFE44, 0xFE23, 0xFE01, 0xFDDD, 0xFDB9, 0xFD93, 0xFD6D, 0xFD47, 0xFD20, 0xFCF8,
    0xFCD1, 0xFCAA, 0xFC83, 0xFC5D, 0xFC38, 0xFC13, 0xFBF0, 0xFBCD, 0xFBAC, 0xFB8D, 0xFB6F, 0xFB54, 0xFB3A, 0xFB23, 0xFB0E, 0xFAFC,
    0xFAED, 0xFAE0, 0xFAD7, 0xFAD1, 0xFACF, 0xFAD1, 0xFAD6, 0xFAE7, 0xFB09, 0xFB3B, 0xFB7B, 0xFBC7, 0xFC1E, 0xFC7C, 0xFCE1, 0xFD4B,
    0xFDB8, 0xFE25, 0xFE91, 0xFEFB, 0xFF60, 0xFFBE, 0x0013, 0x005E, 0x009D, 0x00CF, 0x00F0, 0x0105, 0x0111, 0x0115, 0x0113, 0x010A,
    0x00FB, 0x00E7, 0x00CF, 0x00B3, 0x0095, 0x0074, 0x0051, 0x002D, 0x0009, 0xFFE6, 0xFFC3, 0xFFA1, 0xFF82, 0xFF66, 0xFF4D, 0xFF39,
    0xFF2A, 0xFF20, 0xFF1D, 0x13FB, 0x13FB, 0x13FB, 0x13FB, 0x13FA, 0x13F9, 0x13F7, 0x13F4, 0x13F1, 0x13ED, 0x13E9, 0x13E4, 0x13DF,
    0x13D9, 0x13D3, 0x13CC, 0x13C5, 0x13BE, 0x13B7, 0x13B0, 0x13A8, 0x13A1, 0x1399, 0x1391, 0x138A, 0x1383, 0x137C, 0x1375, 0x136E,
    0x1368, 0x1362, 0x135C, 0x1357, 0x1353, 0x134E, 0x134B, 0x1348, 0x1346, 0x1344, 0x1344, 0x1344, 0x1345, 0x1347, 0x1349, 0x134D,
    0x1352, 0x1358, 0x135F, 0x136A, 0x137D, 0x1395, 0x13B3, 0x13D6, 0x13FC, 0x1425, 0x1451, 0x147E, 0x14AB, 0x14D9, 0x1505, 0x152F,
    0x1557, 0x157C, 0x159C, 0x15B7, 0x15CD, 0x15DC, 0x15E3, 0x15E4, 0x15DF, 0x15D6, 0x15C9, 0x15B7, 0x15A3, 0x158B, 0x1571, 0x1555,
    0x1537, 0x1519, 0x14F9, 0x14DA, 0x14BB, 0x149D, 0x147F, 0x1464, 0x144B, 0x1434, 0x1421, 0x1411, 0x1405, 0x13FD, 0x13FB, 0x9575,
    0x9575, 0x9575, 0x9575, 0x9571, 0x9566, 0x9553, 0x953A, 0x951B, 0x94F5, 0x94CA, 0x9499, 0x9464, 0x942A, 0x93EC, 0x93AA, 0x9365,
    0x931D, 0x92D2, 0x9285, 0x9236, 0x91E5, 0x9193, 0x9140, 0x90ED, 0x909A, 0x9047, 0x8FF4, 0x8FA3, 0x8F53, 0x8F05, 0x8EB9, 0x8E6F,
    0x8E28, 0x8DE5, 0x8DA5, 0x8D69, 0x8D32, 0x8CFF, 0x8CD1, 0x8CA9, 0x8C87, 0x8C6A, 0x8C55, 0x8C46, 0x8C3F, 0x8C3F, 0x8C47, 0x8C67,
    0x8CAA, 0x8D0D, 0x8D8C, 0x8E24, 0x8ED0, 0x8F8E, 0x9058, 0x912D, 0x9207, 0x92E3, 0x93BD, 0x9492, 0x955E, 0x961D, 0x96CB, 0x9765,
    0x97E6, 0x984C, 0x9893, 0x98C0, 0x98DD, 0x98EB, 0x98EC, 0x98E1, 0x98CA, 0x98AA, 0x9882, 0x9852, 0x981D, 0x97E2, 0x97A4, 0x9764,
    0x9723, 0x96E2, 0x96A3, 0x9666, 0x962E, 0x95FB, 0x95CE, 0x95A9, 0x958D, 0x957B, 0x9575, 0xF769, 0xF769, 0xF769, 0xF769, 0xF771,
    0xF785, 0xF7A5, 0xF7D0, 0xF804, 0xF83F, 0xF880, 0xF8C5, 0xF90D, 0xF957, 0xF9A1, 0xF9E9, 0xFA2F, 0xFA70, 0xFAAB, 0xFADE, 0xFB09,
    0xFB29, 0xFB3E, 0xFB45, 0xFB41, 0xFB34, 0xFB1F, 0xFB04, 0xFAE2, 0xFABB, 0xFA8F, 0xFA5F, 0xFA2B, 0xF9F5, 0xF9BD, 0xF983, 0xF949,
    0xF90E, 0xF8D5, 0xF89D, 0xF868, 0xF835, 0xF806, 0xF7DB, 0xF7B5, 0xF795, 0xF77C, 0xF769, 0xF75C, 0xF74F, 0xF744, 0xF739, 0xF730,
    0xF728, 0xF722, 0xF71C, 0xF717, 0xF713, 0xF710, 0xF70D, 0xF70C, 0xF70B, 0xF70B, 0xF70B, 0xF70C, 0xF70E, 0xF710, 0xF713, 0xF716,
    0xF71A, 0xF71D, 0xF721, 0xF726, 0xF72A, 0xF72F, 0xF734, 0xF739, 0xF73D, 0xF742, 0xF747, 0xF74B, 0xF750, 0xF754, 0xF758, 0xF75C,
    0xF75F, 0xF762, 0xF765, 0xF767, 0xF768, 0xF769, 0xF769, 0xF7BB, 0xF7BB, 0xF7BB, 0xF7BB, 0xF7B5, 0xF7A3, 0xF787, 0xF762, 0xF735,
    0xF702, 0xF6CA, 0xF68D, 0xF64F, 0xF60E, 0xF5CE, 0xF58F, 0xF553, 0xF51B, 0xF4E7, 0xF4BB, 0xF496, 0xF479, 0xF468, 0xF461, 0xF465,
    0xF470, 0xF482, 0xF49A, 0xF4B7, 0xF4D9, 0xF500, 0xF529, 0xF556, 0xF585, 0xF5B6, 0xF5E9, 0xF61B, 0xF64E, 0xF680, 0xF6B0, 0xF6DF,
    0xF70B, 0xF734, 0xF759, 0xF77A, 0xF795, 0xF7AC, 0xF7BB, 0xF7C7, 0xF7D2, 0xF7DC, 0xF7E5, 0xF7ED, 0xF7F4, 0xF7FA, 0xF7FF, 0xF803,
    0xF807, 0xF80A, 0xF80C, 0xF80D, 0xF80E, 0xF80E, 0xF80D, 0xF80C, 0xF80B, 0xF809, 0xF807, 0xF804, 0xF801, 0xF7FE, 0xF7FA, 0xF7F6,
    0xF7F2, 0xF7EE, 0xF7EA, 0xF7E6, 0xF7E2, 0xF7DE, 0xF7D9, 0xF7D5, 0xF7D2, 0xF7CE, 0xF7CA, 0xF7C7, 0xF7C4, 0xF7C2, 0xF7C0, 0xF7BE,
    0xF7BD, 0xF7BC, 0xF7BB, 0xD553, 0xD553, 0xD553, 0xD553, 0xD539, 0xD4EF, 0xD479, 0xD3DE, 0xD322, 0xD24C, 0xD160, 0xD063, 0xCF5C,
    0xCE50, 0xCD44, 0xCC3D, 0xCB40, 0xCA54, 0xC97E, 0xC8C2, 0xC827, 0xC7B1, 0xC767, 0xC74D, 0xC75D, 0xC78B, 0xC7D6, 0xC839, 0xC8B4,
    0xC942, 0xC9E2, 0xCA92, 0xCB4D, 0xCC13, 0xCCE0, 0xCDB2, 0xCE85, 0xCF59, 0xD02A, 0xD0F5, 0xD1B8, 0xD270, 0xD31B, 0xD3B7, 0xD440,
    0xD4B4, 0xD511, 0xD553, 0xD586, 0xD5B3, 0xD5DD, 0xD602, 0xD623, 0xD640, 0xD659, 0xD66E, 0xD680, 0xD68F, 0xD69A, 0xD6A2, 0xD6A8,
    0xD6AB, 0xD6AB, 0xD6A9, 0xD6A5, 0xD69F, 0xD697, 0xD68D, 0xD682, 0xD676, 0xD668, 0xD659, 0xD649, 0xD639, 0xD628, 0xD617, 0xD605,
    0xD5F4, 0xD5E2, 0xD5D1, 0xD5C0, 0xD5B0, 0xD5A1, 0xD592, 0xD585, 0xD579, 0xD56E, 0xD565, 0xD55D, 0xD558, 0xD554, 0xD553, 0x4FFE,
    0x4FFE, 0x4FFE, 0x4FFE, 0x4FFC, 0x4FF6, 0x4FEC, 0x4FDF, 0x4FCE, 0x4FB9, 0x4FA2, 0x4F88, 0x4F6B, 0x4F4C, 0x4F2A, 0x4F07, 0x4EE1,
    0x4EBA, 0x4E91, 0x4E67, 0x4E3B, 0x4E0F, 0x4DE2, 0x4DB4, 0x4D86, 0x4D58, 0x4D2A, 0x4CFC, 0x4CCE, 0x4CA1, 0x4C75, 0x4C4A, 0x4C20,
    0x4BF7, 0x4BCF, 0x4BAA, 0x4B86, 0x4B65, 0x4B45, 0x4B28, 0x4B0E, 0x4AF7, 0x4AE3, 0x4AD2, 0x4AC4, 0x4ABA, 0x4AB4, 0x4AB2, 0x4AB4,
    0x4ABA, 0x4AC4, 0x4AD2, 0x4AE3, 0x4AF7, 0x4B0E, 0x4B28, 0x4B45, 0x4B65, 0x4B86, 0x4BAA, 0x4BCF, 0x4BF7, 0x4C20, 0x4C4A, 0x4C75,
    0x4CA1, 0x4CCE, 0x4CFC, 0x4D2A, 0x4D58, 0x4D86, 0x4DB4, 0x4DE2, 0x4E0F, 0x4E3B, 0x4E67, 0x4E91, 0x4EBA, 0x4EE1, 0x4F07, 0x4F2A,
    0x4F4C, 0x4F6B, 0x4F88, 0x4FA2, 0x4FB9, 0x4FCE, 0x4FDF, 0x4FEC, 0x4FF6, 0x4FFC, 0x4FFE, 0xFCEF, 0xFCEF, 0xFCEF, 0xFCEF, 0xFCED,
    0xFCE8, 0xFCE1, 0xFCD7, 0xFCCA, 0xFCBB, 0xFCA9, 0xFC95, 0xFC80, 0xFC68, 0xFC4F, 0xFC34, 0xFC18, 0xFBFA, 0xFBDB, 0xFBBB, 0xFB9B,
    0xFB79, 0xFB57, 0xFB35, 0xFB12, 0xFAF0, 0xFACD, 0xFAAA, 0xFA88, 0xFA66, 0xFA44, 0xFA24, 0xFA04, 0xF9E5, 0xF9C8, 0xF9AB, 0xF990,
    0xF977, 0xF95F, 0xF94A, 0xF936, 0xF925, 0xF915, 0xF908, 0xF8FE, 0xF8F7, 0xF8F2, 0xF8F1, 0xF8F2, 0xF8F7, 0xF8FE, 0xF908, 0xF915,
    0xF925, 0xF936, 0xF94A, 0xF95F, 0xF977, 0xF990, 0xF9AB, 0xF9C8, 0xF9E5, 0xFA04, 0xFA24, 0xFA44, 0xFA66, 0xFA88, 0xFAAA, 0xFACD,
    0xFAF0, 0xFB12, 0xFB35, 0xFB57, 0xFB79, 0xFB9B, 0xFBBB, 0xFBDB, 0xFBFA, 0xFC18, 0xFC34, 0xFC4F, 0xFC68, 0xFC80, 0xFC95, 0xFCA9,
    0xFCBB, 0xFCCA, 0xFCD7, 0xFCE1, 0xFCE8, 0xFCED, 0xFCEF, 0xE6A9, 0xE6A9, 0xE6A9, 0xE6A9, 0xE6A9, 0xE6AA, 0xE6AC, 0xE6AD, 0xE6B0,
    0xE6B2, 0xE6B5, 0xE6B9, 0xE6BD, 0xE6C1, 0xE6C6, 0xE6CA, 0xE6CF, 0xE6D5, 0xE6DA, 0xE6E0, 0xE6E6, 0xE6EB, 0xE6F1, 0xE6F8, 0xE6FE,
    0xE704, 0xE70A, 0xE710, 0xE716, 0xE71C, 0xE722, 0xE728, 0xE72E, 0xE733, 0xE739, 0xE73E, 0xE742, 0xE747, 0xE74B, 0xE74F, 0xE752,
    0xE756, 0xE758, 0xE75B, 0xE75C, 0xE75E, 0xE75E, 0xE75F, 0xE75E, 0xE75E, 0xE75C, 0xE75B, 0xE758, 0xE756, 0xE752, 0xE74F, 0xE74B,
    0xE747, 0xE742, 0xE73E, 0xE739, 0xE733, 0xE72E, 0xE728, 0xE722, 0xE71C, 0xE716, 0xE710, 0xE70A, 0xE704, 0xE6FE, 0xE6F8, 0xE6F1,
    0xE6EB, 0xE6E6, 0xE6E0, 0xE6DA, 0xE6D5, 0xE6CF, 0xE6CA, 0xE6C6, 0xE6C1, 0xE6BD, 0xE6B9, 0xE6B5, 0xE6B2, 0xE6B0, 0xE6AD, 0xE6AC,
    0xE6AA, 0xE6A9, 0xE6A9, 0x8E9B, 0x8E9B, 0x8E9B, 0x8E9B, 0x8E9E, 0x8EA6, 0x8EB3, 0x8EC5, 0x8EDB, 0x8EF5, 0x8F14, 0x8F36, 0x8F5B,
    0x8F84, 0x8FB0, 0x8FDF, 0x9010, 0x9043, 0x9079, 0x90B0, 0x90E9, 0x9122, 0x915D, 0x9199, 0x91D5, 0x9212, 0x924E, 0x928A, 0x92C6,
    0x9301, 0x933A, 0x9373, 0x93AA, 0x93E0, 0x9413, 0x9444, 0x9473, 0x949F, 0x94C8, 0x94ED, 0x950F, 0x952E, 0x9548, 0x955E, 0x9570,
    0x957D, 0x9585, 0x9588, 0x9585, 0x957D, 0x9570, 0x955E, 0x9548, 0x952E, 0x950F, 0x94ED, 0x94C8, 0x949F, 0x9473, 0x9444, 0x9413,
    0x93E0, 0x93AA, 0x9373, 0x933A, 0x9301, 0x92C6, 0x928A, 0x924E, 0x9212, 0x91D5, 0x9199, 0x915D, 0x9122, 0x90E9, 0x90B0, 0x9079,
    0x9043, 0x9010, 0x8FDF, 0x8FB0, 0x8F84, 0x8F5B, 0x8F36, 0x8F14, 0x8EF5, 0x8EDB, 0x8EC5, 0x8EB3, 0x8EA6, 0x8E9E, 0x8E9B, 0x8001,
    0x8001, 0x4171, 0xBF5F, 0x8001, 0x8001, 0x4171, 0xBF5F, 0xF53F, 0xF53F, 0xF53F, 0xF53F, 0xF547, 0xF55E, 0xF583, 0xF5B5, 0xF5F3,
    0xF63C, 0xF690, 0xF6EC, 0xF751, 0xF7BD, 0xF82F, 0xF8A6, 0xF921, 0xF99F, 0xFA20, 0xFAA2, 0xFB24, 0xFBA5, 0xFC24, 0xFCA0, 0xFD19,
    0xFD8D, 0xFDFB, 0xFE62, 0xFECB, 0xFF3E, 0xFFB9, 0x003A, 0x00C0, 0x0149, 0x01D4, 0x025E, 0x02E7, 0x036B, 0x03EB, 0x0463, 0x04D2,
    0x0537, 0x0590, 0x05DB, 0x0616, 0x0640, 0x0657, 0x0659, 0x0645, 0x061B, 0x05DC, 0x058B, 0x052A, 0x04BB, 0x043F, 0x03B9, 0x032B,
    0x0295, 0x01FC, 0x0160, 0x00C3, 0x0027, 0xFF90, 0xFEFD, 0xFE71, 0xFDEE, 0xFD76, 0xFD0C, 0xFCA6, 0xFC3D, 0xFBD1, 0xFB63, 0xFAF4,
    0xFA84, 0xFA14, 0xF9A4, 0xF936, 0xF8CA, 0xF860, 0xF7FB, 0xF799, 0xF73C, 0xF6E5, 0xF693, 0xF649, 0xF607, 0xF5CD, 0xF59B, 0xF574,
    0xF557, 0xF545, 0xF53F, 0x0253, 0x0253, 0x0253, 0x0253, 0x0252, 0x024D, 0x0245, 0x023A, 0x022D, 0x021E, 0x020C, 0x01F8, 0x01E3,
    0x01CC, 0x01B4, 0x019A, 0x0180, 0x0165, 0x014A, 0x012E, 0x0112, 0x00F7, 0x00DB, 0x00C1, 0x00A7, 0x008E, 0x0076, 0x0060, 0x0049,
    0x0030, 0x0015, 0xFFF9, 0xFFDC, 0xFFBD, 0xFF9F, 0xFF80, 0xFF62, 0xFF44, 0xFF28, 0xFF0D, 0xFEF4, 0xFEDE, 0xFECA, 0xFEB9, 0xFEAC,
    0xFEA3, 0xFE9E, 0xFE9D, 0xFEA2, 0xFEAB, 0xFEB9, 0xFECB, 0xFEE0, 0xFEF9, 0xFF15, 0xFF32, 0xFF52, 0xFF73, 0xFF95, 0xFFB8, 0xFFDB,
    0xFFFD, 0x001E, 0x003E, 0x005D, 0x007A, 0x0094, 0x00AB, 0x00C1, 0x00D8, 0x00EF, 0x0106, 0x011E, 0x0136, 0x014E, 0x0166, 0x017D,
    0x0194, 0x01AA, 0x01C0, 0x01D5, 0x01E8, 0x01FB, 0x020C, 0x021B, 0x0229, 0x0236, 0x0240, 0x0248, 0x024E, 0x0252, 0x0253, 0xD9D9,
    0xD9D9, 0xD9D9, 0xD9D9, 0xD9D9, 0xD9D9, 0xD9D8, 0xD9D8, 0xD9D7, 0xD9D5, 0xD9D4, 0xD9D3, 0xD9D2, 0xD9D0, 0xD9CF, 0xD9CE, 0xD9CC,
    0xD9CB, 0xD9CA, 0xD9C9, 0xD9C8, 0xD9C7, 0xD9C7, 0xD9C7, 0xD9C7, 0xD9C7, 0xD9C7, 0xD9C8, 0xD9CA, 0xD9CB, 0xD9CD, 0xD9CF, 0xD9D1,
    0xD9D4, 0xD9D7, 0xD9DA, 0xD9DD, 0xD9E0, 0xD9E4, 0xD9E8, 0xD9EC, 0xD9F0, 0xD9F4, 0xD9F8, 0xD9FD, 0xDA02, 0xDA06, 0xDA0B, 0xDA11,
    0xDA17, 0xDA1F, 0xDA27, 0xDA2F, 0xDA38, 0xDA41, 0xDA4B, 0xDA54, 0xDA5D, 0xDA66, 0xDA6E, 0xDA76, 0xDA7D, 0xDA83, 0xDA88, 0xDA8C,
    0xDA8F, 0xDA90, 0xDA90, 0xDA8E, 0xDA8A, 0xDA86, 0xDA7F, 0xDA78, 0xDA70, 0xDA66, 0xDA5D, 0xDA52, 0xDA47, 0xDA3C, 0xDA31, 0xDA26,
    0xDA1B, 0xDA11, 0xDA07, 0xD9FD, 0xD9F5, 0xD9ED, 0xD9E6, 0xD9E1, 0xD9DD, 0xD9DA, 0xD9D9, 0x070C, 0x070C, 0x070C, 0x070C, 0x0706,
    0x06F3, 0x06D4, 0x06AB, 0x0677, 0x063A, 0x05F6, 0x05A9, 0x0556, 0x04FD, 0x04A0, 0x043E, 0x03D8, 0x0371, 0x0308, 0x029E, 0x0234,
    0x01CB, 0x0163, 0x00FF, 0x009D, 0x0040, 0xFFE9, 0xFF97, 0xFF44, 0xFEEA, 0xFE8B, 0xFE26, 0xFDBE, 0xFD54, 0xFCE9, 0xFC7F, 0xFC17,
    0xFBB2, 0xFB51, 0xFAF6, 0xFAA1, 0xFA55, 0xFA13, 0xF9DB, 0xF9B0, 0xF991, 0xF982, 0xF982, 0xF994, 0xF9B8, 0xF9EC, 0xFA2D, 0xFA7C,
    0xFAD6, 0xFB3A, 0xFBA5, 0xFC18, 0xFC8F, 0xFD0A, 0xFD87, 0xFE04, 0xFE80, 0xFEFA, 0xFF6F, 0xFFDE, 0x0045, 0x00A4, 0x00F9, 0x0149,
    0x019C, 0x01F1, 0x0247, 0x029E, 0x02F6, 0x034D, 0x03A4, 0x03FA, 0x044E, 0x04A0, 0x04EF, 0x053B, 0x0583, 0x05C6, 0x0605, 0x063E,
    0x0672, 0x069F, 0x06C5, 0x06E3, 0x06FA, 0x0708, 0x070C, 0xF13C, 0xF13C, 0xF13C, 0xF13C, 0xF14A, 0xF171, 0xF1B1, 0xF207, 0xF272,
    0xF2F1, 0xF380, 0xF41F, 0xF4CC, 0xF585, 0xF648, 0xF714, 0xF7E7, 0xF8BF, 0xF99A, 0xFA78, 0xFB55, 0xFC30, 0xFD08, 0xFDDA, 0xFEA6,
    0xFF68, 0x0020, 0x00CC, 0x017A, 0x0237, 0x0301, 0x03D5, 0x04B0, 0x058F, 0x0670, 0x0750, 0x082D, 0x0903, 0x09D0, 0x0A91, 0x0B43,
    0x0BE5, 0x0C72, 0x0CE9, 0x0D46, 0x0D88, 0x0DAA, 0x0DAB, 0x0D87, 0x0D3F, 0x0CD5, 0x0C4E, 0x0BAC, 0x0AF2, 0x0A25, 0x0946, 0x0859,
    0x0762, 0x0663, 0x0560, 0x045C, 0x035A, 0x025D, 0x0169, 0x0081, 0xFFA9, 0xFEE3, 0xFE32, 0xFD89, 0xFCDA, 0xFC27, 0xFB70, 0xFAB7,
    0xF9FD, 0xF942, 0xF889, 0xF7D2, 0xF71F, 0xF670, 0xF5C6, 0xF524, 0xF48A, 0xF3F9, 0xF372, 0xF2F7, 0xF288, 0xF228, 0xF1D6, 0xF194,
    0xF164, 0xF146, 0xF13C, 0xF8F7, 0xF8F7, 0xF8F7, 0xF8F7, 0xF8F2, 0xF8E4, 0xF8CE, 0xF8B1, 0xF88E, 0xF865, 0xF837, 0xF805, 0xF7CF,
    0xF798, 0xF75E, 0xF724, 0xF6EA, 0xF6B1, 0xF67A, 0xF645, 0xF613, 0xF5E6, 0xF5BD, 0xF59A, 0xF57E, 0xF569, 0xF55D, 0xF559, 0xF560,
    0xF573, 0xF591, 0xF5B8, 0xF5E6, 0xF61C, 0xF657, 0xF696, 0xF6D9, 0xF71E, 0xF763, 0xF7A7, 0xF7EA, 0xF82A, 0xF866, 0xF89D, 0xF8CD,
    0xF8F5, 0xF914, 0xF929, 0xF934, 0xF937, 0xF934, 0xF92A, 0xF91B, 0xF908, 0xF8F0, 0xF8D6, 0xF8B9, 0xF89B, 0xF87C, 0xF85C, 0xF83E,
    0xF821, 0xF806, 0xF7EE, 0xF7DA, 0xF7CA, 0xF7C0, 0xF7BB, 0xF7BC, 0xF7BF, 0xF7C6, 0xF7CF, 0xF7DB, 0xF7E9, 0xF7F8, 0xF809, 0xF81B,
    0xF82E, 0xF842, 0xF855, 0xF869, 0xF87D, 0xF890, 0xF8A3, 0xF8B4, 0xF8C4, 0xF8D2, 0xF8DF, 0xF8E9, 0xF8F0, 0xF8F5, 0xF8F7, 0xFDEB,
    0xFDEB, 0xFDEB, 0xFDEB, 0xFDED, 0xFDF2, 0xFDFA, 0xFE06, 0xFE14, 0xFE26, 0xFE39, 0xFE50, 0xFE68, 0xFE83, 0xFEA0, 0xFEBE, 0xFEDE,
    0xFF00, 0xFF23, 0xFF47, 0xFF6C, 0xFF92, 0xFFB8, 0xFFDF, 0x0006, 0x002D, 0x0055, 0x007C, 0x00A3, 0x00C9, 0x00EF, 0x0114, 0x0138,
    0x015B, 0x017D, 0x019D, 0x01BB, 0x01D8, 0x01F3, 0x020C, 0x0222, 0x0236, 0x0247, 0x0256, 0x0261, 0x026A, 0x026F, 0x0271, 0x026F,
    0x026A, 0x0261, 0x0256, 0x0247, 0x0236, 0x0222, 0x020C, 0x01F3, 0x01D8, 0x01BB, 0x019D, 0x017D, 0x015B, 0x0138, 0x0114, 0x00EF,
    0x00C9, 0x00A3, 0x007C, 0x0055, 0x002D, 0x0006, 0xFFDF, 0xFFB8, 0xFF92, 0xFF6C, 0xFF47, 0xFF23, 0xFF00, 0xFEDE, 0xFEBE, 0xFEA0,
    0xFE83, 0xFE68, 0xFE50, 0xFE39, 0xFE26, 0xFE14, 0xFE06, 0xFDFA, 0xFDF2, 0xFDED, 0xFDEB, 0x0708, 0x0708, 0x0708, 0x0708, 0x0702,
    0x06F1, 0x06D4, 0x06AD, 0x067D, 0x0642, 0x05FF, 0x05B4, 0x0561, 0x0507, 0x04A7, 0x0440, 0x03D4, 0x0363, 0x02ED, 0x0274, 0x01F7,
    0x0178, 0x00F6, 0x0073, 0xFFF0, 0xFF6B, 0xFEE6, 0xFE61, 0xFDDE, 0xFD5C, 0xFCDD, 0xFC60, 0xFBE7, 0xFB72, 0xFB00, 0xFA94, 0xFA2E,
    0xF9CD, 0xF973, 0xF920, 0xF8D5, 0xF892, 0xF858, 0xF827, 0xF800, 0xF7E3, 0xF7D2, 0xF7CC, 0xF7D2, 0xF7E3, 0xF800, 0xF827, 0xF858,
    0xF892, 0xF8D5, 0xF920, 0xF973, 0xF9CD, 0xFA2E, 0xFA94, 0xFB00, 0xFB72, 0xFBE7, 0xFC60, 0xFCDD, 0xFD5C, 0xFDDE, 0xFE61, 0xFEE6,
    0xFF6B, 0xFFF0, 0x0073, 0x00F6, 0x0178, 0x01F7, 0x0274, 0x02ED, 0x0363, 0x03D4, 0x0440, 0x04A7, 0x0507, 0x0561, 0x05B4, 0x05FF,
    0x0642, 0x067D, 0x06AD, 0x06D4, 0x06F1, 0x0702, 0x0708, 0x7431, 0x7431, 0x7431, 0x7431, 0x7431, 0x7431, 0x7431, 0x7431, 0x7430,
    0x7430, 0x7430, 0x7430, 0x742F, 0x742F, 0x742E, 0x742E, 0x742D, 0x742D, 0x742C, 0x742C, 0x742B, 0x742B, 0x742A, 0x742A, 0x7429,
    0x7429, 0x7428, 0x7427, 0x7427, 0x7426, 0x7426, 0x7425, 0x7425, 0x7424, 0x7424, 0x7423, 0x7423, 0x7422, 0x7422, 0x7422, 0x7421,
    0x7421, 0x7421, 0x7420, 0x7420, 0x7420, 0x7420, 0x7420, 0x7420, 0x7420, 0x7420, 0x7420, 0x7421, 0x7421, 0x7421, 0x7422, 0x7422,
    0x7422, 0x7423, 0x7423, 0x7424, 0x7424, 0x7425, 0x7425, 0x7426, 0x7426, 0x7427, 0x7427, 0x7428, 0x7429, 0x7429, 0x742A, 0x742A,
    0x742B, 0x742B, 0x742C, 0x742C, 0x742D, 0x742D, 0x742E, 0x742E, 0x742F, 0x742F, 0x7430, 0x7430, 0x7430, 0x7430, 0x7431, 0x7431,
    0x7431, 0x7431, 0x7431,
};

static const u16 anim_9A_indices[] = {
    0x0001, 0x0000, 0x0008, 0x0001, 0x0008, 0x0009, 0x0001, 0x0000, 0x0001, 0x0011, 0x0001, 0x0000, 0x0008, 0x012A, 0x0008, 0x0132,
    0x0008, 0x013A, 0x0008, 0x0112, 0x0008, 0x011A, 0x0008, 0x0122, 0x0008, 0x00FA, 0x0008, 0x0102, 0x0008, 0x010A, 0x0001, 0x00F6,
    0x0001, 0x00F7, 0x0001, 0x00F8, 0x0008, 0x0032, 0x0008, 0x003A, 0x0008, 0x0042, 0x0001, 0x0000, 0x0001, 0x0000, 0x0008, 0x002A,
    0x0008, 0x0012, 0x0008, 0x001A, 0x0008, 0x0022, 0x0001, 0x00F2, 0x0001, 0x00F3, 0x0001, 0x00F4, 0x0008, 0x006A, 0x0008, 0x0072,
    0x0008, 0x007A, 0x0001, 0x0000, 0x0001, 0x0000, 0x0008, 0x0062, 0x0008, 0x004A, 0x0008, 0x0052, 0x0008, 0x005A, 0x0001, 0x0000,
    0x0001, 0x0000, 0x0001, 0x00F5, 0x0008, 0x00DA, 0x0008, 0x00E2, 0x0008, 0x00EA, 0x0001, 0x0000, 0x0001, 0x0000, 0x0008, 0x00D2,
    0x0008, 0x00BA, 0x0008, 0x00C2, 0x0008, 0x00CA, 0x0001, 0x0000, 0x0001, 0x0000, 0x0001, 0x00F9, 0x0008, 0x00A2, 0x0008, 0x00AA,
    0x0008, 0x00B2, 0x0001, 0x0000, 0x0001, 0x0000, 0x0008, 0x009A, 0x0008, 0x0082, 0x0008, 0x008A, 0x0008, 0x0092,
};

static const s16 anim_9A_values[] = {
    0x0000, 0x005B, 0x005B, 0x006C, 0x0071, 0x0073, 0x0078, 0x006F, 0x0069, 0xFFDD, 0xFFDD, 0xFFDD, 0xFFFD, 0x0018, 0x0000, 0xFFE9,
    0xFFDD, 0x3FFF, 0x18A4, 0x18A4, 0x16A9, 0x13DA, 0x09AE, 0xED7E, 0xC9F0, 0xB870, 0xFA05, 0xFA05, 0xFAAB, 0xFB4D, 0xF9B2, 0xF2D9,
    0xE9C3, 0xE53A, 0xE39B, 0xE39B, 0xE544, 0xE742, 0xE9A4, 0xED43, 0xF144, 0xF329, 0xCD92, 0xCD92, 0xD2A4, 0xD87F, 0xDBAB, 0xD95F,
    0xD465, 0xD1A5, 0x0B54, 0x0B54, 0x19E7, 0x2991, 0x1EFF, 0xD84C, 0x7759, 0x4683, 0xE6E0, 0xE6E0, 0xE85C, 0xE9E5, 0xE7D4, 0xDD69,
    0xCF64, 0xC85D, 0x9B42, 0x9B42, 0x8FBD, 0x832B, 0x8840, 0xB57A, 0xF45D, 0x1427, 0xED57, 0xED57, 0xF001, 0xF35F, 0xF8AC, 0x13C0,
    0x31EE, 0x4035, 0xFE53, 0xFE53, 0x0D07, 0x123A, 0xFF58, 0x07B5, 0x14CB, 0x1B99, 0xEC6A, 0xEC6A, 0xE847, 0xE93A, 0xF1CD, 0xF628,
    0xF998, 0xFAFE, 0xE1F1, 0xE1F1, 0xDD8C, 0xD86B, 0xD4A8, 0xD359, 0xD368, 0xD3AE, 0xEFE3, 0xEFE3, 0xEF79, 0xF051, 0x068A, 0x4FE9,
    0xAEAC, 0xDDA1, 0x11CD, 0x11CD, 0x15E0, 0x1ABA, 0x1FBC, 0x25E1, 0x2C2D, 0x2F11, 0x7D14, 0x7D14, 0x83E0, 0x8CB3, 0xA1C3, 0xD56D,
    0x1552, 0x3498, 0xFFAD, 0xFFAD, 0x0705, 0x0B19, 0x0D0A, 0x0792, 0x02BE, 0x0012, 0x03BB, 0x03BB, 0x125A, 0x0901, 0xFD58, 0xFE0C,
    0xFEC6, 0xFF31, 0xDA84, 0xDA84, 0xBFA7, 0xA9D6, 0x9B60, 0xACA1, 0xBCF8, 0xC62D, 0x4C54, 0x4C54, 0x4DF5, 0x4FCA, 0x4FFE, 0x4C99,
    0x4793, 0x44FE, 0xFF1D, 0xFF1D, 0xFF9E, 0x0036, 0x00D0, 0x0181, 0x0233, 0x0283, 0x13FB, 0x13FB, 0x142C, 0x1467, 0x14A2, 0x14E6,
    0x152A, 0x1549, 0x9575, 0x9575, 0x9069, 0x8A6A, 0x846C, 0x7D78, 0x7687, 0x735F, 0xF769, 0xF769, 0xF438, 0xEF3C, 0xEC30, 0xF49F,
    0xF8A3, 0xFA4C, 0xF7BB, 0xF7BB, 0xEA56, 0xF197, 0xFB93, 0xFE95, 0xFFA9, 0x0000, 0xD553, 0xD553, 0xC4A4, 0xB39E, 0xA6DA, 0xAFB9,
    0xB725, 0xBB2D, 0x4FFE, 0x4FFE, 0x4EC4, 0x4D4D, 0x4BB7, 0x4991, 0x4AFF, 0x4C54, 0xFCEF, 0xFCEF, 0xFDC9, 0xFECB, 0xFFA4, 0xFF9B,
    0x0133, 0x0259, 0xE6A9, 0xE6A9, 0xE79C, 0xE8BD, 0xE9E7, 0xEB37, 0xEC73, 0xED25, 0x8E9B, 0x8E9B, 0x8B19, 0x86F1, 0x8309, 0x80A8,
    0x7B16, 0x7774, 0x8001, 0x8001, 0x4171, 0xBF5F, 0x8001, 0x8001, 0x4171, 0xBF5F, 0xF53F, 0xF53F, 0xF71C, 0xF966, 0xFBC7, 0xFDE5,
    0xFF6B, 0x0000, 0x0253, 0x0253, 0x01EC, 0x016D, 0x00EA, 0x0074, 0x0020, 0x0000, 0xD9D9, 0xD9D9, 0xDA2F, 0xDA99, 0xDB07, 0xDB69,
    0xDBAF, 0xDBCA, 0x070C, 0x070C, 0x04EC, 0x02E7, 0x01CA, 0x00DD, 0x003B, 0x0000, 0xF13C, 0xF13C, 0xF3A1, 0xF665, 0xF948, 0xFC6E,
    0xFEF6, 0x0000, 0xF8F7, 0xF8F7, 0x03DB, 0x0FEB, 0x1B53, 0x276C, 0x3106, 0x34EF, 0xFDEB, 0xFDEB, 0xFEBA, 0xFEE8, 0xFF08, 0xFF65,
    0xFFCF, 0x0000, 0x0708, 0x0708, 0x060E, 0x04DF, 0x03A5, 0x0229, 0x00AD, 0x0000, 0x7431, 0x7431, 0x70CE, 0x6957, 0x61C2, 0x5A8F,
    0x53DF, 0x50ED,
};

static const u16 anim_9B_indices[] = {
    0x0001, 0x0000, 0x0008, 0x0001, 0x0001, 0x0009, 0x0001, 0x0000, 0x0001, 0x000A, 0x0001, 0x0000, 0x0008, 0x0123, 0x0008, 0x012B,
    0x0008, 0x0133, 0x0008, 0x010B, 0x0008, 0x0113, 0x0008, 0x011B, 0x0008, 0x00F3, 0x0008, 0x00FB, 0x0008, 0x0103, 0x0001, 0x00EF,
    0x0001, 0x00F0, 0x0001, 0x00F1, 0x0008, 0x002B, 0x0008, 0x0033, 0x0008, 0x003B, 0x0001, 0x0000, 0x0001, 0x0000, 0x0008, 0x0023,
    0x0008, 0x000B, 0x0008, 0x0013, 0x0008, 0x001B, 0x0001, 0x00EB, 0x0001, 0x00EC, 0x0001, 0x00ED, 0x0008, 0x0063, 0x0008, 0x006B,
    0x0008, 0x0073, 0x0001, 0x0000, 0x0001, 0x0000, 0x0008, 0x005B, 0x0008, 0x0043, 0x0008, 0x004B, 0x0008, 0x0053, 0x0001, 0x0000,
    0x0001, 0x0000, 0x0001, 0x00EE, 0x0008, 0x00D3, 0x0008, 0x00DB, 0x0008, 0x00E3, 0x0001, 0x0000, 0x0001, 0x0000, 0x0008, 0x00CB,
    0x0008, 0x00B3, 0x0008, 0x00BB, 0x0008, 0x00C3, 0x0001, 0x0000, 0x0001, 0x0000, 0x0001, 0x00F2, 0x0008, 0x009B, 0x0008, 0x00A3,
    0x0008, 0x00AB, 0x0001, 0x0000, 0x0001, 0x0000, 0x0008, 0x0093, 0x0008, 0x007B, 0x0008, 0x0083, 0x0008, 0x008B,
};

static const s16 anim_9B_values[] = {
    0x0000, 0x0069, 0x006B, 0x0073, 0x0088, 0x0099, 0x0082, 0x0069, 0x005B, 0xFFDD, 0x3FFF, 0xB870, 0xBDC5, 0xCB83, 0xDE4E, 0xF2C7,
    0x0591, 0x134F, 0x18A4, 0xE53A, 0xE661, 0xE959, 0xED69, 0xF1D6, 0xF5E6, 0xF8DE, 0xFA05, 0xF329, 0xF24C, 0xF013, 0xED0A, 0xE9BA,
    0xE6B1, 0xE478, 0xE39B, 0xD1A5, 0xD16B, 0xD0D6, 0xD00A, 0xCF2C, 0xCE60, 0xCDCB, 0xCD92, 0x4683, 0x516A, 0x6D87, 0x93FC, 0xBDDF,
    0xE450, 0x006D, 0x0B54, 0xC85D, 0xCA0E, 0xCE69, 0xD45F, 0xDADE, 0xE0D4, 0xE52F, 0xE6E0, 0x1427, 0x0D75, 0xFC30, 0xE493, 0xCAD7,
    0xB33A, 0xA1F4, 0x9B42, 0x4035, 0x3B9E, 0x2FC7, 0x1F97, 0x0DF4, 0xFDC5, 0xF1EE, 0xED57, 0x1B99, 0x19FA, 0x15CB, 0x1013, 0x09D8,
    0x0420, 0xFFF3, 0xFE53, 0xFAFE, 0xFA2F, 0xF81A, 0xF541, 0xF227, 0xEF4E, 0xED39, 0xEC6A, 0xD3AE, 0xD478, 0xD682, 0xD94B, 0xDC54,
    0xDF1D, 0xE126, 0xE1F1, 0xDDA1, 0xD076, 0xAE80, 0x800F, 0x4D74, 0x1F03, 0xFD0E, 0xEFE3, 0x2F11, 0x2D72, 0x2944, 0x238C, 0x1D52,
    0x179A, 0x136C, 0x11CD, 0x3498, 0x2A6E, 0x1037, 0xEC5F, 0xC551, 0xA179, 0x8742, 0x7D14, 0x0012, 0x000D, 0xFFFF, 0xFFEB, 0xFFD5,
    0xFFC2, 0xFFB3, 0xFFAD, 0xFF31, 0xFF71, 0x0016, 0x00FA, 0x01F1, 0x02D5, 0x037B, 0x03BB, 0xC62D, 0xC74E, 0xCA35, 0xCE2F, 0xD283,
    0xD67C, 0xD964, 0xDA84, 0x44FE, 0x4566, 0x4672, 0x47E1, 0x4971, 0x4ADF, 0x4BEC, 0x4C54, 0x0283, 0x0253, 0x01D7, 0x012C, 0x0073,
    0xFFCA, 0xFF4D, 0xFF1D, 0x1549, 0x1536, 0x1506, 0x14C5, 0x147E, 0x143D, 0x140D, 0x13FB, 0x735F, 0x7542, 0x7A20, 0x80CB, 0x880C,
    0x8EB4, 0x9392, 0x9575, 0xFA4C, 0xFA23, 0xF9BA, 0xF92A, 0xF88C, 0xF7FC, 0xF792, 0xF769, 0x0000, 0xFF8B, 0xFE5D, 0xFCBF, 0xFAFD,
    0xF95F, 0xF831, 0xF7BB, 0xBB2D, 0xBCA0, 0xC05C, 0xC578, 0xCB09, 0xD024, 0xD3E0, 0xD553, 0x4C54, 0x4C88, 0x4D0E, 0x4DC5, 0x4E8D,
    0x4F44, 0x4FCA, 0x4FFE, 0x0259, 0x020C, 0x0146, 0x0037, 0xFF11, 0xFE02, 0xFD3B, 0xFCEF, 0xED25, 0xECC9, 0xEBDC, 0xEA98, 0xE937,
    0xE7F2, 0xE705, 0xE6A9, 0x7774, 0x78BC, 0x7C0B, 0x8093, 0x8580, 0x8A05, 0x8D53, 0x8E9B, 0x8001, 0x8001, 0x4171, 0xBF5F, 0x8001,
    0x8001, 0x4171, 0xBF5F, 0x0000, 0x0049, 0x00C4, 0x00DD, 0x0000, 0xFC88, 0xF7B1, 0xF53F, 0x0000, 0xFFF1, 0xFFD6, 0xFFD1, 0x0000,
    0x00C0, 0x01CC, 0x0253, 0xDBCA, 0xDD40, 0xE06F, 0xE38D, 0xE4CE, 0xE1D8, 0xDCA1, 0xD9D9, 0x0000, 0xFFD7, 0xFF85, 0xFF47, 0xFF5B,
    0x0000, 0x03C6, 0x070C, 0x0000, 0x0056, 0x0103, 0x0184, 0x0159, 0x0000, 0xF817, 0xF13C, 0x34EF, 0x31D4, 0x29E6, 0x1F39, 0x13DE,
    0x09E8, 0xFF4C, 0xF8F7, 0x0000, 0x000E, 0x0026, 0x002A, 0x0000, 0xFF54, 0xFE64, 0xFDEB, 0x0000, 0xFFD0, 0xFF80, 0xFF70, 0x0000,
    0x0245, 0x056F, 0x0708, 0x50ED, 0x5242, 0x55B1, 0x5A62, 0x5F7F, 0x671A, 0x6FF2, 0x7431,
};

static const u16 anim_BC_BD_indices[] = {
    0x0001, 0x0000, 0x0012, 0x0001, 0x0001, 0x0000, 0x0001, 0x0000, 0x0001, 0x0013, 0x0001, 0x0000, 0x0012, 0x02C6, 0x0012, 0x02D8,
    0x0012, 0x02EA, 0x0012, 0x0290, 0x0012, 0x02A2, 0x0012, 0x02B4, 0x0012, 0x025A, 0x0012, 0x026C, 0x0012, 0x027E, 0x0001, 0x0221,
    0x0001, 0x0222, 0x0001, 0x0223, 0x0012, 0x005C, 0x0012, 0x006E, 0x0012, 0x0080, 0x0001, 0x0000, 0x0001, 0x0000, 0x0012, 0x004A,
    0x0012, 0x0014, 0x0012, 0x0026, 0x0012, 0x0038, 0x0001, 0x020C, 0x0001, 0x020D, 0x0001, 0x020E, 0x0012, 0x00DA, 0x0012, 0x00EC,
    0x0012, 0x00FE, 0x0001, 0x0000, 0x0001, 0x0000, 0x0012, 0x00C8, 0x0012, 0x0092, 0x0012, 0x00A4, 0x0012, 0x00B6, 0x0001, 0x0000,
    0x0001, 0x0000, 0x0012, 0x020F, 0x0012, 0x01D6, 0x0012, 0x01E8, 0x0012, 0x01FA, 0x0001, 0x0000, 0x0001, 0x0000, 0x0012, 0x01C4,
    0x0012, 0x018E, 0x0012, 0x01A0, 0x0012, 0x01B2, 0x0012, 0x0224, 0x0012, 0x0236, 0x0012, 0x0248, 0x0012, 0x0158, 0x0012, 0x016A,
    0x0012, 0x017C, 0x0001, 0x0000, 0x0001, 0x0000, 0x0012, 0x0146, 0x0012, 0x0110, 0x0012, 0x0122, 0x0012, 0x0134,
};

static const s16 anim_BC_BD_values[] = {
    0x0000, 0x0057, 0x0058, 0x005A, 0x005D, 0x0060, 0x0065, 0x006C, 0x0083, 0x00A5, 0x00CC, 0x00F1, 0x010F, 0x011E, 0x0118, 0x0101,
    0x00E4, 0x00CB, 0x00C0, 0x3FFF, 0xFF8A, 0x00F6, 0x0489, 0x0939, 0x0DF9, 0x11C0, 0x1382, 0x1233, 0x0D95, 0x068E, 0xFDCD, 0xF3FF,
    0xE9D3, 0xDFFA, 0xD720, 0xCFF6, 0xCB29, 0xC968, 0xF980, 0xFA09, 0xFB6C, 0xFD51, 0xFF61, 0x0145, 0x02A7, 0x0331, 0x02EB, 0x022E,
    0x0117, 0xFFC6, 0xFE56, 0xFCE7, 0xFB94, 0xFA7E, 0xF9C1, 0xF97C, 0xF06F, 0xEF5A, 0xEC8E, 0xE8B8, 0xE485, 0xE0A3, 0xDDBE, 0xDC83,
    0xDCDA, 0xDE11, 0xDFF1, 0xE243, 0xE4D1, 0xE763, 0xE9C2, 0xEBB8, 0xED0E, 0xED8C, 0xC485, 0xC6B8, 0xCC72, 0xD468, 0xDD4B, 0xE5CF,
    0xECA7, 0xF085, 0xF1CA, 0xF1E0, 0xF106, 0xEF7B, 0xED7F, 0xEB51, 0xE931, 0xE75D, 0xE616, 0xE59B, 0xE000, 0xDE6C, 0xDA71, 0xD531,
    0xCFD0, 0xCB70, 0xC934, 0xCA3F, 0xCEC9, 0xD5D3, 0xDEAA, 0xE899, 0xF2ED, 0xFCF4, 0x05F7, 0x0D46, 0x122D, 0x13F7, 0xECD9, 0xEDDC,
    0xF05B, 0xF388, 0xF696, 0xF8B7, 0xF91E, 0xF6FD, 0xF1FF, 0xEAC6, 0xE1F8, 0xD83C, 0xCE37, 0xC491, 0xBBEE, 0xB4F5, 0xB04C, 0xAE99,
    0xE26A, 0xE4C1, 0xEAAB, 0xF27D, 0xFA8D, 0x0131, 0x04C0, 0x0391, 0xFD5A, 0xF395, 0xE741, 0xD95B, 0xCAE1, 0xBCD1, 0xB027, 0xA5E2,
    0x9EFE, 0x9C7A, 0x0000, 0xFFBC, 0xFF1D, 0xFE66, 0xFDDE, 0xFDC7, 0xFE66, 0x0000, 0x02CD, 0x06A5, 0x0B36, 0x1030, 0x1543, 0x1A1E,
    0x1E70, 0x21EA, 0x243B, 0x2513, 0x0000, 0xFFF1, 0xFFCC, 0xFFA2, 0xFF82, 0xFF7D, 0xFFA2, 0x0000, 0x00A5, 0x0188, 0x0296, 0x03BC,
    0x04E8, 0x0607, 0x0706, 0x07D3, 0x085C, 0x088E, 0xED8C, 0xEC49, 0xE90D, 0xE4AE, 0xDFFE, 0xDBD3, 0xD901, 0xD85C, 0xD9E1, 0xDCC1,
    0xE0A2, 0xE528, 0xE9F6, 0xEEB3, 0xF301, 0xF686, 0xF8E6, 0xF9C5, 0xC898, 0xC86C, 0xC80A, 0xC7A5, 0xC76D, 0xC796, 0xC851, 0xC9D1,
    0xCC49, 0xCF9F, 0xD38F, 0xD7D6, 0xDC2E, 0xE055, 0xE406, 0xE6FD, 0xE8F7, 0xE9AE, 0x4CE0, 0x4613, 0x3482, 0x1C6B, 0x020E, 0xE9AD,
    0xD784, 0xCFD3, 0xD1FE, 0xD9AB, 0xE580, 0xF424, 0x043B, 0x146E, 0x2361, 0x2FBB, 0x3822, 0x3B3C, 0x2C94, 0x2C25, 0x2B10, 0x29A9,
    0x2845, 0x2737, 0x26D4, 0x276F, 0x2924, 0x2BAB, 0x2ECA, 0x3242, 0x35D8, 0x394E, 0x3C69, 0x3EEC, 0x409A, 0x4137, 0x0951, 0x01B1,
    0xEE17, 0xD367, 0xB688, 0x9C62, 0x89DC, 0x83DB, 0x8A06, 0x9781, 0xAA6A, 0xC0E2, 0xD909, 0xF101, 0x06E6, 0x18DD, 0x2505, 0x297C,
    0xFF57, 0xFF3B, 0xFF03, 0xFED7, 0xFEAB, 0xFE79, 0xFE68, 0xFEA4, 0xFFA6, 0x0116, 0x01E6, 0x00B8, 0xFF57, 0xFF3C, 0xFF61, 0xFFA4,
    0xFFE4, 0x0000, 0xFC91, 0xFD51, 0xFEDA, 0x001C, 0x00CB, 0x0150, 0x01B0, 0x01EE, 0x01D8, 0x0183, 0x015A, 0x01E0, 0x0244, 0x01E8,
    0x0154, 0x00B4, 0x0034, 0x0000, 0xBDC5, 0xBFE7, 0xC37D, 0xC454, 0xBEED, 0xB630, 0xAF7D, 0xB038, 0xC2EE, 0xDFA7, 0xF000, 0xD923,
    0xBDAE, 0xBA06, 0xBAB3, 0xBDB1, 0xC0F8, 0xC283, 0x091A, 0x1015, 0x1F1F, 0x2D5C, 0x38C4, 0x4437, 0x4E39, 0x554A, 0x5644, 0x52E7,
    0x5113, 0x5485, 0x59C5, 0x5EA1, 0x4B41, 0x32A5, 0x1D7E, 0x1482, 0x1711, 0x179D, 0x1925, 0x1B80, 0x2026, 0x2665, 0x2AD6, 0x2A14,
    0x1DF3, 0x0A95, 0xFC06, 0xFC7D, 0x0156, 0x01A4, 0x0176, 0x0109, 0x009A, 0x0068, 0x1373, 0x1868, 0x2234, 0x293D, 0x2BAA, 0x2C97,
    0x2BDC, 0x2952, 0x23AC, 0x1AE6, 0x10C7, 0x01A2, 0xF64E, 0xF58B, 0xF770, 0xFA90, 0xFD7D, 0xFEC8, 0xA1B6, 0xA41A, 0xA9BF, 0xB058,
    0xB8F5, 0xC378, 0xCBC9, 0xCDD2, 0xC35B, 0xB025, 0x9F05, 0x9551, 0x8F7C, 0x8A9F, 0x85E0, 0x81CD, 0x7EEF, 0x7DDD, 0x011B, 0x02DD,
    0x062E, 0x0825, 0x0759, 0x0533, 0x02FA, 0x00D0, 0x0050, 0x0044, 0x006A, 0x00AF, 0x00D0, 0x00B5, 0x0080, 0x0045, 0x0014, 0x0000,
    0xFFC8, 0xFF20, 0xFDE7, 0xFD3E, 0xFDC6, 0xFEDE, 0xFFBC, 0xFF38, 0xFF3F, 0xFF56, 0xFF4A, 0xFF36, 0xFF38, 0xFF5A, 0xFF8E, 0xFFC4,
    0xFFEF, 0x0000, 0xAA72, 0xAFB9, 0xB9CC, 0xC009, 0xBD3E, 0xB69E, 0xB321, 0xC1AA, 0xC230, 0xC07C, 0xC000, 0xBFC6, 0xC1AA, 0xC6CA,
    0xCDDA, 0xD516, 0xDAB9, 0xDCFE, 0x5730, 0x56C3, 0x562A, 0x5666, 0x593D, 0x5CEA, 0x5D1F, 0x4A8E, 0x37D3, 0x2886, 0x1E62, 0x170F,
    0x152F, 0x19BC, 0x2218, 0x2B7D, 0x3328, 0x3653, 0xFFB8, 0xFF48, 0xFE6A, 0xFDC9, 0xFD9A, 0xFDA8, 0xFDFD, 0xFFBC, 0x0701, 0x0D26,
    0x0EE3, 0x0EE2, 0x0DB3, 0x0B4C, 0x07DF, 0x0452, 0x0188, 0x0068, 0x0050, 0x023F, 0x0646, 0x09BC, 0x0B91, 0x0CD4, 0x0E13, 0x0F6A,
    0x1124, 0x114E, 0x0DC7, 0x08EC, 0x0536, 0x030F, 0x0147, 0xFFEF, 0xFF14, 0xFEC8, 0x82F7, 0x82BA, 0x8244, 0x81F7, 0x81BD, 0x81AC,
    0x8268, 0x875A, 0x9B45, 0xAE87, 0xB8EF, 0xC096, 0xCA4D, 0xD999, 0xEC36, 0xFE47, 0x0BF1, 0x115B, 0x8001, 0x8001, 0x4171, 0xBF5F,
    0xBF61, 0xBF64, 0xBF5F, 0xBF49, 0xBF2C, 0xBF1E, 0xBF5F, 0xC0FA, 0xC217, 0xC309, 0xC35F, 0xBF5F, 0xB4BC, 0xA618, 0x971D, 0x8B71,
    0x86BD, 0x8001, 0x8001, 0x4171, 0x0000, 0xFE1F, 0xFA44, 0xF719, 0xF52E, 0xF388, 0xF283, 0xF27C, 0xF46B, 0xF7E7, 0xFB3E, 0xFE21,
    0x0000, 0x006F, 0x007D, 0x0053, 0x001B, 0x0000, 0x0000, 0x0317, 0x0971, 0x0EA7, 0x11CF, 0x1486, 0x1634, 0x163E, 0x1310, 0x0D54,
    0x07D4, 0x0315, 0x0000, 0xFF49, 0xFF32, 0xFF77, 0xFFD3, 0x0000, 0xBF5F, 0xBB66, 0xB33F, 0xAC8D, 0xA87F, 0xA503, 0xA2DB, 0xA2CD,
    0xA6E3, 0xAE41, 0xB551, 0xBB6A, 0xBF5F, 0xC04A, 0xC068, 0xC010, 0xBF9A, 0xBF5F, 0xE0EA, 0xDF08, 0xDD10, 0xE08A, 0xEBE4, 0xFB80,
    0x0BC8, 0x192E, 0x2075, 0x211E, 0x1AE6, 0x11D2, 0x0CD4, 0x0E03, 0x11BE, 0x1667, 0x1A63, 0x1C13, 0xF9D5, 0xFC05, 0x0039, 0x02EC,
    0x02D9, 0x01A6, 0x0026, 0xFF2B, 0xFF33, 0x0033, 0x0286, 0x0547, 0x0698, 0x05E4, 0x0441, 0x024F, 0x00AE, 0x0000, 0x02C2, 0x04FC,
    0x094B, 0x0C21, 0x0C73, 0x0BD4, 0x0A9B, 0x0922, 0x06DB, 0x0337, 0xFD77, 0xF728, 0xF412, 0xF553, 0xF8A1, 0xFCA6, 0x000A, 0x0177,
    0x0000, 0x00E6, 0x02CF, 0x0488, 0x05BA, 0x06D4, 0x07CC, 0x0898, 0x09DB, 0x0BA3, 0x0D01, 0x0D06, 0x0AC5, 0x04D9, 0xFBE2, 0xF1F4,
    0xE926, 0xE38F, 0x06ED, 0x0520, 0x0194, 0xFF0D, 0xFE5B, 0xFE4E, 0xFEAE, 0xFF40, 0x0028, 0x0176, 0x02D4, 0x03ED, 0x046A, 0x0401,
    0x02EA, 0x0197, 0x0078, 0x0000, 0x0CFE, 0x0B38, 0x07EE, 0x062D, 0x074B, 0x09B5, 0x0C1D, 0x0D34, 0x0CB4, 0x0B6D, 0x09B1, 0x07D1,
    0x061F, 0x0456, 0x0240, 0x0043, 0xFEC8, 0xFE32, 0x257D, 0x2639, 0x2840, 0x2B4B, 0x2F17, 0x335F, 0x3806, 0x3D12, 0x427A, 0x4830,
    0x4E28, 0x5456, 0x5AAF, 0x62B4, 0x6C8E, 0x7629, 0x7D73, 0x8059, 0xF72C, 0xF790, 0xF894, 0xF9F7, 0xFB7C, 0xFCE5, 0xFE54, 0xFFFC,
    0x01B6, 0x035F, 0x04D0, 0x05E4, 0x0674, 0x05F2, 0x045E, 0x0265, 0x00B6, 0x0000, 0x3380, 0x3335, 0x3278, 0x317E, 0x307E, 0x2FAD,
    0x2EDC, 0x2DD5, 0x2CC5, 0x2BD9, 0x2B3D, 0x2B1F, 0x2BAA, 0x2DDA, 0x31B6, 0x3601, 0x397D, 0x3AED,
};

static const u16 anim_BF_indices[] = {
    0x0001, 0x0000, 0x0018, 0x0001, 0x0001, 0x0000, 0x0001, 0x0000, 0x0001, 0x0019, 0x0001, 0x0000, 0x0018, 0x0380, 0x0018, 0x0398,
    0x0018, 0x03B0, 0x0018, 0x0338, 0x0018, 0x0350, 0x0018, 0x0368, 0x0018, 0x02F0, 0x0018, 0x0308, 0x0018, 0x0320, 0x0001, 0x02A5,
    0x0001, 0x02A6, 0x0001, 0x02A7, 0x0018, 0x007A, 0x0018, 0x0092, 0x0018, 0x00AA, 0x0001, 0x0000, 0x0001, 0x0000, 0x0018, 0x0062,
    0x0018, 0x001A, 0x0018, 0x0032, 0x0018, 0x004A, 0x0001, 0x028A, 0x0001, 0x028B, 0x0001, 0x028C, 0x0018, 0x00F2, 0x0018, 0x010A,
    0x0018, 0x0122, 0x0001, 0x0000, 0x0001, 0x0000, 0x0018, 0x00DA, 0x0001, 0x0000, 0x0001, 0x0000, 0x0018, 0x00C2, 0x0001, 0x0000,
    0x0001, 0x0000, 0x0018, 0x028D, 0x0018, 0x0242, 0x0018, 0x025A, 0x0018, 0x0272, 0x0001, 0x0000, 0x0001, 0x0000, 0x0018, 0x022A,
    0x0018, 0x01E2, 0x0018, 0x01FA, 0x0018, 0x0212, 0x0018, 0x02A8, 0x0018, 0x02C0, 0x0018, 0x02D8, 0x0018, 0x019A, 0x0018, 0x01B2,
    0x0018, 0x01CA, 0x0001, 0x0000, 0x0001, 0x0000, 0x0018, 0x0182, 0x0018, 0x013A, 0x0018, 0x0152, 0x0018, 0x016A,
};

static const s16 anim_BF_values[] = {
    0x0000, 0x006C, 0x0070, 0x0074, 0x0078, 0x007C, 0x0080, 0x0084, 0x0088, 0x008C, 0x0091, 0x0095, 0x0099, 0x009D, 0x00A1, 0x00A5,
    0x00A9, 0x00AD, 0x00B1, 0x00B4, 0x00B7, 0x00BB, 0x00BD, 0x00C0, 0x00C3, 0x3FFF, 0x1233, 0x12DA, 0x129F, 0x125B, 0x126E, 0x1233,
    0x1192, 0x10E4, 0x102C, 0x0F6A, 0x0EA0, 0x0DCF, 0x0CF9, 0x0C1F, 0x0B43, 0x0A65, 0x0987, 0x08AA, 0x07D1, 0x06FB, 0x062B, 0x0562,
    0x04A2, 0x03EA, 0x0331, 0x0387, 0x0368, 0x0345, 0x034F, 0x0331, 0x02DA, 0x027E, 0x021C, 0x01B4, 0x0148, 0x00D9, 0x0067, 0xFFF4,
    0xFF7E, 0xFF07, 0xFE91, 0xFE1B, 0xFDA7, 0xFD35, 0xFCC7, 0xFC5B, 0xFBF4, 0xFB93, 0xDC83, 0xDBD1, 0xDC11, 0xDC59, 0xDC4A, 0xDC83,
    0xDD1A, 0xDDBD, 0xDE6A, 0xDF1F, 0xDFDC, 0xE0A0, 0xE168, 0xE234, 0xE302, 0xE3D2, 0xE4A2, 0xE570, 0xE63C, 0xE703, 0xE7C6, 0xE882,
    0xE936, 0xE9E1, 0xF085, 0xF619, 0xFBFE, 0xFEBB, 0xF7A8, 0xF085, 0xF19B, 0xF474, 0xF812, 0xFB7B, 0xFDB1, 0xFDB9, 0xFC27, 0xFA3C,
    0xF804, 0xF588, 0xF2D3, 0xEFF0, 0xECE9, 0xE9C8, 0xE698, 0xE363, 0xE034, 0xDD15, 0xCA3F, 0xD325, 0xE26C, 0xE8E9, 0xE564, 0xE0E0,
    0xDB84, 0xD575, 0xCED9, 0xC7D7, 0xC096, 0xB93A, 0xB1EC, 0xAAD0, 0xA40C, 0x9DC9, 0x982A, 0x9358, 0x8F77, 0x8CAF, 0x8B25, 0x8AFF,
    0x8DB5, 0x9423, 0xF6FD, 0xF490, 0xEFC2, 0xEC1A, 0xEA31, 0xE842, 0xE650, 0xE45D, 0xE26C, 0xE080, 0xDE9C, 0xDCC1, 0xDAF3, 0xD934,
    0xD787, 0xD5EE, 0xD46C, 0xD304, 0xD1B7, 0xD08A, 0xCF7E, 0xCE96, 0xCDF9, 0xCDBF, 0x0391, 0xF3DA, 0xD8DE, 0xCBF0, 0xCF29, 0xD3A4,
    0xD936, 0xDFB3, 0xE6ED, 0xEEB8, 0xF6E9, 0xFF52, 0x07C7, 0x101D, 0x1826, 0x1FB7, 0x26A3, 0x2CBE, 0x31DB, 0x35CE, 0x386B, 0x3985,
    0x37C7, 0x3274, 0xD85C, 0xD7AC, 0xD804, 0xD85C, 0xD81F, 0xD85C, 0xD95B, 0xDA6D, 0xDB91, 0xDCC4, 0xDE04, 0xDF4F, 0xE0A2, 0xE1FD,
    0xE35B, 0xE4BC, 0xE61D, 0xE77B, 0xE8D5, 0xEA29, 0xEB74, 0xECB4, 0xEDE7, 0xEF0B, 0xC9D1, 0xD509, 0xE7E6, 0xF639, 0xF845, 0xF639,
    0xF62E, 0xF657, 0xF692, 0xF6BF, 0xF6BD, 0xF669, 0xF5A3, 0xF449, 0xF272, 0xF051, 0xEDF1, 0xEB5C, 0xE89D, 0xE5BF, 0xE2CC, 0xDFCE,
    0xDCD1, 0xD9DF, 0xCFD3, 0xD60F, 0xE8D4, 0x010B, 0x17A0, 0x257A, 0x2C8D, 0x337C, 0x3A39, 0x40B7, 0x46E7, 0x4CBC, 0x5228, 0x571D,
    0x5B8D, 0x5F6B, 0x62A9, 0x6538, 0x670C, 0x6815, 0x6847, 0x6793, 0x64A9, 0x5EAC, 0x276F, 0x2899, 0x2AF9, 0x2DC0, 0x301C, 0x313E,
    0x316B, 0x3177, 0x3165, 0x313A, 0x30F9, 0x30A6, 0x3044, 0x2FD7, 0x2F63, 0x2EEC, 0x2E75, 0x2E03, 0x2D98, 0x2D39, 0x2CE9, 0x2CAC,
    0x2C7D, 0x2C56, 0x83DB, 0x8A32, 0x9DA9, 0xB6E9, 0xCE9A, 0xDD66, 0xE542, 0xED01, 0xF493, 0xFBE9, 0x02F3, 0x09A3, 0x0FEA, 0x15B8,
    0x1AFF, 0x1FAE, 0x23B7, 0x270A, 0x2999, 0x2B54, 0x2C2B, 0x2C11, 0x29B1, 0x2431, 0xFEA4, 0xFED4, 0xFF1F, 0xFF57, 0xFF5F, 0xFF57,
    0xFF54, 0xFF4C, 0xFF3F, 0xFF30, 0xFF1E, 0xFF0B, 0xFEF8, 0xFEE6, 0xFED6, 0xFECA, 0xFEC1, 0xFEBE, 0xFEC2, 0xFECD, 0xFEE0, 0xFEFD,
    0xFF24, 0xFF57, 0x01EE, 0x0225, 0x0239, 0x0244, 0x0248, 0x0244, 0x0245, 0x0248, 0x024C, 0x0251, 0x0257, 0x025D, 0x0263, 0x0269,
    0x026E, 0x0272, 0x0275, 0x0276, 0x0275, 0x0271, 0x026B, 0x0261, 0x0255, 0x0244, 0xB038, 0xB2BA, 0xB8E4, 0xBDAE, 0xBE49, 0xBDAE,
    0xBDAD, 0xBDAD, 0xBDAC, 0xBDAA, 0xBDA9, 0xBDA7, 0xBDA5, 0xBDA4, 0xBDA3, 0xBDA1, 0xBDA1, 0xBDA0, 0xBDA1, 0xBDA2, 0xBDA3, 0xBDA6,
    0xBDA9, 0xBDAE, 0x554A, 0x5EA1, 0x6135, 0x5EA1, 0x4DC6, 0x3E71, 0x3A9B, 0x36E7, 0x3355, 0x2FE6, 0x2C9A, 0x2972, 0x266E, 0x238F,
    0x20D5, 0x1E41, 0x1BD3, 0x198C, 0x176C, 0x1574, 0x13A5, 0x11FF, 0x1082, 0x0F2E, 0x2A14, 0x1F8C, 0x0E94, 0x0156, 0xFD64, 0xFDAE,
    0xFE58, 0xFF4E, 0x0077, 0x01C1, 0x0313, 0x045A, 0x057E, 0x066A, 0x0708, 0x0742, 0x06E9, 0x05F9, 0x04A0, 0x030A, 0x0161, 0xFFD5,
    0xFE8F, 0xFDBD, 0x2952, 0x1ABB, 0x05E6, 0xF64E, 0xF3EE, 0xF67E, 0xF743, 0xF81D, 0xF907, 0xF9FA, 0xFAEE, 0xFBDF, 0xFCC5, 0xFD99,
    0xFE56, 0xFEF5, 0xFF5F, 0xFF91, 0xFF9C, 0xFF95, 0xFF8D, 0xFF99, 0xFFCB, 0x0034, 0xCDD2, 0xBD57, 0xA24B, 0x8F7C, 0x9471, 0x9EFD,
    0xA1B9, 0xA461, 0xA6E7, 0xA93F, 0xAB5C, 0xAD30, 0xAEAF, 0xAFCB, 0xB077, 0xB0A6, 0xB01B, 0xAEBE, 0xACB4, 0xAA23, 0xA733, 0xA408,
    0xA0CB, 0x9DA0, 0x00D0, 0x006A, 0xFFCD, 0xFFF1, 0x003E, 0x00D0, 0x00CB, 0x00BC, 0x00A6, 0x008C, 0x0073, 0x005D, 0x004D, 0x0047,
    0x004E, 0x005E, 0x0076, 0x0092, 0x00AE, 0x00C8, 0x00DB, 0x00E5, 0x00E3, 0x00D0, 0xFF38, 0xFF13, 0xFEF7, 0xFEE6, 0xFEE6, 0xFF38,
    0xFF2D, 0xFF1C, 0xFF06, 0xFEEE, 0xFED7, 0xFEC3, 0xFEB5, 0xFEB0, 0xFEB1, 0xFEB4, 0xFEBA, 0xFEC2, 0xFECE, 0xFEDC, 0xFEEE, 0xFF03,
    0xFF1B, 0xFF38, 0xC1AA, 0xC9BA, 0xE469, 0xE2C3, 0xD992, 0xC1AA, 0xC314, 0xC641, 0xCA96, 0xCF7B, 0xD456, 0xD88C, 0xDB83, 0xDCA3,
    0xDC22, 0xDAB9, 0xD891, 0xD5D1, 0xD2A2, 0xCF2C, 0xCB96, 0xC809, 0xC4AD, 0xC1AA, 0x4A8E, 0x1FCC, 0x051C, 0x0994, 0x1298, 0x152F,
    0x151B, 0x14DB, 0x147C, 0x140E, 0x139E, 0x133D, 0x12F8, 0x12DD, 0x12C0, 0x1279, 0x121F, 0x11C9, 0x118E, 0x1186, 0x11C8, 0x126A,
    0x1385, 0x152F, 0xFFBC, 0x0730, 0x05E8, 0x0350, 0x003C, 0xFD5D, 0xFA89, 0xF74B, 0xF3E6, 0xF09D, 0xEDB1, 0xEB64, 0xE9F8, 0xE9AF,
    0xEA91, 0xEC57, 0xEED1, 0xF1CF, 0xF51F, 0xF892, 0xFBF6, 0xFF1A, 0x01CE, 0x03E1, 0x0F6A, 0x0481, 0xFD88, 0xF772, 0xF124, 0xEDE7,
    0xEDB3, 0xEE34, 0xEF40, 0xF0AB, 0xF24B, 0xF3F5, 0xF57E, 0xF6BB, 0xF7CA, 0xF8E0, 0xF9F8, 0xFB0D, 0xFC1A, 0xFD19, 0xFE04, 0xFED7,
    0xFF8C, 0x001C, 0x875A, 0xB361, 0xC2F3, 0xC3F5, 0xC28B, 0xC09B, 0xBEFE, 0xBD48, 0xBB7D, 0xB99E, 0xB7AF, 0xB5B0, 0xB3A6, 0xB191,
    0xAF81, 0xAD7F, 0xAB83, 0xA984, 0xA77C, 0xA563, 0xA331, 0xA0DE, 0x9E62, 0x9BB7, 0x8001, 0x8001, 0x4171, 0xBF5F, 0xBF66, 0xBF65,
    0xBF62, 0xBF5F, 0xBF5F, 0xBF5F, 0xBF5F, 0xBF5F, 0xBF5F, 0xBF5F, 0xBF5F, 0xBF5F, 0xBF5F, 0xBF5F, 0xBF5F, 0xBF5F, 0xBF5F, 0xBF5F,
    0xBF5F, 0xBF5F, 0xBF5F, 0xBF5F, 0xBF5F, 0x8001, 0x8001, 0x4171, 0xF27C, 0xF60B, 0xFBB7, 0x0000, 0x009B, 0x0000, 0x0000, 0x0000,
    0x0000, 0x0000, 0x0000, 0x0000, 0x0000, 0x0000, 0x0000, 0x0000, 0x0000, 0x0000, 0x0000, 0x0000, 0x0000, 0x0000, 0x0000, 0x0000,
    0x163E, 0x1064, 0x070E, 0x0000, 0xFF00, 0x0000, 0x0000, 0x0000, 0x0000, 0x0000, 0x0000, 0x0000, 0x0000, 0x0000, 0x0000, 0x0000,
    0x0000, 0x0000, 0x0000, 0x0000, 0x0000, 0x0000, 0x0000, 0x0000, 0xA2CD, 0xAA52, 0xB64E, 0xBF5F, 0xC0A8, 0xBF5F, 0xBF5F, 0xBF5F,
    0xBF5F, 0xBF5F, 0xBF5F, 0xBF5F, 0xBF5F, 0xBF5F, 0xBF5F, 0xBF5F, 0xBF5F, 0xBF5F, 0xBF5F, 0xBF5F, 0xBF5F, 0xBF5F, 0xBF5F, 0xBF5F,
    0x1331, 0x1DE4, 0x1D42, 0x1622, 0x10E1, 0x0B29, 0x053B, 0xFF5B, 0xF9C9, 0xF4CA, 0xEFE3, 0xEB31, 0xE7DC, 0xE707, 0xE839, 0xEA18,
    0xEC80, 0xEF4A, 0xF251, 0xF572, 0xF886, 0xFB67, 0xFDF2, 0x0000, 0x0D7A, 0x0F0A, 0x0D0A, 0x090E, 0x05D0, 0x0250, 0xFEC1, 0xFB53,
    0xF83B, 0xF5AA, 0xF3BF, 0xF27F, 0xF1FF, 0xF24F, 0xF335, 0xF460, 0xF5C0, 0xF745, 0xF8E0, 0xFA80, 0xFC17, 0xFD94, 0xFEE7, 0x0000,
    0xF113, 0xEC1C, 0xF1B6, 0xF7F0, 0xF51C, 0xF0AA, 0xEB55, 0xE5D8, 0xE0EB, 0xDD49, 0xDAD8, 0xD968, 0xD997, 0xDC01, 0xE02E, 0xE51C,
    0xEA9C, 0xF07D, 0xF68E, 0xFCA0, 0x0281, 0x0804, 0x0CF6, 0x1128, 0x0898, 0x091B, 0x0986, 0x09CA, 0x09D9, 0x09A5, 0x0944, 0x08D9,
    0x0864, 0x07E7, 0x0763, 0x06D9, 0x064A, 0x05B6, 0x051F, 0x0487, 0x03ED, 0x0353, 0x02BB, 0x0224, 0x0191, 0x0103, 0x0069, 0x0000,
    0xFF40, 0x007F, 0x0256, 0x0448, 0x05D8, 0x068B, 0x069A, 0x0692, 0x0675, 0x0645, 0x0605, 0x05B7, 0x055D, 0x04F9, 0x048E, 0x041D,
    0x03A8, 0x0333, 0x02BF, 0x024E, 0x01E2, 0x017E, 0x00B8, 0x0000, 0x0D34, 0x0B24, 0x0779, 0x034A, 0xFFB0, 0xFDC2, 0xFD11, 0xFC70,
    0xFBE3, 0xFB6A, 0xFB06, 0xFAB9, 0xFA84, 0xFA68, 0xFA68, 0xFA82, 0xFABB, 0xFB11, 0xFB87, 0xFC1F, 0xFCD9, 0xFDB6, 0x057C, 0x0E38,
    0x3519, 0x35C2, 0x36C3, 0x3876, 0x3AB0, 0x3D09, 0x3F83, 0x4223, 0x44E9, 0x47D8, 0x4AF3, 0x4E3D, 0x51B7, 0x557E, 0x599F, 0x5E01,
    0x6290, 0x6734, 0x6BD8, 0x7066, 0x74C7, 0x78E5, 0x7CA9, 0x8001, 0xFDC4, 0xFE52, 0xFEC4, 0xFEF4, 0xFEE0, 0xFEAC, 0xFE61, 0xFE08,
    0xFDAC, 0xFD56, 0xFD11, 0xFCE5, 0xFCDD, 0xFCF7, 0xFD25, 0xFD65, 0xFDB3, 0xFE0A, 0xFE67, 0xFEC5, 0xFF21, 0xFF77, 0xFFC3, 0x0000,
    0x2C37, 0x293E, 0x24A8, 0x1DE0, 0x15AD, 0x0CDE, 0x0380, 0xF9A0, 0xEF49, 0xE48A, 0xD96F, 0xCE05, 0xC258, 0xB5D1, 0xA80F, 0x996F,
    0x8A51, 0x7B10, 0x6C12, 0x5DB1, 0x504C, 0x4443, 0x39F3, 0x31BC,
};

static const u16 anim_C0_indices[] = {
    0x0020, 0x0001, 0x0020, 0x0021, 0x0020, 0x0041, 0x0001, 0x0000, 0x0001, 0x0061, 0x0001, 0x0000, 0x0020, 0x046A, 0x0020, 0x048A,
    0x0020, 0x04AA, 0x0020, 0x040A, 0x0020, 0x042A, 0x0020, 0x044A, 0x0020, 0x03AA, 0x0020, 0x03CA, 0x0020, 0x03EA, 0x0001, 0x03A6,
    0x0001, 0x03A7, 0x0001, 0x03A8, 0x0020, 0x00E2, 0x0020, 0x0102, 0x0020, 0x0122, 0x0001, 0x0000, 0x0001, 0x0000, 0x0020, 0x00C2,
    0x0020, 0x0062, 0x0020, 0x0082, 0x0020, 0x00A2, 0x0001, 0x03A2, 0x0001, 0x03A3, 0x0001, 0x03A4, 0x0020, 0x0182, 0x0020, 0x01A2,
    0x0020, 0x01C2, 0x0001, 0x0000, 0x0001, 0x0000, 0x0020, 0x0162, 0x0001, 0x0000, 0x0001, 0x0000, 0x0020, 0x0142, 0x0001, 0x0000,
    0x0001, 0x0000, 0x0001, 0x03A5, 0x0020, 0x0342, 0x0020, 0x0362, 0x0020, 0x0382, 0x0001, 0x0000, 0x0001, 0x0000, 0x0020, 0x0322,
    0x0020, 0x02C2, 0x0020, 0x02E2, 0x0020, 0x0302, 0x0001, 0x0000, 0x0001, 0x0000, 0x0001, 0x03A9, 0x0020, 0x0262, 0x0020, 0x0282,
    0x0020, 0x02A2, 0x0001, 0x0000, 0x0001, 0x0000, 0x0020, 0x0242, 0x0020, 0x01E2, 0x0020, 0x0202, 0x0020, 0x0222,
};

static const s16 anim_C0_values[] = {
    0x0000, 0x0000, 0x0000, 0x0000, 0x0000, 0x0000, 0x0000, 0x0000, 0x0000, 0x0000, 0x0000, 0x0000, 0x0000, 0x0000, 0x0000, 0x0000,
    0x0000, 0x0000, 0x0000, 0x0000, 0x0000, 0x0000, 0xFFFD, 0xFFF6, 0xFFF0, 0xFFEB, 0xFFEC, 0xFFF2, 0xFFF8, 0xFFFE, 0x0000, 0x0000,
    0x0000, 0x007A, 0x005F, 0x005A, 0x0067, 0x0074, 0x0082, 0x0090, 0x009D, 0x00A7, 0x00B0, 0x00B7, 0x00BA, 0x00BB, 0x00BB, 0x00BB,
    0x00BB, 0x00BA, 0x00BA, 0x00BA, 0x00BB, 0x00BB, 0x00BC, 0x00BD, 0x00B8, 0x00AF, 0x00AD, 0x00AB, 0x00AB, 0x00AA, 0x00AA, 0x00AA,
    0x00AA, 0xFFE8, 0xFFE6, 0xFFEA, 0xFFE9, 0xFFE9, 0xFFEA, 0xFFEC, 0xFFF4, 0xFFFD, 0x0005, 0x000B, 0x0017, 0x0017, 0x0017, 0x0017,
    0x0017, 0x0017, 0x0017, 0x0017, 0x0016, 0x0012, 0x000D, 0x000A, 0x000D, 0x0014, 0x0011, 0x0009, 0x0005, 0x0001, 0x0000, 0x0000,
    0x0000, 0x3FFF, 0x00AB, 0x00B3, 0x00B8, 0x00B9, 0x00B3, 0x00A9, 0x009C, 0x008D, 0x007E, 0x0070, 0x0064, 0x005C, 0x0058, 0x0058,
    0x005A, 0x005C, 0x005E, 0x005F, 0x005C, 0x0056, 0x004F, 0x0047, 0x003E, 0x0035, 0x002B, 0x0021, 0x0018, 0x0010, 0x0009, 0x0004,
    0x0001, 0x0000, 0xF985, 0xF986, 0xF986, 0xF986, 0xF986, 0xF985, 0xF984, 0xF983, 0xF983, 0xF982, 0xF981, 0xF981, 0xF981, 0xF981,
    0xF981, 0xF981, 0xF981, 0xF981, 0xF981, 0xF980, 0xF980, 0xF980, 0xF97F, 0xF97F, 0xF97E, 0xF97E, 0xF97D, 0xF97D, 0xF97C, 0xF97C,
    0xF97C, 0xF97C, 0xE957, 0xE924, 0xE902, 0xE8FF, 0xE921, 0xE960, 0xE9B3, 0xEA10, 0xEA70, 0xEAC9, 0xEB14, 0xEB47, 0xEB5D, 0xEB5F,
    0xEB54, 0xEB44, 0xEB37, 0xEB35, 0xEB47, 0xEB69, 0xEB96, 0xEBC9, 0xEC02, 0xEC3E, 0xEC7B, 0xECB6, 0xECEF, 0xED21, 0xED4D, 0xED6E,
    0xED84, 0xED8C, 0xDDCD, 0xDA71, 0xD986, 0xDB0F, 0xDE3F, 0xE2AD, 0xE7ED, 0xED96, 0xF33D, 0xF878, 0xFCDD, 0x0000, 0x0000, 0x0000,
    0x0000, 0x0000, 0x0000, 0x0000, 0x0000, 0xFB0D, 0xF3B3, 0xEB13, 0xE24C, 0xDA81, 0xD4D0, 0xD11A, 0xCE62, 0xCC81, 0xCB50, 0xCAA7,
    0xCA5F, 0xCA4F, 0xE392, 0xD662, 0xCCF0, 0xCA09, 0xC7BE, 0xC5F4, 0xC496, 0xC38A, 0xC2B8, 0xC208, 0xC163, 0xC0B1, 0xBFC6, 0xBEB7,
    0xBDC8, 0xBD3F, 0xBD5F, 0xBE6E, 0xC0B1, 0xC430, 0xC8A3, 0xCDD3, 0xD389, 0xD98E, 0xDFAC, 0xE5AA, 0xEB53, 0xF070, 0xF4C9, 0xF828,
    0xFA57, 0xFB1D, 0xC69C, 0xD296, 0xD99F, 0xDA34, 0xD9CA, 0xD898, 0xD6DA, 0xD4C9, 0xD29F, 0xD096, 0xCEE9, 0xCDD0, 0xCD3F, 0xCCF7,
    0xCCEA, 0xCD07, 0xCD42, 0xCD8A, 0xCDD0, 0xCE1E, 0xCE80, 0xCEF3, 0xCF71, 0xCFF6, 0xD07D, 0xD102, 0xD17F, 0xD1F0, 0xD250, 0xD29B,
    0xD2CB, 0xD2DC, 0xE8D2, 0xF76E, 0x01C9, 0x0566, 0x0858, 0x0AB9, 0x0CA1, 0x0E29, 0x0F6A, 0x107B, 0x1177, 0x1275, 0x1398, 0x14C7,
    0x15C1, 0x1644, 0x160F, 0x14DF, 0x1275, 0x0EC2, 0x0A0E, 0x0492, 0xFE89, 0xF82C, 0xF1B6, 0xEB60, 0xE564, 0xDFFC, 0xDB64, 0xD7D3,
    0xD585, 0xD4B4, 0xE9FF, 0xE9D4, 0xE9E1, 0xEA2C, 0xEAAE, 0xEB59, 0xEC1E, 0xECEF, 0xEDBF, 0xEE7F, 0xEF20, 0xEF95, 0xEFCE, 0xEFD3,
    0xEFB7, 0xEF8F, 0xEF6F, 0xEF6A, 0xEF95, 0xEFED, 0xF05C, 0xF0DD, 0xF16C, 0xF203, 0xF29B, 0xF331, 0xF3BF, 0xF43E, 0xF4AB, 0xF4FF,
    0xF536, 0xF549, 0xD616, 0xD129, 0xCF98, 0xD15D, 0xD549, 0xDAD5, 0xE175, 0xE8A1, 0xEFCF, 0xF674, 0xFC08, 0x0000, 0x0000, 0x0000,
    0x0000, 0x0000, 0x0000, 0x0000, 0x0000, 0xF9CD, 0xF082, 0xE5A6, 0xDABD, 0xD14C, 0xCAD8, 0xC768, 0xC5B5, 0xC54F, 0xC5C4, 0xC6A3,
    0xC77C, 0xC7DD, 0x52EE, 0x46BD, 0x3FBD, 0x3F09, 0x3F61, 0x4088, 0x4243, 0x4455, 0x4682, 0x4890, 0x4A40, 0x4B58, 0x4C3D, 0x4D4F,
    0x4E45, 0x4ED5, 0x4EB9, 0x4DA7, 0x4B58, 0x4363, 0x36B8, 0x2D13, 0x2775, 0x21D2, 0x1C4F, 0x1711, 0x123C, 0x0DF6, 0x0A63, 0x07A7,
    0x05E8, 0x054B, 0x3612, 0x299A, 0x226F, 0x21DF, 0x2264, 0x23BE, 0x25AF, 0x27F8, 0x2A5B, 0x2C98, 0x2E72, 0x2FA9, 0x3044, 0x3083,
    0x307E, 0x304E, 0x300A, 0x2FCB, 0x2FA9, 0x2F98, 0x2F75, 0x2F38, 0x2EE0, 0x2E7A, 0x2E0A, 0x2D97, 0x2D26, 0x2CBC, 0x2C60, 0x2C17,
    0x2BE7, 0x2BD6, 0x1A14, 0x0E1A, 0x0770, 0x074D, 0x0846, 0x0A19, 0x0C82, 0x0F41, 0x1212, 0x14B4, 0x16E3, 0x185F, 0x1989, 0x1AC0,
    0x1BC2, 0x1C4A, 0x1C15, 0x1ADD, 0x185F, 0x0FEF, 0x027F, 0xF837, 0xF228, 0xEC0E, 0xE613, 0xE05F, 0xDB1B, 0xD671, 0xD288, 0xCF8B,
    0xCDA2, 0xCCF6, 0x006A, 0x0080, 0x0058, 0xFFBE, 0xFEFC, 0xFE33, 0xFD82, 0xFD09, 0xFD4D, 0xFE1A, 0xFF38, 0x0010, 0x0010, 0x0010,
    0x0010, 0x0010, 0x0010, 0x0010, 0x0010, 0xFEA1, 0xFCE0, 0xFC0C, 0xFBD5, 0xFC5B, 0xFD36, 0xFDFC, 0xFEA2, 0xFF4A, 0xFFCC, 0x0000,
    0x0000, 0x0000, 0xFF43, 0xFF43, 0xFF49, 0xFF56, 0xFF68, 0xFF79, 0xFF88, 0xFF8F, 0xFF7C, 0xFF5C, 0xFF44, 0xFF35, 0xFF3E, 0xFF5A,
    0xFF7B, 0xFF95, 0xFF9A, 0xFF7F, 0xFF35, 0xFDC8, 0xFBD2, 0xFA0E, 0xF904, 0xF984, 0xFAA1, 0xFBBB, 0xFCC4, 0xFDE6, 0xFED0, 0xFF30,
    0xFF30, 0xFF30, 0xB937, 0xB893, 0xB836, 0xB8E2, 0xB9C2, 0xBAC9, 0xBBEC, 0xBD1D, 0xBE8F, 0xC0AC, 0xC470, 0xC74A, 0xC74A, 0xC74A,
    0xC74A, 0xC74A, 0xC74A, 0xC74A, 0xC74A, 0xC652, 0xC493, 0xC1A8, 0xBF76, 0xBFBB, 0xC0F3, 0xC27C, 0xC478, 0xC6E8, 0xC8F9, 0xC9D8,
    0xC9D8, 0xC9D8, 0x484B, 0x5326, 0x5703, 0x52D4, 0x4C0E, 0x4389, 0x3A1B, 0x309C, 0x27E2, 0x1E46, 0x1464, 0x0E7D, 0x0E7D, 0x0E7D,
    0x0E7D, 0x0E7D, 0x0E7D, 0x0E7D, 0x0E7D, 0x0F0A, 0x11E7, 0x1907, 0x21A1, 0x27A4, 0x2665, 0x22B0, 0x2120, 0x1FB6, 0x1EAF, 0x1E4A,
    0x1E4A, 0x1E4A, 0x02F5, 0x005E, 0xFF8D, 0x00D2, 0x028C, 0x0498, 0x06D8, 0x0929, 0x0B6B, 0x0D7D, 0x0F3E, 0x108F, 0x108F, 0x108F,
    0x108F, 0x108F, 0x108F, 0x108F, 0x108F, 0x11F6, 0x1390, 0x13A5, 0x13B2, 0x149D, 0x15CF, 0x16F9, 0x1833, 0x1987, 0x1A99, 0x1B09,
    0x1B09, 0x1B09, 0x0722, 0x05FA, 0x0509, 0x0491, 0x041C, 0x03AD, 0x0343, 0x02E1, 0x0287, 0x0236, 0x01F0, 0x01B6, 0x01B6, 0x01B6,
    0x01B6, 0x01B6, 0x01B6, 0x01B6, 0x01B6, 0x0154, 0x0163, 0x02F8, 0x053F, 0x07C3, 0x0A6B, 0x0C96, 0x0E48, 0x0FC9, 0x10DB, 0x1144,
    0x1144, 0x1144, 0x8D4C, 0x82E8, 0x7F85, 0x8378, 0x8921, 0x900A, 0x97BB, 0x9FBA, 0xA790, 0xAEC3, 0xB4DB, 0xB95F, 0xB95F, 0xB95F,
    0xB95F, 0xB95F, 0xB95F, 0xB95F, 0xB95F, 0xB911, 0xB7E3, 0xB4AD, 0xB14C, 0xAF3D, 0xADA5, 0xAC9D, 0xAC28, 0xAC15, 0xAC2F, 0xAC44,
    0xAC44, 0xAC44, 0xFFFD, 0xFFFA, 0x0000, 0x0018, 0x0035, 0x0054, 0x0072, 0x008D, 0x00AB, 0x00AA, 0x0050, 0x0000, 0x0000, 0x0000,
    0x0000, 0x0000, 0x0000, 0x0000, 0x0000, 0xFF9C, 0xFEF9, 0xFE16, 0xFCEF, 0xFA92, 0xF846, 0xF97A, 0xFB5E, 0xFD83, 0xFF46, 0x0000,
    0x0000, 0x0000, 0x0000, 0xFFFF, 0x0000, 0x0004, 0x000A, 0x0010, 0x0017, 0x001E, 0x0029, 0x002D, 0x0016, 0x0000, 0x0000, 0x0000,
    0x0000, 0x0000, 0x0000, 0x0000, 0x0000, 0xFF95, 0xFEE7, 0xFE49, 0xFE0E, 0xFF17, 0x0076, 0x0053, 0x0038, 0x001D, 0x0008, 0x0000,
    0x0000, 0x0000, 0xB529, 0xB44F, 0xB3EA, 0xB50D, 0xB689, 0xB837, 0xB9F1, 0xBB91, 0xBCE3, 0xBE93, 0xC1FF, 0xC49E, 0xC49E, 0xC49E,
    0xC49E, 0xC49E, 0xC49E, 0xC49E, 0xC49E, 0xC57B, 0xC6E4, 0xC813, 0xC843, 0xC53D, 0xC135, 0xC082, 0xC018, 0xBFAF, 0xBF60, 0xBF40,
    0xBF40, 0xBF40, 0x49C7, 0x5530, 0x59AB, 0x5551, 0x4E64, 0x45BB, 0x3C2E, 0x3294, 0x29C1, 0x2019, 0x1638, 0x1055, 0x1055, 0x1055,
    0x1055, 0x1055, 0x1055, 0x1055, 0x1055, 0x10DF, 0x11B8, 0x1207, 0x1372, 0x18B5, 0x1DBC, 0x2023, 0x2232, 0x23CD, 0x24D8, 0x2537,
    0x2537, 0x2537, 0xFF6C, 0x00E9, 0x013C, 0x0059, 0xFF2A, 0xFDC3, 0xFC3A, 0xFAA6, 0xF91D, 0xF7B5, 0xF683, 0xF59D, 0xF59D, 0xF59D,
    0xF59D, 0xF59D, 0xF59D, 0xF59D, 0xF59D, 0xF405, 0xF171, 0xEE59, 0xEB36, 0xE769, 0xE39D, 0xE051, 0xDCC5, 0xD98C, 0xD733, 0xD64A,
    0xD64A, 0xD64A, 0xFAAA, 0xFA82, 0xFAA9, 0xFB1B, 0xFBA6, 0xFC40, 0xFCE4, 0xFD88, 0xFE27, 0xFEB7, 0xFF33, 0xFF91, 0xFF91, 0xFF91,
    0xFF91, 0xFF91, 0xFF91, 0xFF91, 0xFF91, 0xFD72, 0xFA01, 0xF634, 0xF2FE, 0xF117, 0xF001, 0xEEFF, 0xEDFE, 0xED1C, 0xEC7D, 0xEC41,
    0xEC41, 0xEC41, 0x8F75, 0x8489, 0x80C9, 0x84A3, 0x8A3D, 0x911D, 0x98CA, 0xA0C8, 0xA89F, 0xAFD4, 0xB5EC, 0xBA6F, 0xBA6F, 0xBA6F,
    0xBA6F, 0xBA6F, 0xBA6F, 0xBA6F, 0xBA6F, 0xB999, 0xB83D, 0xB6EC, 0xB63B, 0xB7BA, 0xB946, 0xB8D6, 0xB7ED, 0xB6DD, 0xB5FC, 0xB59E,
    0xB59E, 0xB59E, 0x8001, 0x8001, 0x4171, 0xBF5F, 0x8001, 0x8001, 0x4171, 0xBF5F, 0x0000, 0x0000, 0x0000, 0x0000, 0x0000, 0x0000,
    0x0000, 0x0000, 0x0000, 0x0000, 0x0000, 0x0000, 0xFFF9, 0xFFE7, 0xFFD3, 0xFFC3, 0xFFC1, 0xFFD3, 0x0000, 0x0067, 0x0109, 0x01C3,
    0x0274, 0x02F8, 0x032D, 0x02DB, 0x0211, 0x0120, 0x0055, 0x0000, 0x0000, 0x0000, 0xFFDB, 0xFFEE, 0x0000, 0x0000, 0x0000, 0x0000,
    0x0000, 0x0000, 0x0000, 0x0000, 0x0000, 0x0000, 0x0001, 0x0006, 0x000B, 0x000F, 0x0010, 0x000B, 0x0000, 0xFFE6, 0xFFBD, 0xFF8D,
    0xFF60, 0xFF3D, 0xFF2D, 0xFF40, 0xFF74, 0xFFB3, 0xFFEA, 0x0000, 0x0000, 0x0000, 0x0557, 0x05BF, 0x0627, 0x0627, 0x0627, 0x0627,
    0x0627, 0x0627, 0x0627, 0x0627, 0x0627, 0x0627, 0x0634, 0x0653, 0x0676, 0x0690, 0x0695, 0x0676, 0x0627, 0x0591, 0x04B5, 0x03AF,
    0x0296, 0x0186, 0x0093, 0xFF88, 0xFE6A, 0xFD66, 0xFCAA, 0xFC62, 0xFC62, 0xFC62, 0x002B, 0x0017, 0x000B, 0x000E, 0x0013, 0x0019,
    0x001F, 0x0027, 0x002E, 0x0034, 0x003A, 0x003E, 0x0041, 0x0042, 0x0042, 0x0042, 0x0041, 0x003F, 0x003E, 0x003B, 0x0036, 0x0030,
    0x002A, 0x0024, 0x001D, 0x0017, 0x0010, 0x000A, 0x0004, 0x0000, 0x0000, 0x0000, 0xFFE9, 0xFFD2, 0xFFC2, 0xFFC8, 0xFFCF, 0xFFD8,
    0xFFE2, 0xFFEB, 0xFFF5, 0xFFFD, 0x0004, 0x0009, 0x0003, 0xFFF1, 0xFFD9, 0xFFC6, 0xFFC2, 0xFFD5, 0x0009, 0x00F3, 0x024E, 0x02E1,
    0x0221, 0x00BD, 0xFF51, 0xFE78, 0xFE75, 0xFEED, 0xFF8D, 0x0000, 0x0010, 0x0000, 0x1E92, 0x2990, 0x2D38, 0x28E3, 0x22BD, 0x1B47,
    0x1300, 0x0A69, 0x0201, 0xFA49, 0xF3BE, 0xEEE3, 0xEBFE, 0xEABA, 0xEAB3, 0xEB80, 0xECBC, 0xEDFF, 0xEEE3, 0xF01F, 0xF23E, 0xF49E,
    0xF70B, 0xF9A9, 0xFC53, 0xFEE7, 0x0180, 0x0426, 0x0694, 0x0884, 0x08EA, 0x0884, 0x0000, 0x0000, 0x0000, 0x0000, 0x0000, 0x0000,
    0x0000, 0x0000, 0x0000, 0x0000, 0x0000, 0x0000, 0x0000, 0x0000, 0x0000, 0x0000, 0x0000, 0x0000, 0x0000, 0x002A, 0x0070, 0x007F,
    0x0000, 0xFD22, 0xFAB5, 0xFB00, 0xFBC1, 0xFCCA, 0xFDEB, 0xFEF4, 0xFFB5, 0x0000, 0x0000, 0x0000, 0x0000, 0x0000, 0x0000, 0x0000,
    0x0000, 0x0000, 0x0000, 0x0000, 0x0000, 0x0000, 0x000F, 0x0032, 0x005A, 0x0079, 0x007E, 0x005A, 0x0000, 0xFEE1, 0xFD0D, 0xFB5F,
    0xFAB2, 0xFD83, 0x00A7, 0x0115, 0x0103, 0x00A9, 0x003F, 0x0000, 0xFFFB, 0x0000, 0x411C, 0x4192, 0x41CF, 0x41DD, 0x41C4, 0x418F,
    0x4148, 0x40F7, 0x40A6, 0x4060, 0x402D, 0x4017, 0x4014, 0x4012, 0x4011, 0x4012, 0x4013, 0x4015, 0x4017, 0x401B, 0x4022, 0x4029,
    0x4031, 0x4038, 0x403F, 0x4046, 0x404D, 0x4055, 0x405C, 0x4062, 0x4066, 0x4067,
};

static const u16 anim_C1_indices[] = {
    0x0001, 0x0000, 0x0024, 0x0001, 0x0024, 0x0025, 0x0001, 0x0000, 0x0001, 0x0049, 0x0001, 0x0000, 0x0001, 0x0000, 0x0001, 0x0000,
    0x0024, 0x04AE, 0x0024, 0x0466, 0x0001, 0x0000, 0x0024, 0x048A, 0x0024, 0x03FA, 0x0024, 0x041E, 0x0024, 0x0442, 0x0001, 0x03F6,
    0x0001, 0x03F7, 0x0001, 0x03F8, 0x0024, 0x00DA, 0x0024, 0x00FE, 0x0024, 0x0122, 0x0001, 0x0000, 0x0001, 0x0000, 0x0024, 0x00B6,
    0x0024, 0x004A, 0x0024, 0x006E, 0x0024, 0x0092, 0x0001, 0x03F2, 0x0001, 0x03F3, 0x0001, 0x03F4, 0x0024, 0x018E, 0x0024, 0x01B2,
    0x0024, 0x01D6, 0x0001, 0x0000, 0x0001, 0x0000, 0x0024, 0x016A, 0x0001, 0x0000, 0x0001, 0x0000, 0x0024, 0x0146, 0x0001, 0x0000,
    0x0001, 0x0000, 0x0001, 0x03F5, 0x0024, 0x0386, 0x0024, 0x03AA, 0x0024, 0x03CE, 0x0001, 0x0000, 0x0001, 0x0000, 0x0024, 0x0362,
    0x0024, 0x02F6, 0x0024, 0x031A, 0x0024, 0x033E, 0x0001, 0x0000, 0x0001, 0x0000, 0x0001, 0x03F9, 0x0024, 0x028A, 0x0024, 0x02AE,
    0x0024, 0x02D2, 0x0001, 0x0000, 0x0001, 0x0000, 0x0024, 0x0266, 0x0024, 0x01FA, 0x0024, 0x021E, 0x0024, 0x0242,
};

static const s16 anim_C1_values[] = {
    0x0000, 0x007C, 0x007D, 0x007E, 0x0080, 0x0082, 0x0085, 0x0087, 0x008A, 0x008C, 0x008E, 0x008F, 0x0090, 0x0090, 0x0091, 0x0091,
    0x0093, 0x0095, 0x0095, 0x0095, 0x0095, 0x0094, 0x0094, 0x0094, 0x0094, 0x0093, 0x0093, 0x0092, 0x0092, 0x0092, 0x0091, 0x0091,
    0x0090, 0x008F, 0x008F, 0x008E, 0x008D, 0x002B, 0x0035, 0x0038, 0x0032, 0x0027, 0x0018, 0x0007, 0xFFF9, 0xFFED, 0xFFE6, 0xFFE8,
    0xFFF2, 0x0000, 0x000C, 0x0016, 0x001D, 0x0021, 0x0021, 0x0020, 0x001F, 0x001D, 0x001B, 0x001A, 0x0018, 0x0016, 0x0014, 0x0013,
    0x0011, 0x000F, 0x000D, 0x000A, 0x0008, 0x0006, 0x0004, 0x0002, 0x0000, 0x3FFF, 0x0000, 0x0000, 0x0000, 0x0000, 0x0000, 0x0000,
    0x0000, 0x0000, 0x0000, 0x0000, 0x0000, 0x0000, 0x0000, 0x0000, 0x0000, 0x0000, 0x0000, 0x0000, 0xFFFF, 0xFFFD, 0xFFFB, 0xFFFC,
    0x0000, 0x0008, 0x0011, 0x001A, 0x0025, 0x0030, 0x003B, 0x0047, 0x0052, 0x005E, 0x0069, 0x0074, 0x007E, 0x0087, 0xF97C, 0xF97C,
    0xF97C, 0xF97C, 0xF97C, 0xF97C, 0xF97C, 0xF97C, 0xF97C, 0xF97C, 0xF97C, 0xF97C, 0xF97C, 0xF97C, 0xF97C, 0xF97C, 0xF97C, 0xF97C,
    0xF97C, 0xF97B, 0xF97B, 0xF97B, 0xF97C, 0xF97C, 0xF97D, 0xF97D, 0xF97E, 0xF97E, 0xF97F, 0xF980, 0xF980, 0xF981, 0xF981, 0xF982,
    0xF983, 0xF983, 0xED8C, 0xED8C, 0xED8C, 0xED8C, 0xED8C, 0xED8C, 0xED8C, 0xED8C, 0xED8C, 0xED8C, 0xED8C, 0xED8C, 0xED8C, 0xED8C,
    0xED8C, 0xED8C, 0xED8C, 0xED8C, 0xED93, 0xEDA2, 0xEDAE, 0xEDAA, 0xED8C, 0xED59, 0xED20, 0xECE2, 0xECA1, 0xEC5C, 0xEC15, 0xEBCC,
    0xEB84, 0xEB3C, 0xEAF5, 0xEAB1, 0xEA71, 0xEA35, 0xFABA, 0xFB09, 0xFB95, 0xFC50, 0xFD2D, 0xFE1F, 0xFF18, 0x0000, 0x0000, 0x0000,
    0x0000, 0x0000, 0x0000, 0x0000, 0x0000, 0x0000, 0xFF2A, 0xFD12, 0xF5A2, 0xE759, 0xD71F, 0xC9DB, 0xC474, 0xC585, 0xC835, 0xCC3C,
    0xD152, 0xD72D, 0xDD87, 0xE415, 0xEA91, 0xF0B2, 0xF630, 0xFAC1, 0xFE1F, 0x0000, 0x2438, 0x1DA2, 0x169D, 0x0F31, 0x0766, 0xFF44,
    0xF6D1, 0xEE16, 0xE51A, 0xDBE5, 0xD27E, 0xC8ED, 0xBF3A, 0xB56C, 0xAB8A, 0xA19E, 0x97AD, 0x8DC0, 0x81FF, 0x7397, 0x6423, 0x5536,
    0x4865, 0x3B9D, 0x2F44, 0x28A4, 0x2D05, 0x3FB9, 0x5CA1, 0x7DDA, 0x9D88, 0xB5C3, 0xC4DC, 0xCE99, 0xD54A, 0xDB40, 0xEF8D, 0xEEB4,
    0xED9E, 0xEC52, 0xEAD8, 0xE939, 0xE77D, 0xE5AD, 0xE3D0, 0xE1F0, 0xE013, 0xDE44, 0xDC89, 0xDAEC, 0xD975, 0xD82B, 0xD718, 0xD643,
    0xD78C, 0xDB5A, 0xDF82, 0xE1DA, 0xE038, 0xD762, 0xC90F, 0xBA78, 0xB0D7, 0xACFA, 0xAB9B, 0xABD3, 0xACBD, 0xAD75, 0xAE30, 0xAF9F,
    0xB191, 0xB3D4, 0x5BBC, 0x633F, 0x6BB2, 0x7501, 0x7F18, 0x89E6, 0x9553, 0xA14C, 0xADBF, 0xBA98, 0xC7C3, 0xD52C, 0xE2C1, 0xF06D,
    0xFE1D, 0x0BBC, 0x1938, 0x267D, 0x362F, 0x496C, 0x5DD8, 0x7118, 0x80D3, 0x8E1B, 0x98FE, 0x9D8E, 0x97DC, 0x84C7, 0x67B0, 0x4674,
    0x26E5, 0x0EDB, 0x001A, 0xF6EC, 0xF0E9, 0xEBAB, 0xF549, 0xF549, 0xF549, 0xF549, 0xF549, 0xF549, 0xF549, 0xF549, 0xF549, 0xF549,
    0xF549, 0xF549, 0xF549, 0xF549, 0xF549, 0xF549, 0xF549, 0xF549, 0xF55C, 0xF583, 0xF59F, 0xF596, 0xF549, 0xF4CA, 0xF43B, 0xF3A0,
    0xF2FB, 0xF24E, 0xF19B, 0xF0E5, 0xF02F, 0xEF7A, 0xEEC9, 0xEE1E, 0xED7C, 0xECE5, 0xF0EF, 0xF0E5, 0xF12A, 0xF1AF, 0xF265, 0xF33D,
    0xF42A, 0xF51D, 0xF606, 0xF6D9, 0xF785, 0xF7FD, 0xF832, 0xF815, 0xF798, 0xF6AC, 0xF543, 0xF34F, 0xEC4B, 0xDED5, 0xCF8E, 0xC319,
    0xBE15, 0xBF35, 0xC1E6, 0xC5E1, 0xCADF, 0xD099, 0xD6CA, 0xDD2A, 0xE372, 0xE95D, 0xEEA4, 0xF2FF, 0xF629, 0xF7DA, 0xCEB4, 0xD4D5,
    0xDBD2, 0xE398, 0xEC16, 0xF537, 0xFEEA, 0x0919, 0x13B6, 0x1EAB, 0x29E6, 0x3554, 0x40E2, 0x4C7E, 0x5815, 0x6393, 0x6EE7, 0x79FC,
    0x8911, 0x9CFF, 0xB0B0, 0xBF0D, 0xC2FC, 0xB448, 0x9689, 0x7659, 0x6059, 0x5645, 0x5089, 0x4DC4, 0x4C96, 0x4B9E, 0x4BD0, 0x4E25,
    0x514E, 0x53F6, 0x1730, 0x17AD, 0x185F, 0x1942, 0x1A4E, 0x1B7C, 0x1CC6, 0x1E25, 0x1F91, 0x2105, 0x2279, 0x23E7, 0x2547, 0x2693,
    0x27C5, 0x28D5, 0x29BC, 0x2A75, 0x2A4D, 0x2907, 0x274C, 0x25C2, 0x2511, 0x25E5, 0x27BC, 0x297D, 0x2A0E, 0x28C8, 0x265B, 0x23B4,
    0x21BD, 0x2161, 0x2391, 0x27C7, 0x2CB7, 0x3114, 0x59AB, 0x5F16, 0x65E4, 0x6DF8, 0x7734, 0x817C, 0x8CAD, 0x98AC, 0xA55A, 0xB29A,
    0xC04D, 0xCE56, 0xDC95, 0xEAEF, 0xF943, 0x0774, 0x1565, 0x22F7, 0x35E2, 0x4FAB, 0x69EA, 0x7E33, 0x8620, 0x784D, 0x5922, 0x36CB,
    0x1F76, 0x151B, 0x0F4B, 0x0CA0, 0x0BB1, 0x0B16, 0x0BE0, 0x0F17, 0x1341, 0x16E6, 0xFFD7, 0xFFFE, 0x001A, 0x002D, 0x0037, 0x003A,
    0x0037, 0x002E, 0x0021, 0x0012, 0x0000, 0xFFEE, 0xFFDB, 0xFFCA, 0xFFBB, 0xFFAF, 0xFFA8, 0xFFA6, 0xFFAA, 0xFFB1, 0xFFB9, 0xFFC1,
    0xFFC7, 0xFFC7, 0xFFC5, 0xFFC3, 0xFFC7, 0xFFCF, 0xFFD9, 0xFFE4, 0xFFF0, 0xFFFC, 0x0008, 0x0014, 0x0021, 0x002C, 0xFF43, 0xFF41,
    0xFF40, 0xFF3F, 0xFF3F, 0xFF3F, 0xFF3F, 0xFF3F, 0xFF40, 0xFF41, 0xFF42, 0xFF43, 0xFF44, 0xFF45, 0xFF46, 0xFF46, 0xFF46, 0xFF46,
    0xFF45, 0xFF44, 0xFF42, 0xFF40, 0xFF3E, 0xFF3E, 0xFF3D, 0xFF3E, 0xFF3E, 0xFF3F, 0xFF40, 0xFF40, 0xFF41, 0xFF42, 0xFF43, 0xFF44,
    0xFF45, 0xFF46, 0xDF06, 0xE0F4, 0xE26A, 0xE375, 0xE41F, 0xE473, 0xE47D, 0xE446, 0xE3DA, 0xE344, 0xE28F, 0xE1C6, 0xE0F4, 0xE024,
    0xDF60, 0xDEB4, 0xDE2B, 0xDDCF, 0xDD0C, 0xDB8D, 0xD9BB, 0xD801, 0xD6CB, 0xD6A2, 0xD72E, 0xD787, 0xD6C6, 0xD4FE, 0xD2EB, 0xD09C,
    0xCE21, 0xCB8B, 0xC8E8, 0xC64B, 0xC3C2, 0xC15D, 0x1D4E, 0x1BEE, 0x1AF2, 0x1A53, 0x1A08, 0x1A09, 0x1A4F, 0x1AD2, 0x1B89, 0x1C6E,
    0x1D78, 0x1E9F, 0x1FDB, 0x2125, 0x2275, 0x23C2, 0x2506, 0x2637, 0x28EC, 0x2DBA, 0x3314, 0x3771, 0x3944, 0x3670, 0x3021, 0x29B7,
    0x2693, 0x2690, 0x2734, 0x2861, 0x29FA, 0x2BE2, 0x2DFA, 0x3026, 0x3249, 0x3444, 0x06E3, 0x067D, 0x0634, 0x05FB, 0x05C5, 0x0596,
    0x056E, 0x0550, 0x053D, 0x0539, 0x0555, 0x0599, 0x05F1, 0x064C, 0x0697, 0x06BF, 0x06B2, 0x065F, 0x0592, 0x0440, 0x0291, 0x00AC,
    0xFEB9, 0xFC39, 0xF93D, 0xF6C3, 0xF5CC, 0xF624, 0xF6E1, 0xF7EF, 0xF939, 0xFAA9, 0xFC2B, 0xFDAA, 0xFF11, 0x0049, 0xFFCA, 0xFF49,
    0xFF31, 0xFF57, 0xFFA3, 0x0007, 0x0075, 0x00DD, 0x012F, 0x015E, 0x0167, 0x0157, 0x0136, 0x010C, 0x00DE, 0x00B5, 0x0096, 0x008A,
    0x009E, 0x00CD, 0x0108, 0x013C, 0x0158, 0x014A, 0x011F, 0x00F2, 0x00E1, 0x00E0, 0x00D6, 0x00C9, 0x00C0, 0x00C0, 0x00D1, 0x00FA,
    0x0140, 0x01AA, 0xC4ED, 0xC730, 0xC716, 0xC5C7, 0xC390, 0xC0D0, 0xBDE2, 0xBB25, 0xB8F3, 0xB7AB, 0xB77D, 0xB826, 0xB959, 0xBAC6,
    0xBC1E, 0xBD14, 0xBD58, 0xBC9C, 0xB955, 0xB37A, 0xACFB, 0xA7CD, 0xA5DF, 0xAA14, 0xB2E4, 0xBBA0, 0xBF9C, 0xBF1A, 0xBD97, 0xBB44,
    0xB84F, 0xB4E8, 0xB140, 0xAD84, 0xA9E6, 0xA695, 0x0030, 0x0056, 0x0072, 0x0084, 0x008F, 0x0093, 0x0090, 0x0089, 0x007D, 0x006E,
    0x005E, 0x004C, 0x003B, 0x002A, 0x001B, 0x0010, 0x0008, 0x0006, 0x0006, 0x0005, 0x0005, 0x0004, 0x0004, 0x0004, 0x0004, 0x0004,
    0x0004, 0x0004, 0x0003, 0x0003, 0x0003, 0x0002, 0x0002, 0x0002, 0x0001, 0x0001, 0x0000, 0x0000, 0x0000, 0x0000, 0x0000, 0x0000,
    0x0000, 0x0000, 0x0000, 0x0000, 0x0000, 0x0000, 0x0000, 0x0000, 0x0000, 0x0000, 0x0000, 0x0000, 0x0000, 0x0000, 0x0000, 0x0000,
    0x0000, 0x0000, 0x0000, 0x0000, 0x0000, 0x0000, 0x0000, 0x0000, 0x0000, 0x0000, 0x0000, 0x0000, 0x0000, 0x0000, 0xDD4C, 0xDF2D,
    0xE0A0, 0xE1B0, 0xE265, 0xE2CA, 0xE2E8, 0xE2C9, 0xE275, 0xE1F8, 0xE15A, 0xE0A4, 0xDFE2, 0xDF1B, 0xDE5B, 0xDDA9, 0xDD11, 0xDC9B,
    0xDB7B, 0xD946, 0xD698, 0xD40F, 0xD246, 0xD1E4, 0xD275, 0xD2ED, 0xD23F, 0xD07B, 0xCE6B, 0xCC20, 0xC9AA, 0xC719, 0xC47C, 0xC1E3,
    0xBF5F, 0xBCFF, 0x2050, 0x214F, 0x22D7, 0x24D8, 0x2742, 0x2A03, 0x2D0B, 0x304A, 0x33AF, 0x372A, 0x3AA9, 0x3E1D, 0x4176, 0x44A1,
    0x478F, 0x4A30, 0x4C72, 0x4E46, 0x4F06, 0x4E37, 0x4C04, 0x489A, 0x4426, 0x3C22, 0x3101, 0x2765, 0x23EF, 0x2640, 0x2A89, 0x3044,
    0x36E9, 0x3DF4, 0x44DC, 0x4B1C, 0x502D, 0x5389, 0xF9E3, 0xFA5A, 0xFABD, 0xFAF3, 0xFB23, 0xFB4F, 0xFB79, 0xFBA0, 0xFBC7, 0xFBEE,
    0xFC16, 0xFC42, 0xFC71, 0xFCA5, 0xFCDF, 0xFD20, 0xFD69, 0xFDBC, 0xFE71, 0xFF97, 0x00C2, 0x0186, 0x0177, 0xFFCC, 0xFCDF, 0xF9FE,
    0xF873, 0xF82B, 0xF82B, 0xF866, 0xF8CE, 0xF955, 0xF9EE, 0xFA8C, 0xFB1F, 0xFB9C, 0x0049, 0x00D8, 0x00D9, 0x00A7, 0x0061, 0x000A,
    0xFFA7, 0xFF39, 0xFEC6, 0xFE51, 0xFDDE, 0xFD70, 0xFD0A, 0xFCB1, 0xFC68, 0xFC33, 0xFC15, 0xFC13, 0xFCAA, 0xFE06, 0xFFA7, 0x0110,
    0x01C5, 0x0154, 0x0010, 0xFEA4, 0xFDB4, 0xFD48, 0xFCF1, 0xFCAA, 0xFC71, 0xFC40, 0xFC15, 0xFBEB, 0xFBBF, 0xFB8D, 0xC4AB, 0xC5FB,
    0xC49B, 0xC236, 0xBF7A, 0xBC75, 0xB936, 0xB5CD, 0xB247, 0xAEB4, 0xAB23, 0xA7A2, 0xA440, 0xA10C, 0x9E14, 0x9B68, 0x9917, 0x972E,
    0x96CA, 0x9887, 0x9BB6, 0x9FA7, 0xA3AB, 0xA8FC, 0xAFB8, 0xB58A, 0xB81B, 0xB7D8, 0xB6D1, 0xB52B, 0xB308, 0xB08B, 0xADD8, 0xAB11,
    0xA85A, 0xA5D6, 0x8001, 0x8001, 0x4171, 0xBF5F, 0x8001, 0x8001, 0x4171, 0xBF5F, 0x0000, 0x0000, 0x0000, 0x0000, 0x0000, 0x0000,
    0x0000, 0x0000, 0x0000, 0x0000, 0x0000, 0x0000, 0x0000, 0x0000, 0x0000, 0x0000, 0x0000, 0x0000, 0xFFE7, 0xFFB4, 0xFF8D, 0xFF9A,
    0x0000, 0x014E, 0x0354, 0x0518, 0x05A2, 0x04FE, 0x03F0, 0x0296, 0x010F, 0xFF79, 0xFDF0, 0xFC92, 0xFB7E, 0xFAD2, 0x0000, 0x0000,
    0x0000, 0x0000, 0x0000, 0x0000, 0x0000, 0x0000, 0x0000, 0x0000, 0x0000, 0x0000, 0x0000, 0x0000, 0x0000, 0x0000, 0x0000, 0x0000,
    0x000E, 0x002C, 0x0043, 0x003B, 0x0000, 0xFF40, 0xFE16, 0xFD0F, 0xFCB8, 0xFD08, 0xFD90, 0xFE42, 0xFF0D, 0xFFE1, 0x00AF, 0x0169,
    0x01FE, 0x025E, 0xEB56, 0xED2B, 0xEF1F, 0xF12E, 0xF352, 0xF586, 0xF7C8, 0xFA11, 0xFC5D, 0xFEA9, 0x00ED, 0x0329, 0x0555, 0x076E,
    0x096F, 0x0B54, 0x0D17, 0x0EB5, 0x0F6F, 0x0EF6, 0x0DEC, 0x0CF3, 0x0CAD, 0x0D76, 0x0EDE, 0x1054, 0x1149, 0x11D9, 0x1277, 0x1314,
    0x13A1, 0x140F, 0x144E, 0x144F, 0x1403, 0x135B, 0x0000, 0x0000, 0x0000, 0x0000, 0x0000, 0x0000, 0x0000, 0x0000, 0x0000, 0x0000,
    0x0000, 0x0000, 0x0000, 0x0000, 0x0000, 0x0000, 0x0000, 0x0000, 0x0000, 0x0000, 0xFFFF, 0xFFFF, 0x0000, 0x0002, 0x0004, 0x0007,
    0x000A, 0x000D, 0x0010, 0x0013, 0x0017, 0x001A, 0x001D, 0x0020, 0x0023, 0x0025, 0xF3C6, 0xEAC3, 0xEA5E, 0xEA50, 0xEA8E, 0xEB10,
    0xEBCB, 0xECB6, 0xEDC8, 0xEEF7, 0xF03A, 0xF187, 0xF2D4, 0xF419, 0xF54C, 0xF662, 0xF753, 0xF816, 0xFE42, 0x0C17, 0x1C87, 0x2A81,
    0x30F5, 0x31AA, 0x31D1, 0x317A, 0x30B7, 0x2F97, 0x2E2B, 0x2C83, 0x2AB0, 0x2888, 0x23BE, 0x1D96, 0x17C6, 0x1326, 0x4563, 0x4622,
    0x48CC, 0x4D46, 0x5376, 0x5B40, 0x648C, 0x6F3E, 0x7B3C, 0x886F, 0x96B6, 0xA5FA, 0xB621, 0xC711, 0xD8AE, 0xEADF, 0xFD89, 0x1090,
    0x23DE, 0x3755, 0x4ADC, 0x5E59, 0x71B1, 0x84CC, 0x978B, 0xA9D5, 0xBB91, 0xCCA4, 0xDCF5, 0xEC67, 0xFAE2, 0x084A, 0x1485, 0x1F7A,
    0x290E, 0x3126,
};

static const u16 anim_C3_indices[] = {
    0x0001, 0x0000, 0x001E, 0x0001, 0x001E, 0x001F, 0x0001, 0x0000, 0x0001, 0x003D, 0x0001, 0x0000, 0x0001, 0x0000, 0x0001, 0x0000,
    0x001E, 0x03AD, 0x0001, 0x0000, 0x0001, 0x0000, 0x0001, 0x03AC, 0x001E, 0x0352, 0x001E, 0x0370, 0x001E, 0x038E, 0x0001, 0x034E,
    0x0001, 0x034F, 0x0001, 0x0350, 0x001E, 0x00B6, 0x001E, 0x00D4, 0x001E, 0x00F2, 0x0001, 0x0000, 0x0001, 0x0000, 0x001E, 0x0098,
    0x001E, 0x003E, 0x001E, 0x005C, 0x001E, 0x007A, 0x0001, 0x034A, 0x0001, 0x034B, 0x0001, 0x034C, 0x001E, 0x014C, 0x001E, 0x016A,
    0x001E, 0x0188, 0x0001, 0x0000, 0x0001, 0x0000, 0x001E, 0x012E, 0x0001, 0x0000, 0x0001, 0x0000, 0x001E, 0x0110, 0x0001, 0x0000,
    0x0001, 0x0000, 0x0001, 0x034D, 0x001E, 0x02F0, 0x001E, 0x030E, 0x001E, 0x032C, 0x0001, 0x0000, 0x0001, 0x0000, 0x001E, 0x02D2,
    0x001E, 0x0278, 0x001E, 0x0296, 0x001E, 0x02B4, 0x0001, 0x0000, 0x0001, 0x0000, 0x0001, 0x0351, 0x001E, 0x021E, 0x001E, 0x023C,
    0x001E, 0x025A, 0x0001, 0x0000, 0x0001, 0x0000, 0x001E, 0x0200, 0x001E, 0x01A6, 0x001E, 0x01C4, 0x001E, 0x01E2,
};

static const s16 anim_C3_values[] = {
    0x0000, 0x00AA, 0x00AA, 0x00A9, 0x00A8, 0x00A6, 0x00A5, 0x00A3, 0x00A1, 0x009F, 0x009E, 0x009C, 0x009B, 0x009A, 0x0099, 0x0099,
    0x0099, 0x009A, 0x009B, 0x009C, 0x009E, 0x00A0, 0x00A2, 0x00A3, 0x00A5, 0x00A7, 0x00A8, 0x00AA, 0x00AB, 0x00AB, 0x00AC, 0x0000,
    0x0000, 0x0000, 0x0000, 0x0000, 0x0001, 0x0001, 0x0002, 0x0002, 0x0002, 0x0003, 0x0003, 0x0003, 0x0003, 0x0003, 0x0003, 0x0003,
    0x0003, 0x0002, 0x0002, 0x0001, 0x0001, 0x0000, 0x0000, 0x0000, 0x0000, 0xFFFF, 0xFFFF, 0xFFFF, 0xFFFF, 0x3FFF, 0x0000, 0x0003,
    0x000D, 0x001D, 0x0031, 0x0049, 0x0063, 0x007D, 0x0098, 0x00B2, 0x00C9, 0x00DD, 0x00ED, 0x00F7, 0x00FB, 0x00F8, 0x00EF, 0x00E1,
    0x00CF, 0x00BA, 0x00A2, 0x008A, 0x0071, 0x0058, 0x0041, 0x002C, 0x001A, 0x000C, 0x0003, 0x0000, 0xF97C, 0xF97C, 0xF97D, 0xF97E,
    0xF97F, 0xF981, 0xF983, 0xF985, 0xF987, 0xF989, 0xF98B, 0xF98C, 0xF98E, 0xF98E, 0xF98F, 0xF98E, 0xF98E, 0xF98D, 0xF98B, 0xF98A,
    0xF988, 0xF986, 0xF984, 0xF982, 0xF981, 0xF97F, 0xF97E, 0xF97D, 0xF97C, 0xF97C, 0xED8C, 0xED74, 0xED34, 0xECD0, 0xEC51, 0xEBBE,
    0xEB1C, 0xEA73, 0xE9CB, 0xE929, 0xE895, 0xE816, 0xE7B3, 0xE772, 0xE75B, 0xE76F, 0xE7A8, 0xE800, 0xE871, 0xE8F6, 0xE989, 0xEA24,
    0xEAC2, 0xEB5E, 0xEBF1, 0xEC76, 0xECE7, 0xED3F, 0xED77, 0xED8C, 0xCA4F, 0xCA3D, 0xCA0A, 0xC9BB, 0xC957, 0xC8E2, 0xC863, 0xC7DD,
    0xC758, 0xC6D9, 0xC664, 0xC5FF, 0xC5B1, 0xC57E, 0xC56C, 0xC57C, 0xC5A8, 0xC5EE, 0xC647, 0xC6B0, 0xC724, 0xC79F, 0xC81C, 0xC897,
    0xC90B, 0xC974, 0xC9CD, 0xCA12, 0xCA3F, 0xCA4F, 0xFB1D, 0xFAF0, 0xFA72, 0xF9B0, 0xF8B8, 0xF798, 0xF65D, 0xF514, 0xF3CB, 0xF290,
    0xF16F, 0xF078, 0xEFB6, 0xEF38, 0xEF0B, 0xEF32, 0xEFA1, 0xF04C, 0xF129, 0xF22C, 0xF34A, 0xF47A, 0xF5AE, 0xF6DD, 0xF7FC, 0xF8FF,
    0xF9DC, 0xFA87, 0xFAF6, 0xFB1D, 0xD2DC, 0xD30B, 0xD38D, 0xD455, 0xD555, 0xD67E, 0xD7C4, 0xD918, 0xDA6B, 0xDBB1, 0xDCDB, 0xDDDB,
    0xDEA3, 0xDF25, 0xDF54, 0xDF2B, 0xDEB8, 0xDE08, 0xDD24, 0xDC18, 0xDAF0, 0xD9B7, 0xD878, 0xD73F, 0xD617, 0xD50C, 0xD428, 0xD377,
    0xD305, 0xD2DC, 0xD4B4, 0xD4F2, 0xD5A1, 0xD6AF, 0xD807, 0xD997, 0xDB4E, 0xDD16, 0xDEDF, 0xE095, 0xE226, 0xE37E, 0xE48B, 0xE53B,
    0xE579, 0xE543, 0xE4A9, 0xE3BB, 0xE288, 0xE120, 0xDF92, 0xDDED, 0xDC40, 0xDA9B, 0xD90D, 0xD7A5, 0xD672, 0xD584, 0xD4EA, 0xD4B4,
    0xF549, 0xF516, 0xF485, 0xF3A7, 0xF28A, 0xF13F, 0xEFD6, 0xEE5C, 0xECE3, 0xEB79, 0xEA2E, 0xE912, 0xE833, 0xE7A3, 0xE76F, 0xE79C,
    0xE81B, 0xE8E0, 0xE9DD, 0xEB06, 0xEC4F, 0xEDAB, 0xEF0D, 0xF069, 0xF1B2, 0xF2DB, 0xF3D8, 0xF49D, 0xF51C, 0xF549, 0xC7DD, 0xC7E2,
    0xC7EF, 0xC802, 0xC81B, 0xC839, 0xC859, 0xC87A, 0xC89B, 0xC8BB, 0xC8D8, 0xC8F1, 0xC905, 0xC912, 0xC916, 0xC912, 0xC907, 0xC8F6,
    0xC8DF, 0xC8C5, 0xC8A8, 0xC88A, 0xC86A, 0xC84C, 0xC82F, 0xC814, 0xC7FE, 0xC7ED, 0xC7E1, 0xC7DD, 0x054B, 0x057F, 0x0611, 0x06F1,
    0x0810, 0x095D, 0x0ACA, 0x0C46, 0x0DC2, 0x0F2E, 0x107C, 0x119A, 0x127A, 0x130C, 0x1340, 0x1313, 0x1292, 0x11CC, 0x10CD, 0x0FA2,
    0x0E56, 0x0CF8, 0x0B93, 0x0A35, 0x08EA, 0x07BE, 0x06BF, 0x05F9, 0x0579, 0x054B, 0x2BD6, 0x2BC0, 0x2B80, 0x2B1F, 0x2AA3, 0x2A13,
    0x2975, 0x28D0, 0x282B, 0x278D, 0x26FC, 0x2680, 0x261F, 0x25E0, 0x25C9, 0x25DD, 0x2615, 0x266A, 0x26D9, 0x275B, 0x27EB, 0x2882,
    0x291D, 0x29B5, 0x2A45, 0x2AC7, 0x2B35, 0x2B8B, 0x2BC3, 0x2BD6, 0xCCF6, 0xCD40, 0xCE0F, 0xCF4D, 0xD0E4, 0xD2BE, 0xD4C4, 0xD6E1,
    0xD8FD, 0xDB03, 0xDCDD, 0xDE74, 0xDFB2, 0xE081, 0xE0CB, 0xE08B, 0xDFD5, 0xDEBB, 0xDD51, 0xDBA7, 0xD9D0, 0xD7DE, 0xD5E3, 0xD3F1,
    0xD21A, 0xD070, 0xCF06, 0xCDED, 0xCD37, 0xCCF6, 0x0000, 0x0006, 0x0019, 0x0036, 0x005C, 0x0087, 0x00B7, 0x00E8, 0x0119, 0x0149,
    0x0174, 0x019A, 0x01B7, 0x01CA, 0x01D1, 0x01CB, 0x01BA, 0x01A0, 0x017F, 0x0158, 0x012D, 0x00FF, 0x00D1, 0x00A3, 0x0078, 0x0051,
    0x0030, 0x0016, 0x0005, 0x0000, 0xFF30, 0xFF32, 0xFF37, 0xFF40, 0xFF4B, 0xFF58, 0xFF66, 0xFF74, 0xFF83, 0xFF90, 0xFF9D, 0xFFA8,
    0xFFB1, 0xFFB6, 0xFFB8, 0xFFB6, 0xFFB2, 0xFFAA, 0xFFA0, 0xFF95, 0xFF88, 0xFF7B, 0xFF6D, 0xFF60, 0xFF53, 0xFF48, 0xFF3E, 0xFF37,
    0xFF32, 0xFF30, 0xC9D8, 0xC9A7, 0xC91F, 0xC84E, 0xC743, 0xC60C, 0xC4B7, 0xC355, 0xC1F2, 0xC09D, 0xBF66, 0xBE5B, 0xBD8A, 0xBD02,
    0xBCD1, 0xBCFC, 0xBD73, 0xBE2C, 0xBF1A, 0xC032, 0xC167, 0xC2AE, 0xC3FB, 0xC542, 0xC677, 0xC78F, 0xC87D, 0xC936, 0xC9AE, 0xC9D8,
    0x1E4A, 0x1E9C, 0x1F82, 0x20E3, 0x22A6, 0x24B4, 0x26F2, 0x294A, 0x2BA1, 0x2DE0, 0x2FED, 0x31B1, 0x3312, 0x33F8, 0x344A, 0x3402,
    0x3338, 0x3200, 0x306E, 0x2E96, 0x2C8B, 0x2A63, 0x2830, 0x2608, 0x23FE, 0x2225, 0x2093, 0x1F5B, 0x1E91, 0x1E4A, 0x1B09, 0x1AF8,
    0x1AC8, 0x1A7F, 0x1A22, 0x19B5, 0x193F, 0x18C3, 0x1847, 0x17D0, 0x1764, 0x1706, 0x16BD, 0x168E, 0x167D, 0x168C, 0x16B5, 0x16F6,
    0x1749, 0x17AB, 0x1817, 0x1889, 0x18FD, 0x196F, 0x19DB, 0x1A3D, 0x1A90, 0x1AD0, 0x1AFA, 0x1B09, 0x1144, 0x115A, 0x1197, 0x11F5,
    0x126D, 0x12F9, 0x1391, 0x1431, 0x14D0, 0x1569, 0x15F4, 0x166C, 0x16CA, 0x1707, 0x171D, 0x170A, 0x16D4, 0x1681, 0x1616, 0x1599,
    0x150E, 0x147B, 0x13E6, 0x1353, 0x12C8, 0x124B, 0x11E0, 0x118D, 0x1157, 0x1144, 0xAC44, 0xAC20, 0xABBD, 0xAB25, 0xAA62, 0xA97F,
    0xA887, 0xA784, 0xA681, 0xA589, 0xA4A6, 0xA3E3, 0xA34A, 0xA2E7, 0xA2C3, 0xA2E2, 0xA33A, 0xA3C0, 0xA46E, 0xA53A, 0xA61C, 0xA70A,
    0xA7FD, 0xA8EC, 0xA9CD, 0xAA99, 0xAB47, 0xABCE, 0xAC25, 0xAC44, 0x0000, 0xFFFB, 0xFFEA, 0xFFD1, 0xFFB0, 0xFF8B, 0xFF61, 0xFF36,
    0xFF0B, 0xFEE2, 0xFEBC, 0xFE9C, 0xFE83, 0xFE72, 0xFE6C, 0xFE71, 0xFE80, 0xFE96, 0xFEB3, 0xFED5, 0xFEFB, 0xFF22, 0xFF4B, 0xFF72,
    0xFF98, 0xFFBA, 0xFFD6, 0xFFED, 0xFFFB, 0x0000, 0x0000, 0xFFFF, 0xFFFB, 0xFFF4, 0xFFEC, 0xFFE2, 0xFFD8, 0xFFCD, 0xFFC2, 0xFFB7,
    0xFFAE, 0xFFA5, 0xFF9F, 0xFF9B, 0xFF99, 0xFF9B, 0xFF9E, 0xFFA4, 0xFFAB, 0xFFB4, 0xFFBE, 0xFFC8, 0xFFD2, 0xFFDC, 0xFFE6, 0xFFEE,
    0xFFF6, 0xFFFB, 0xFFFF, 0x0000, 0xBF40, 0xBF1A, 0xBEB0, 0xBE0D, 0xBD3C, 0xBC49, 0xBB3F, 0xBA2A, 0xB914, 0xB80A, 0xB717, 0xB646,
    0xB5A3, 0xB539, 0xB513, 0xB534, 0xB591, 0xB622, 0xB6DC, 0xB7B6, 0xB8A8, 0xB9A7, 0xBAAC, 0xBBAB, 0xBC9D, 0xBD77, 0xBE31, 0xBEC2,
    0xBF1F, 0xBF40, 0x2537, 0x257A, 0x2635, 0x2755, 0x28C4, 0x2A71, 0x2C45, 0x2E2D, 0x3016, 0x31EA, 0x3396, 0x3506, 0x3626, 0x36E1,
    0x3724, 0x36E9, 0x3645, 0x3547, 0x33FF, 0x327E, 0x30D4, 0x2F12, 0x2D48, 0x2B86, 0x29DC, 0x285C, 0x2714, 0x2616, 0x2571, 0x2537,
    0xD64A, 0xD656, 0xD676, 0xD6A7, 0xD6E5, 0xD72E, 0xD77E, 0xD7D1, 0xD824, 0xD874, 0xD8BD, 0xD8FC, 0xD92D, 0xD94D, 0xD958, 0xD94E,
    0xD932, 0xD907, 0xD8CF, 0xD88D, 0xD845, 0xD7F8, 0xD7AA, 0xD75D, 0xD715, 0xD6D3, 0xD69C, 0xD670, 0xD654, 0xD64A, 0xEC41, 0xEC26,
    0xEBDB, 0xEB69, 0xEAD6, 0xEA2B, 0xE971, 0xE8AE, 0xE7EB, 0xE730, 0xE686, 0xE5F3, 0xE580, 0xE535, 0xE51B, 0xE532, 0xE574, 0xE5D9,
    0xE65C, 0xE6F5, 0xE79F, 0xE852, 0xE909, 0xE9BD, 0xEA66, 0xEB00, 0xEB82, 0xEBE8, 0xEC29, 0xEC41, 0xB59E, 0xB589, 0xB54F, 0xB4F5,
    0xB481, 0xB3FB, 0xB369, 0xB2D0, 0xB237, 0xB1A5, 0xB11F, 0xB0AC, 0xB052, 0xB017, 0xB002, 0xB014, 0xB048, 0xB097, 0xB0FE, 0xB176,
    0xB1FC, 0xB288, 0xB318, 0xB3A5, 0xB42A, 0xB4A2, 0xB509, 0xB558, 0xB58C, 0xB59E, 0x7FFF, 0x7FFF, 0x4171, 0xBF5F, 0x7FFF, 0x7FFF,
    0x4171, 0xBF5F, 0x0000, 0x0034, 0x00CA, 0x01B5, 0x02EA, 0x045B, 0x05FE, 0x07C6, 0x09A7, 0x0B96, 0x0D85, 0x0F6A, 0x1138, 0x12E3,
    0x145F, 0x15E8, 0x17B6, 0x19B7, 0x1BD9, 0x1E0B, 0x203B, 0x2256, 0x244B, 0x2608, 0x277A, 0x2891, 0x2939, 0x2962, 0x28F9, 0x27ED,
    0x0000, 0x0000, 0x0000, 0x0000, 0x0000, 0x0000, 0x0000, 0x0000, 0x0000, 0x0000, 0x0000, 0x0000, 0x0000, 0x0000, 0x0000, 0x0001,
    0x0006, 0x000D, 0x0015, 0x001F, 0x0028, 0x0030, 0x0037, 0x003C, 0x003E, 0x003C, 0x0035, 0x002A, 0x0018, 0x0000, 0xFC62, 0xFC53,
    0xFC2B, 0xFBEE, 0xFBA1, 0xFB49, 0xFAEA, 0xFA8B, 0xFA2F, 0xF9DB, 0xF995, 0xF961, 0xF944, 0xF943, 0xF964, 0xF9AF, 0xFA27, 0xFAC3,
    0xFB7C, 0xFC4A, 0xFD25, 0xFE06, 0xFEE3, 0xFFB7, 0x0077, 0x011D, 0x01A2, 0x01FD, 0x0226, 0x0215, 0x0884, 0x40A1, 0x40A7, 0x40B8,
    0x40D2, 0x40F4, 0x411B, 0x4145, 0x4172, 0x419E, 0x41C9, 0x41F0, 0x4211, 0x422B, 0x423C, 0x4242, 0x423D, 0x422E, 0x4217, 0x41F9,
    0x41D6, 0x41AF, 0x4186, 0x415D, 0x4134, 0x410D, 0x40EA, 0x40CC, 0x40B5, 0x40A6, 0x40A1,
};

static const u16 anim_C4_indices[] = {
    0x0001, 0x0000, 0x001E, 0x0001, 0x001E, 0x001F, 0x0001, 0x0000, 0x0001, 0x003D, 0x0001, 0x0000, 0x0001, 0x0000, 0x0001, 0x0000,
    0x001E, 0x03AD, 0x0001, 0x0000, 0x0001, 0x0000, 0x0001, 0x03AC, 0x001E, 0x0352, 0x001E, 0x0370, 0x001E, 0x038E, 0x0001, 0x034E,
    0x0001, 0x034F, 0x0001, 0x0350, 0x001E, 0x00B6, 0x001E, 0x00D4, 0x001E, 0x00F2, 0x0001, 0x0000, 0x0001, 0x0000, 0x001E, 0x0098,
    0x001E, 0x003E, 0x001E, 0x005C, 0x001E, 0x007A, 0x0001, 0x034A, 0x0001, 0x034B, 0x0001, 0x034C, 0x001E, 0x014C, 0x001E, 0x016A,
    0x001E, 0x0188, 0x0001, 0x0000, 0x0001, 0x0000, 0x001E, 0x012E, 0x0001, 0x0000, 0x0001, 0x0000, 0x001E, 0x0110, 0x0001, 0x0000,
    0x0001, 0x0000, 0x0001, 0x034D, 0x001E, 0x02F0, 0x001E, 0x030E, 0x001E, 0x032C, 0x0001, 0x0000, 0x0001, 0x0000, 0x001E, 0x02D2,
    0x001E, 0x0278, 0x001E, 0x0296, 0x001E, 0x02B4, 0x0001, 0x0000, 0x0001, 0x0000, 0x0001, 0x0351, 0x001E, 0x021E, 0x001E, 0x023C,
    0x001E, 0x025A, 0x0001, 0x0000, 0x0001, 0x0000, 0x001E, 0x0200, 0x001E, 0x01A6, 0x001E, 0x01C4, 0x001E, 0x01E2,
};

static const s16 anim_C4_values[] = {
    0x0000, 0x00AB, 0x00AB, 0x00A9, 0x00A8, 0x00A6, 0x00A4, 0x00A2, 0x00A0, 0x009E, 0x009C, 0x009B, 0x0099, 0x0098, 0x0097, 0x0097,
    0x0097, 0x0098, 0x0099, 0x009B, 0x009C, 0x009E, 0x00A0, 0x00A2, 0x00A4, 0x00A6, 0x00A8, 0x00A9, 0x00AB, 0x00AB, 0x00AC, 0xFFFF,
    0xFFFF, 0xFFFF, 0x0000, 0x0000, 0x0000, 0x0000, 0x0001, 0x0001, 0x0002, 0x0002, 0x0003, 0x0003, 0x0003, 0x0003, 0x0003, 0x0003,
    0x0003, 0x0002, 0x0002, 0x0001, 0x0001, 0x0000, 0x0000, 0x0000, 0x0000, 0xFFFF, 0xFFFF, 0xFFFF, 0xFFFF, 0x3FFF, 0x0003, 0x000C,
    0x001A, 0x002C, 0x0041, 0x0058, 0x0071, 0x008A, 0x00A2, 0x00BA, 0x00CF, 0x00E1, 0x00EF, 0x00F8, 0x00FB, 0x00F8, 0x00EF, 0x00E1,
    0x00CF, 0x00BA, 0x00A2, 0x008A, 0x0071, 0x0058, 0x0041, 0x002C, 0x001A, 0x000C, 0x0003, 0x0000, 0xF97C, 0xF97D, 0xF97E, 0xF97F,
    0xF981, 0xF982, 0xF984, 0xF986, 0xF988, 0xF98A, 0xF98B, 0xF98D, 0xF98E, 0xF98E, 0xF98F, 0xF98E, 0xF98E, 0xF98D, 0xF98B, 0xF98A,
    0xF988, 0xF986, 0xF984, 0xF982, 0xF981, 0xF97F, 0xF97E, 0xF97D, 0xF97C, 0xF97C, 0xED77, 0xED3F, 0xECE7, 0xEC76, 0xEBF1, 0xEB5E,
    0xEAC2, 0xEA24, 0xE989, 0xE8F6, 0xE871, 0xE800, 0xE7A8, 0xE76F, 0xE75B, 0xE76F, 0xE7A8, 0xE800, 0xE871, 0xE8F6, 0xE989, 0xEA24,
    0xEAC2, 0xEB5E, 0xEBF1, 0xEC76, 0xECE7, 0xED3F, 0xED77, 0xED8C, 0xCA3F, 0xCA12, 0xC9CD, 0xC974, 0xC90B, 0xC897, 0xC81C, 0xC79F,
    0xC724, 0xC6B0, 0xC647, 0xC5EE, 0xC5A8, 0xC57C, 0xC56C, 0xC57C, 0xC5A8, 0xC5EE, 0xC647, 0xC6B0, 0xC724, 0xC79F, 0xC81C, 0xC897,
    0xC90B, 0xC974, 0xC9CD, 0xCA12, 0xCA3F, 0xCA4F, 0xFAF6, 0xFA87, 0xF9DC, 0xF8FF, 0xF7FC, 0xF6DD, 0xF5AE, 0xF47A, 0xF34A, 0xF22C,
    0xF129, 0xF04C, 0xEFA1, 0xEF32, 0xEF0B, 0xEF32, 0xEFA1, 0xF04C, 0xF129, 0xF22C, 0xF34A, 0xF47A, 0xF5AE, 0xF6DD, 0xF7FC, 0xF8FF,
    0xF9DC, 0xFA87, 0xFAF6, 0xFB1D, 0xD305, 0xD377, 0xD428, 0xD50C, 0xD617, 0xD73F, 0xD878, 0xD9B7, 0xDAF0, 0xDC18, 0xDD24, 0xDE08,
    0xDEB8, 0xDF2B, 0xDF54, 0xDF2B, 0xDEB8, 0xDE08, 0xDD24, 0xDC18, 0xDAF0, 0xD9B7, 0xD878, 0xD73F, 0xD617, 0xD50C, 0xD428, 0xD377,
    0xD305, 0xD2DC, 0xD4EA, 0xD584, 0xD672, 0xD7A5, 0xD90D, 0xDA9B, 0xDC40, 0xDDED, 0xDF92, 0xE120, 0xE288, 0xE3BB, 0xE4A9, 0xE543,
    0xE579, 0xE543, 0xE4A9, 0xE3BB, 0xE288, 0xE120, 0xDF92, 0xDDED, 0xDC40, 0xDA9B, 0xD90D, 0xD7A5, 0xD672, 0xD584, 0xD4EA, 0xD4B4,
    0xF51C, 0xF49D, 0xF3D8, 0xF2DB, 0xF1B2, 0xF069, 0xEF0D, 0xEDAB, 0xEC4F, 0xEB06, 0xE9DD, 0xE8E0, 0xE81B, 0xE79C, 0xE76F, 0xE79C,
    0xE81B, 0xE8E0, 0xE9DD, 0xEB06, 0xEC4F, 0xEDAB, 0xEF0D, 0xF069, 0xF1B2, 0xF2DB, 0xF3D8, 0xF49D, 0xF51C, 0xF549, 0xC7E1, 0xC7ED,
    0xC7FE, 0xC814, 0xC82F, 0xC84C, 0xC86A, 0xC88A, 0xC8A8, 0xC8C5, 0xC8DF, 0xC8F6, 0xC907, 0xC912, 0xC916, 0xC912, 0xC907, 0xC8F6,
    0xC8DF, 0xC8C5, 0xC8A8, 0xC88A, 0xC86A, 0xC84C, 0xC82F, 0xC814, 0xC7FE, 0xC7ED, 0xC7E1, 0xC7DD, 0x0579, 0x05F9, 0x06BF, 0x07BE,
    0x08EA, 0x0A35, 0x0B93, 0x0CF8, 0x0E56, 0x0FA2, 0x10CD, 0x11CC, 0x1292, 0x1313, 0x1340, 0x1313, 0x1292, 0x11CC, 0x10CD, 0x0FA2,
    0x0E56, 0x0CF8, 0x0B93, 0x0A35, 0x08EA, 0x07BE, 0x06BF, 0x05F9, 0x0579, 0x054B, 0x2BC3, 0x2B8B, 0x2B35, 0x2AC7, 0x2A45, 0x29B5,
    0x291D, 0x2882, 0x27EB, 0x275B, 0x26D9, 0x266A, 0x2615, 0x25DD, 0x25C9, 0x25DD, 0x2615, 0x266A, 0x26D9, 0x275B, 0x27EB, 0x2882,
    0x291D, 0x29B5, 0x2A45, 0x2AC7, 0x2B35, 0x2B8B, 0x2BC3, 0x2BD6, 0xCD37, 0xCDED, 0xCF06, 0xD070, 0xD21A, 0xD3F1, 0xD5E3, 0xD7DE,
    0xD9D0, 0xDBA7, 0xDD51, 0xDEBB, 0xDFD5, 0xE08B, 0xE0CB, 0xE08B, 0xDFD5, 0xDEBB, 0xDD51, 0xDBA7, 0xD9D0, 0xD7DE, 0xD5E3, 0xD3F1,
    0xD21A, 0xD070, 0xCF06, 0xCDED, 0xCD37, 0xCCF6, 0x0005, 0x0016, 0x0030, 0x0051, 0x0078, 0x00A3, 0x00D1, 0x00FF, 0x012D, 0x0158,
    0x017F, 0x01A0, 0x01BA, 0x01CB, 0x01D1, 0x01CB, 0x01BA, 0x01A0, 0x017F, 0x0158, 0x012D, 0x00FF, 0x00D1, 0x00A3, 0x0078, 0x0051,
    0x0030, 0x0016, 0x0005, 0x0000, 0xFF32, 0xFF37, 0xFF3E, 0xFF48, 0xFF53, 0xFF60, 0xFF6D, 0xFF7B, 0xFF88, 0xFF95, 0xFFA0, 0xFFAA,
    0xFFB2, 0xFFB6, 0xFFB8, 0xFFB6, 0xFFB2, 0xFFAA, 0xFFA0, 0xFF95, 0xFF88, 0xFF7B, 0xFF6D, 0xFF60, 0xFF53, 0xFF48, 0xFF3E, 0xFF37,
    0xFF32, 0xFF30, 0xC9AE, 0xC936, 0xC87D, 0xC78F, 0xC677, 0xC542, 0xC3FB, 0xC2AE, 0xC167, 0xC032, 0xBF1A, 0xBE2C, 0xBD73, 0xBCFC,
    0xBCD1, 0xBCFC, 0xBD73, 0xBE2C, 0xBF1A, 0xC032, 0xC167, 0xC2AE, 0xC3FB, 0xC542, 0xC677, 0xC78F, 0xC87D, 0xC936, 0xC9AE, 0xC9D8,
    0x1E91, 0x1F5B, 0x2093, 0x2225, 0x23FE, 0x2608, 0x2830, 0x2A63, 0x2C8B, 0x2E96, 0x306E, 0x3200, 0x3338, 0x3402, 0x344A, 0x3402,
    0x3338, 0x3200, 0x306E, 0x2E96, 0x2C8B, 0x2A63, 0x2830, 0x2608, 0x23FE, 0x2225, 0x2093, 0x1F5B, 0x1E91, 0x1E4A, 0x1AFA, 0x1AD0,
    0x1A90, 0x1A3D, 0x19DB, 0x196F, 0x18FD, 0x1889, 0x1817, 0x17AB, 0x1749, 0x16F6, 0x16B5, 0x168C, 0x167D, 0x168C, 0x16B5, 0x16F6,
    0x1749, 0x17AB, 0x1817, 0x1889, 0x18FD, 0x196F, 0x19DB, 0x1A3D, 0x1A90, 0x1AD0, 0x1AFA, 0x1B09, 0x1157, 0x118D, 0x11E0, 0x124B,
    0x12C8, 0x1353, 0x13E6, 0x147B, 0x150E, 0x1599, 0x1616, 0x1681, 0x16D4, 0x170A, 0x171D, 0x170A, 0x16D4, 0x1681, 0x1616, 0x1599,
    0x150E, 0x147B, 0x13E6, 0x1353, 0x12C8, 0x124B, 0x11E0, 0x118D, 0x1157, 0x1144, 0xAC25, 0xABCE, 0xAB47, 0xAA99, 0xA9CD, 0xA8EC,
    0xA7FD, 0xA70A, 0xA61C, 0xA53A, 0xA46E, 0xA3C0, 0xA33A, 0xA2E2, 0xA2C3, 0xA2E2, 0xA33A, 0xA3C0, 0xA46E, 0xA53A, 0xA61C, 0xA70A,
    0xA7FD, 0xA8EC, 0xA9CD, 0xAA99, 0xAB47, 0xABCE, 0xAC25, 0xAC44, 0xFFFB, 0xFFED, 0xFFD6, 0xFFBA, 0xFF98, 0xFF72, 0xFF4B, 0xFF22,
    0xFEFB, 0xFED5, 0xFEB3, 0xFE96, 0xFE80, 0xFE71, 0xFE6C, 0xFE71, 0xFE80, 0xFE96, 0xFEB3, 0xFED5, 0xFEFB, 0xFF22, 0xFF4B, 0xFF72,
    0xFF98, 0xFFBA, 0xFFD6, 0xFFED, 0xFFFB, 0x0000, 0xFFFF, 0xFFFB, 0xFFF6, 0xFFEE, 0xFFE6, 0xFFDC, 0xFFD2, 0xFFC8, 0xFFBE, 0xFFB4,
    0xFFAB, 0xFFA4, 0xFF9E, 0xFF9B, 0xFF99, 0xFF9B, 0xFF9E, 0xFFA4, 0xFFAB, 0xFFB4, 0xFFBE, 0xFFC8, 0xFFD2, 0xFFDC, 0xFFE6, 0xFFEE,
    0xFFF6, 0xFFFB, 0xFFFF, 0x0000, 0xBF1F, 0xBEC2, 0xBE31, 0xBD77, 0xBC9D, 0xBBAB, 0xBAAC, 0xB9A7, 0xB8A8, 0xB7B6, 0xB6DC, 0xB622,
    0xB591, 0xB534, 0xB513, 0xB534, 0xB591, 0xB622, 0xB6DC, 0xB7B6, 0xB8A8, 0xB9A7, 0xBAAC, 0xBBAB, 0xBC9D, 0xBD77, 0xBE31, 0xBEC2,
    0xBF1F, 0xBF40, 0x2571, 0x2616, 0x2714, 0x285C, 0x29DC, 0x2B86, 0x2D48, 0x2F12, 0x30D4, 0x327E, 0x33FF, 0x3547, 0x3645, 0x36E9,
    0x3724, 0x36E9, 0x3645, 0x3547, 0x33FF, 0x327E, 0x30D4, 0x2F12, 0x2D48, 0x2B86, 0x29DC, 0x285C, 0x2714, 0x2616, 0x2571, 0x2537,
    0xD654, 0xD670, 0xD69C, 0xD6D3, 0xD715, 0xD75D, 0xD7AA, 0xD7F8, 0xD845, 0xD88D, 0xD8CF, 0xD907, 0xD932, 0xD94E, 0xD958, 0xD94E,
    0xD932, 0xD907, 0xD8CF, 0xD88D, 0xD845, 0xD7F8, 0xD7AA, 0xD75D, 0xD715, 0xD6D3, 0xD69C, 0xD670, 0xD654, 0xD64A, 0xEC29, 0xEBE8,
    0xEB82, 0xEB00, 0xEA66, 0xE9BD, 0xE909, 0xE852, 0xE79F, 0xE6F5, 0xE65C, 0xE5D9, 0xE574, 0xE532, 0xE51B, 0xE532, 0xE574, 0xE5D9,
    0xE65C, 0xE6F5, 0xE79F, 0xE852, 0xE909, 0xE9BD, 0xEA66, 0xEB00, 0xEB82, 0xEBE8, 0xEC29, 0xEC41, 0xB58C, 0xB558, 0xB509, 0xB4A2,
    0xB42A, 0xB3A5, 0xB318, 0xB288, 0xB1FC, 0xB176, 0xB0FE, 0xB097, 0xB048, 0xB014, 0xB002, 0xB014, 0xB048, 0xB097, 0xB0FE, 0xB176,
    0xB1FC, 0xB288, 0xB318, 0xB3A5, 0xB42A, 0xB4A2, 0xB509, 0xB558, 0xB58C, 0xB59E, 0x7FFF, 0x7FFF, 0x4171, 0xBF5F, 0x7FFF, 0x7FFF,
    0x4171, 0xBF5F, 0x2617, 0x2370, 0x2016, 0x1C26, 0x17BD, 0x12F7, 0x0DF3, 0x08CD, 0x03A2, 0xFE91, 0xF9B5, 0xF52B, 0xF112, 0xED85,
    0xEAA3, 0xE839, 0xE602, 0xE400, 0xE232, 0xE099, 0xDF36, 0xDE09, 0xDD12, 0xDC53, 0xDBCC, 0xDB7E, 0xDB68, 0xDB8C, 0xDBEA, 0xDC83,
    0xFFE1, 0xFFB9, 0xFF8C, 0xFF58, 0xFF21, 0xFEE5, 0xFEA7, 0xFE66, 0xFE25, 0xFDE3, 0xFDA2, 0xFD63, 0xFD26, 0xFCED, 0xFCB8, 0xFC81,
    0xFC44, 0xFC02, 0xFBBD, 0xFB77, 0xFB31, 0xFAEE, 0xFAB0, 0xFA77, 0xFA47, 0xFA21, 0xFA06, 0xF9F8, 0xF9FA, 0xFA0D, 0x01BF, 0x0124,
    0x004F, 0xFF4C, 0xFE23, 0xFCE0, 0xFB8D, 0xFA35, 0xF8E3, 0xF7A1, 0xF67A, 0xF579, 0xF4A8, 0xF411, 0xF3C1, 0xF3B7, 0xF3EA, 0xF452,
    0xF4E4, 0xF59B, 0xF66C, 0xF750, 0xF83E, 0xF92D, 0xFA17, 0xFAF1, 0xFBB4, 0xFC58, 0xFCD3, 0xFD1E, 0x0884, 0x40A6, 0x40B5, 0x40CC,
    0x40EA, 0x410D, 0x4134, 0x415D, 0x4186, 0x41AF, 0x41D6, 0x41F9, 0x4217, 0x422E, 0x423D, 0x4242, 0x423D, 0x422E, 0x4217, 0x41F9,
    0x41D6, 0x41AF, 0x4186, 0x415D, 0x4134, 0x410D, 0x40EA, 0x40CC, 0x40B5, 0x40A6, 0x40A1,
};

static const u16 anim_C5_indices[] = {
    0x0001, 0x0000, 0x001E, 0x0001, 0x001E, 0x001F, 0x0001, 0x0000, 0x0001, 0x003D, 0x0001, 0x0000, 0x0001, 0x0000, 0x0001, 0x0000,
    0x001E, 0x03AD, 0x0001, 0x0000, 0x0001, 0x0000, 0x0001, 0x03AC, 0x001E, 0x0352, 0x001E, 0x0370, 0x001E, 0x038E, 0x0001, 0x034E,
    0x0001, 0x034F, 0x0001, 0x0350, 0x001E, 0x00B6, 0x001E, 0x00D4, 0x001E, 0x00F2, 0x0001, 0x0000, 0x0001, 0x0000, 0x001E, 0x0098,
    0x001E, 0x003E, 0x001E, 0x005C, 0x001E, 0x007A, 0x0001, 0x034A, 0x0001, 0x034B, 0x0001, 0x034C, 0x001E, 0x014C, 0x001E, 0x016A,
    0x001E, 0x0188, 0x0001, 0x0000, 0x0001, 0x0000, 0x001E, 0x012E, 0x0001, 0x0000, 0x0001, 0x0000, 0x001E, 0x0110, 0x0001, 0x0000,
    0x0001, 0x0000, 0x0001, 0x034D, 0x001E, 0x02F0, 0x001E, 0x030E, 0x001E, 0x032C, 0x0001, 0x0000, 0x0001, 0x0000, 0x001E, 0x02D2,
    0x001E, 0x0278, 0x001E, 0x0296, 0x001E, 0x02B4, 0x0001, 0x0000, 0x0001, 0x0000, 0x0001, 0x0351, 0x001E, 0x021E, 0x001E, 0x023C,
    0x001E, 0x025A, 0x0001, 0x0000, 0x0001, 0x0000, 0x001E, 0x0200, 0x001E, 0x01A6, 0x001E, 0x01C4, 0x001E, 0x01E2,
};

static const s16 anim_C5_values[] = {
    0x0000, 0x00AB, 0x00AB, 0x00A9, 0x00A8, 0x00A6, 0x00A4, 0x00A2, 0x00A0, 0x009E, 0x009C, 0x009B, 0x0099, 0x0098, 0x0097, 0x0097,
    0x0097, 0x0098, 0x0099, 0x009B, 0x009C, 0x009E, 0x00A0, 0x00A2, 0x00A4, 0x00A6, 0x00A8, 0x00A9, 0x00AA, 0x00AB, 0x00AB, 0xFFFF,
    0xFFFF, 0xFFFF, 0x0000, 0x0000, 0x0000, 0x0000, 0x0001, 0x0001, 0x0002, 0x0002, 0x0003, 0x0003, 0x0003, 0x0003, 0x0003, 0x0003,
    0x0003, 0x0002, 0x0002, 0x0001, 0x0001, 0x0000, 0x0000, 0x0000, 0x0000, 0xFFFF, 0xFFFF, 0xFFFF, 0xFFFF, 0x3FFF, 0x0003, 0x000C,
    0x001A, 0x002C, 0x0041, 0x0058, 0x0071, 0x008A, 0x00A2, 0x00BA, 0x00CF, 0x00E1, 0x00EF, 0x00F8, 0x00FB, 0x00F8, 0x00EF, 0x00E1,
    0x00D0, 0x00BB, 0x00A4, 0x008B, 0x0073, 0x005A, 0x0043, 0x002E, 0x001D, 0x000F, 0x0006, 0x0003, 0xF97C, 0xF97D, 0xF97E, 0xF97F,
    0xF981, 0xF982, 0xF984, 0xF986, 0xF988, 0xF98A, 0xF98B, 0xF98D, 0xF98E, 0xF98E, 0xF98F, 0xF98E, 0xF98E, 0xF98D, 0xF98B, 0xF98A,
    0xF988, 0xF986, 0xF984, 0xF983, 0xF981, 0xF97F, 0xF97E, 0xF97D, 0xF97C, 0xF97C, 0xED77, 0xED3F, 0xECE7, 0xEC76, 0xEBF2, 0xEB5F,
    0xEAC4, 0xEA26, 0xE98A, 0xE8F7, 0xE872, 0xE801, 0xE7A9, 0xE770, 0xE75B, 0xE76E, 0xE7A6, 0xE7FD, 0xE86C, 0xE8EF, 0xE980, 0xEA1A,
    0xEAB6, 0xEB50, 0xEBE1, 0xEC64, 0xECD4, 0xED2B, 0xED63, 0xED77, 0xCA3F, 0xCA12, 0xC9CD, 0xC973, 0xC90A, 0xC896, 0xC81B, 0xC79E,
    0xC723, 0xC6AF, 0xC646, 0xC5ED, 0xC5A8, 0xC57B, 0xC56C, 0xC57C, 0xC5AA, 0xC5F1, 0xC64B, 0xC6B6, 0xC72C, 0xC7A8, 0xC826, 0xC8A3,
    0xC918, 0xC982, 0xC9DD, 0xCA23, 0xCA50, 0xCA61, 0xFAF6, 0xFA87, 0xF9DC, 0xF900, 0xF7FD, 0xF6DF, 0xF5B0, 0xF47C, 0xF34D, 0xF22F,
    0xF12C, 0xF04F, 0xEFA3, 0xEF33, 0xEF0B, 0xEF30, 0xEF9D, 0xF045, 0xF11F, 0xF21F, 0xF33A, 0xF465, 0xF596, 0xF6C2, 0xF7DD, 0xF8DD,
    0xF9B8, 0xFA61, 0xFACF, 0xFAF6, 0xD305, 0xD377, 0xD427, 0xD50B, 0xD616, 0xD73D, 0xD876, 0xD9B4, 0xDAED, 0xDC15, 0xDD21, 0xDE05,
    0xDEB6, 0xDF2A, 0xDF54, 0xDF2D, 0xDEBC, 0xDE0E, 0xDD2E, 0xDC26, 0xDB01, 0xD9CC, 0xD891, 0xD75C, 0xD637, 0xD52E, 0xD44D, 0xD39E,
    0xD32D, 0xD305, 0xD4EA, 0xD584, 0xD671, 0xD7A3, 0xD90B, 0xDA98, 0xDC3D, 0xDDE9, 0xDF8E, 0xE11C, 0xE284, 0xE3B7, 0xE4A6, 0xE541,
    0xE579, 0xE545, 0xE4AE, 0xE3C4, 0xE296, 0xE132, 0xDFA9, 0xDE09, 0xDC61, 0xDAC1, 0xD937, 0xD7D3, 0xD6A4, 0xD5B9, 0xD520, 0xD4EA,
    0xF51C, 0xF49D, 0xF3D9, 0xF2DC, 0xF1B4, 0xF06B, 0xEF10, 0xEDAE, 0xEC53, 0xEB0A, 0xE9E0, 0xE8E3, 0xE81E, 0xE79E, 0xE76F, 0xE79A,
    0xE817, 0xE8D8, 0xE9D2, 0xEAF7, 0xEC3C, 0xED94, 0xEEF2, 0xF04A, 0xF18F, 0xF2B5, 0xF3AF, 0xF472, 0xF4EF, 0xF51C, 0xC7E1, 0xC7EC,
    0xC7FD, 0xC813, 0xC82D, 0xC84A, 0xC868, 0xC887, 0xC8A6, 0xC8C3, 0xC8DD, 0xC8F4, 0xC905, 0xC911, 0xC916, 0xC914, 0xC90B, 0xC8FC,
    0xC8E8, 0xC8D1, 0xC8B7, 0xC89B, 0xC87F, 0xC864, 0xC849, 0xC832, 0xC81E, 0xC80E, 0xC804, 0xC800, 0x0579, 0x05F9, 0x06BE, 0x07BD,
    0x08E8, 0x0A33, 0x0B91, 0x0CF5, 0x0E53, 0x0F9E, 0x10CA, 0x11CA, 0x1290, 0x1311, 0x1340, 0x1314, 0x1297, 0x11D4, 0x10D9, 0x0FB1,
    0x0E6A, 0x0D10, 0x0BAF, 0x0A55, 0x090D, 0x07E5, 0x06E8, 0x0625, 0x05A6, 0x0579, 0x2BC3, 0x2B8B, 0x2B35, 0x2AC7, 0x2A45, 0x29B6,
    0x291E, 0x2884, 0x27EC, 0x275C, 0x26DA, 0x266C, 0x2616, 0x25DE, 0x25C9, 0x25DC, 0x2613, 0x2667, 0x26D4, 0x2754, 0x27E2, 0x2878,
    0x2911, 0x29A7, 0x2A35, 0x2AB6, 0x2B23, 0x2B78, 0x2BAF, 0x2BC3, 0xCD36, 0xCDEC, 0xCF05, 0xD06F, 0xD218, 0xD3EE, 0xD5DF, 0xD7DA,
    0xD9CB, 0xDBA2, 0xDD4C, 0xDEB7, 0xDFD1, 0xE089, 0xE0CB, 0xE08D, 0xDFDB, 0xDEC6, 0xDD61, 0xDBBC, 0xD9EB, 0xD7FF, 0xD60A, 0xD41E,
    0xD24D, 0xD0A7, 0xCF41, 0xCE2B, 0xCD77, 0xCD37, 0x0005, 0x0016, 0x0030, 0x0051, 0x0078, 0x00A3, 0x00D0, 0x00FF, 0x012C, 0x0158,
    0x017F, 0x01A0, 0x01BA, 0x01CA, 0x01D1, 0x01CD, 0x01C2, 0x01B0, 0x0198, 0x017C, 0x015B, 0x0138, 0x0111, 0x00E9, 0x00C1, 0x0098,
    0x0070, 0x004A, 0x0026, 0x0005, 0xFF32, 0xFF37, 0xFF3E, 0xFF48, 0xFF53, 0xFF60, 0xFF6D, 0xFF7B, 0xFF88, 0xFF95, 0xFFA0, 0xFFAA,
    0xFFB1, 0xFFB6, 0xFFB8, 0xFFB7, 0xFFB4, 0xFFAF, 0xFFA8, 0xFF9F, 0xFF96, 0xFF8B, 0xFF80, 0xFF74, 0xFF69, 0xFF5D, 0xFF51, 0xFF46,
    0xFF3B, 0xFF32, 0xC9AE, 0xC936, 0xC87E, 0xC790, 0xC679, 0xC544, 0xC3FE, 0xC2B1, 0xC16A, 0xC035, 0xBF1D, 0xBE2F, 0xBD75, 0xBCFD,
    0xBCD1, 0xBCEC, 0xBD3C, 0xBDBB, 0xBE64, 0xBF30, 0xC019, 0xC11A, 0xC22C, 0xC34A, 0xC46F, 0xC593, 0xC6B1, 0xC7C4, 0xC8C4, 0xC9AE,
    0x1E91, 0x1F5B, 0x2092, 0x2224, 0x23FB, 0x2605, 0x282C, 0x2A5E, 0x2C86, 0x2E90, 0x3069, 0x31FB, 0x3335, 0x3400, 0x344A, 0x341C,
    0x3395, 0x32BE, 0x31A2, 0x3049, 0x2EBF, 0x2D0E, 0x2B3E, 0x295B, 0x276D, 0x2580, 0x239C, 0x21CD, 0x201B, 0x1E91, 0x1AFA, 0x1AD0,
    0x1A90, 0x1A3D, 0x19DC, 0x1970, 0x18FE, 0x188A, 0x1818, 0x17AC, 0x174A, 0x16F7, 0x16B6, 0x168C, 0x167D, 0x1686, 0x16A2, 0x16CF,
    0x1709, 0x1751, 0x17A2, 0x17FC, 0x185B, 0x18BF, 0x1925, 0x198B, 0x19EF, 0x1A4F, 0x1AA9, 0x1AFA, 0x1157, 0x118D, 0x11E0, 0x124A,
    0x12C8, 0x1352, 0x13E5, 0x147A, 0x150D, 0x1598, 0x1615, 0x1680, 0x16D3, 0x1709, 0x171D, 0x1711, 0x16ED, 0x16B4, 0x1668, 0x160D,
    0x15A4, 0x1531, 0x14B6, 0x1435, 0x13B2, 0x132F, 0x12AE, 0x1233, 0x11C0, 0x1157, 0xAC25, 0xABCE, 0xAB47, 0xAA9A, 0xA9CE, 0xA8ED,
    0xA7FF, 0xA70C, 0xA61E, 0xA53C, 0xA470, 0xA3C2, 0xA33B, 0xA2E3, 0xA2C3, 0xA2D7, 0xA312, 0xA36E, 0xA3E9, 0xA47E, 0xA528, 0xA5E3,
    0xA6AC, 0xA77C, 0xA851, 0xA926, 0xA9F7, 0xAABF, 0xAB7B, 0xAC25, 0xFFFB, 0xFFED, 0xFFD7, 0xFFBA, 0xFF98, 0xFF72, 0xFF4B, 0xFF23,
    0xFEFB, 0xFED5, 0xFEB4, 0xFE97, 0xFE80, 0xFE72, 0xFE6C, 0xFE70, 0xFE79, 0xFE89, 0xFE9D, 0xFEB6, 0xFED2, 0xFEF1, 0xFF12, 0xFF35,
    0xFF59, 0xFF7C, 0xFF9F, 0xFFC0, 0xFFDF, 0xFFFB, 0xFFFF, 0xFFFB, 0xFFF6, 0xFFEE, 0xFFE6, 0xFFDC, 0xFFD2, 0xFFC8, 0xFFBE, 0xFFB4,
    0xFFAC, 0xFFA4, 0xFF9E, 0xFF9B, 0xFF99, 0xFF9A, 0xFF9D, 0xFFA1, 0xFFA6, 0xFFAC, 0xFFB3, 0xFFBB, 0xFFC4, 0xFFCD, 0xFFD6, 0xFFDF,
    0xFFE8, 0xFFF0, 0xFFF8, 0xFFFF, 0xBF1F, 0xBEC2, 0xBE32, 0xBD78, 0xBC9E, 0xBBAD, 0xBAAE, 0xB9AA, 0xB8AA, 0xB7B9, 0xB6DE, 0xB624,
    0xB593, 0xB535, 0xB513, 0xB528, 0xB566, 0xB5CA, 0xB64D, 0xB6ED, 0xB7A3, 0xB86C, 0xB942, 0xBA22, 0xBB06, 0xBBEA, 0xBCCA, 0xBDA0,
    0xBE69, 0xBF1F, 0x2571, 0x2615, 0x2713, 0x285A, 0x29DA, 0x2B83, 0x2D45, 0x2F0F, 0x30D0, 0x327A, 0x33FB, 0x3543, 0x3642, 0x36E8,
    0x3724, 0x36FF, 0x3690, 0x35E1, 0x34FA, 0x33E1, 0x32A0, 0x313F, 0x2FC5, 0x2E3B, 0x2CA9, 0x2B17, 0x298D, 0x2813, 0x26B2, 0x2571,
    0xD654, 0xD670, 0xD69B, 0xD6D3, 0xD715, 0xD75D, 0xD7AA, 0xD7F8, 0xD844, 0xD88D, 0xD8CE, 0xD906, 0xD932, 0xD94E, 0xD958, 0xD952,
    0xD93F, 0xD921, 0xD8FA, 0xD8CA, 0xD893, 0xD857, 0xD817, 0xD7D4, 0xD78F, 0xD74B, 0xD707, 0xD6C7, 0xD68B, 0xD654, 0xEC2A, 0xEBE8,
    0xEB83, 0xEB00, 0xEA67, 0xE9BE, 0xE90B, 0xE854, 0xE7A1, 0xE6F7, 0xE65D, 0xE5DB, 0xE575, 0xE533, 0xE51B, 0xE52A, 0xE556, 0xE59B,
    0xE5F8, 0xE668, 0xE6E8, 0xE775, 0xE80B, 0xE8A8, 0xE949, 0xE9E9, 0xEA86, 0xEB1D, 0xEBA9, 0xEC29, 0xB58C, 0xB559, 0xB509, 0xB4A3,
    0xB42B, 0xB3A6, 0xB319, 0xB28A, 0xB1FD, 0xB178, 0xB0FF, 0xB099, 0xB049, 0xB015, 0xB002, 0xB00E, 0xB030, 0xB067, 0xB0AF, 0xB107,
    0xB16C, 0xB1DA, 0xB250, 0xB2CC, 0xB34A, 0xB3C7, 0xB443, 0xB4B9, 0xB527, 0xB58C, 0x7FFF, 0x7FFF, 0x4171, 0xBF5F, 0x7FFF, 0x7FFF,
    0x4171, 0xBF5F, 0xDD83, 0xDF09, 0xE101, 0xE358, 0xE5FB, 0xE8D7, 0xEBD8, 0xEEEA, 0xF1FB, 0xF4F7, 0xF7CA, 0xFA62, 0xFCAA, 0xFE90,
    0x0000, 0x0107, 0x01C6, 0x0245, 0x028B, 0x02A0, 0x028E, 0x025A, 0x020F, 0x01B4, 0x0150, 0x00EC, 0x0091, 0x0045, 0x0012, 0x0000,
    0xFA36, 0xFA75, 0xFAC9, 0xFB2D, 0xFB9E, 0xFC19, 0xFC9A, 0xFD1E, 0xFDA3, 0xFE24, 0xFE9E, 0xFF0E, 0xFF71, 0xFFC3, 0x0000, 0x002C,
    0x004C, 0x0061, 0x006D, 0x0070, 0x006D, 0x0065, 0x0058, 0x0049, 0x0038, 0x0027, 0x0018, 0x000B, 0x0003, 0x0000, 0xFD3C, 0xFD3A,
    0xFD1A, 0xFCE3, 0xFC99, 0xFC3F, 0xFBDB, 0xFB72, 0xFB07, 0xFA9F, 0xFA3E, 0xF9EA, 0xF9A7, 0xF978, 0xF964, 0xF968, 0xF980, 0xF9A7,
    0xF9DD, 0xFA1C, 0xFA64, 0xFAB0, 0xFAFE, 0xFB4B, 0xFB94, 0xFBD6, 0xFC0F, 0xFC3B, 0xFC58, 0xFC62, 0x0884, 0x40A6, 0x40B5, 0x40CC,
    0x40EA, 0x410D, 0x4134, 0x415C, 0x4186, 0x41AF, 0x41D6, 0x41F9, 0x4217, 0x422E, 0x423D, 0x4242, 0x423F, 0x4235, 0x4225, 0x4210,
    0x41F6, 0x41D9, 0x41B9, 0x4197, 0x4173, 0x414E, 0x412A, 0x4106, 0x40E4, 0x40C4, 0x40A6,
};

static const u16 anim_C8_indices[] = {
    0x0001, 0x0000, 0x0014, 0x0001, 0x0014, 0x0015, 0x0001, 0x0000, 0x0001, 0x0029, 0x0001, 0x0000, 0x0001, 0x0000, 0x0001, 0x0000,
    0x0014, 0x0324, 0x0014, 0x02E8, 0x0014, 0x02FC, 0x0014, 0x0310, 0x0014, 0x02AC, 0x0014, 0x02C0, 0x0014, 0x02D4, 0x0014, 0x026F,
    0x0014, 0x0283, 0x0014, 0x0297, 0x0014, 0x007A, 0x0014, 0x008E, 0x0014, 0x00A2, 0x0001, 0x0000, 0x0001, 0x0000, 0x0014, 0x0066,
    0x0014, 0x002A, 0x0014, 0x003E, 0x0014, 0x0052, 0x0014, 0x0232, 0x0014, 0x0246, 0x0014, 0x025A, 0x0014, 0x0106, 0x0014, 0x011A,
    0x0014, 0x012E, 0x0001, 0x0000, 0x0001, 0x0000, 0x0014, 0x00F2, 0x0014, 0x00B6, 0x0014, 0x00CA, 0x0014, 0x00DE, 0x0001, 0x0000,
    0x0001, 0x0000, 0x0001, 0x026E, 0x0014, 0x01F6, 0x0014, 0x020A, 0x0014, 0x021E, 0x0001, 0x0000, 0x0001, 0x0000, 0x0014, 0x01E2,
    0x0001, 0x0000, 0x0001, 0x0000, 0x0014, 0x01CE, 0x0001, 0x0000, 0x0001, 0x0000, 0x0001, 0x02AB, 0x0014, 0x0192, 0x0014, 0x01A6,
    0x0014, 0x01BA, 0x0001, 0x0000, 0x0001, 0x0000, 0x0014, 0x017E, 0x0014, 0x0142, 0x0014, 0x0156, 0x0014, 0x016A,
};

static const s16 anim_C8_values[] = {
    0x0000, 0x0035, 0x0035, 0x0033, 0x0030, 0x002E, 0x002D, 0x002D, 0x002F, 0x0034, 0x0046, 0x0065, 0x007B, 0x0085, 0x008E, 0x0096,
    0x009D, 0x00A2, 0x00A7, 0x00A9, 0x00AA, 0xFF5A, 0xFF5B, 0xFF5E, 0xFF63, 0xFF6A, 0xFF72, 0xFF7C, 0xFF86, 0xFF92, 0xFFA7, 0xFFC6,
    0xFFDA, 0xFFE4, 0xFFEB, 0xFFF2, 0xFFF7, 0xFFFA, 0xFFFD, 0xFFFE, 0xFFFF, 0x3FFF, 0x0816, 0x0816, 0x0816, 0x0816, 0x0816, 0x0816,
    0x0816, 0x0816, 0x0816, 0x06F9, 0x04B6, 0x02E5, 0x0208, 0x0175, 0x010F, 0x00B6, 0x0065, 0x002C, 0x000B, 0x0000, 0xE285, 0xE285,
    0xE285, 0xE285, 0xE285, 0xE285, 0xE285, 0xE285, 0xE285, 0xE90D, 0xF5F0, 0xFF1F, 0x0160, 0x0118, 0xFFA6, 0xFE64, 0xFD3A, 0xFB96,
    0xFA1E, 0xF97C, 0xEA2F, 0xEA2F, 0xEA2F, 0xEA2F, 0xEA2F, 0xEA2F, 0xEA2F, 0xEA2F, 0xEA2F, 0xEED0, 0xF7BB, 0xFD79, 0xFD95, 0xFB78,
    0xF871, 0xF5D0, 0xF367, 0xF0AF, 0xEE77, 0xED8C, 0xF5E7, 0xF5E7, 0xF5E7, 0xF5E7, 0xF5E7, 0xF5E7, 0xF5E7, 0xF5E7, 0xF5E7, 0xF5E7,
    0xF5E7, 0xF5E7, 0xF20E, 0xE90B, 0xDEAC, 0xD6BC, 0xD1BB, 0xCDCC, 0xCB3B, 0xCA4F, 0x6E83, 0x6E83, 0x6E83, 0x6E83, 0x6E83, 0x6E83,
    0x6E83, 0x6E83, 0x6E83, 0x6E83, 0x6E83, 0x6E83, 0x6833, 0x58E0, 0x45F1, 0x34CF, 0x23AE, 0x10BF, 0x016C, 0xFB1D, 0x9FAC, 0x9FAC,
    0x9FAC, 0x9FAC, 0x9FAC, 0x9FAC, 0x9FAC, 0x9FAC, 0x9FAC, 0x9FAC, 0x9FAC, 0x9FAC, 0xA279, 0xA945, 0xB1AB, 0xB944, 0xC0DD, 0xC943,
    0xD00F, 0xD2DC, 0x5146, 0x5146, 0x5146, 0x5146, 0x5146, 0x5146, 0x5146, 0x5146, 0x5146, 0x5146, 0x5146, 0x5146, 0x5876, 0x69EA,
    0x7F7A, 0x92FD, 0xA67F, 0xBC0F, 0xCD84, 0xD4B4, 0xF345, 0xF345, 0xF345, 0xF345, 0xF345, 0xF345, 0xF345, 0xF345, 0xF345, 0xF59A,
    0xFA49, 0xFDD7, 0xFF2B, 0xFFBD, 0xFFEB, 0x0013, 0x0037, 0x002C, 0x0010, 0x0000, 0x2351, 0x2351, 0x2351, 0x2351, 0x2351, 0x2351,
    0x2351, 0x2351, 0x2351, 0x1DD2, 0x12B4, 0x0A05, 0x0646, 0x0424, 0x02E3, 0x01CC, 0x00D0, 0x0045, 0x000B, 0x0000, 0xDF86, 0xDF86,
    0xDF86, 0xDF86, 0xDF86, 0xDF86, 0xDF86, 0xDF86, 0xDF86, 0xE291, 0xE8C1, 0xEDB1, 0xF005, 0xF187, 0xF291, 0xF378, 0xF449, 0xF4DA,
    0xF52E, 0xF549, 0xFA63, 0xFA63, 0xFA63, 0xFA63, 0xFA63, 0xFA63, 0xFA63, 0xFA63, 0xFA63, 0xFA63, 0xFA63, 0xFA63, 0xF619, 0xEC06,
    0xE060, 0xD759, 0xD160, 0xCC73, 0xC91A, 0xC7DD, 0x131C, 0x131C, 0x131C, 0x131C, 0x131C, 0x131C, 0x131C, 0x131C, 0x131C, 0x131C,
    0x131C, 0x131C, 0x1566, 0x1A42, 0x1EB0, 0x1FAE, 0x1A96, 0x11A0, 0x0918, 0x054B, 0xEC4C, 0xEC4C, 0xEC4C, 0xEC4C, 0xEC4C, 0xEC4C,
    0xEC4C, 0xEC4C, 0xEC4C, 0xEC4C, 0xEC4C, 0xEC4C, 0xF47B, 0x0745, 0x1C0C, 0x2A30, 0x2EEA, 0x2EFC, 0x2D12, 0x2BD6, 0xE0B0, 0xE0B0,
    0xE0B0, 0xE0B0, 0xE0B0, 0xE0B0, 0xE0B0, 0xE0B0, 0xE0B0, 0xE0B0, 0xE0B0, 0xE0B0, 0xE44F, 0xEC07, 0xF321, 0xF4E7, 0xED46, 0xDFB3,
    0xD2BD, 0xCCF6, 0xFFB8, 0xFFB7, 0xFFB4, 0xFFB1, 0xFFAE, 0xFFAC, 0xFFAC, 0xFFB0, 0xFFB8, 0xFFD8, 0x000A, 0x0028, 0x002C, 0x0029,
    0x0023, 0x001A, 0x0011, 0x0008, 0x0002, 0x0000, 0xFF3D, 0xFF48, 0xFF64, 0xFF87, 0xFFA6, 0xFFB8, 0xFFB3, 0xFF8D, 0xFF3D, 0xFDE3,
    0xFBCD, 0xFAB8, 0xFAE9, 0xFB6A, 0xFC21, 0xFCF3, 0xFDC5, 0xFE7D, 0xFEFF, 0xFF30, 0xD81B, 0xD853, 0xD8DB, 0xD984, 0xDA1C, 0xDA74,
    0xDA5C, 0xD9A4, 0xD81B, 0xD1CC, 0xC7ED, 0xC216, 0xC16D, 0xC1D7, 0xC305, 0xC4AB, 0xC67A, 0xC825, 0xC95E, 0xC9D8, 0x0366, 0x052F,
    0x0A05, 0x111A, 0x19A4, 0x22D5, 0x2BE3, 0x3402, 0x3A66, 0x3E0B, 0x3ED1, 0x3D40, 0x39F7, 0x358A, 0x3076, 0x2B37, 0x264A, 0x222B,
    0x1F57, 0x1E4A, 0x0CE2, 0x0C9B, 0x0BD9, 0x0ABD, 0x0968, 0x07FB, 0x0695, 0x0557, 0x0462, 0x0395, 0x034C, 0x0462, 0x06EF, 0x0A3D,
    0x0DF7, 0x11C5, 0x1551, 0x1844, 0x1A49, 0x1B09, 0x0EFE, 0x0F21, 0x0F7F, 0x1008, 0x10AE, 0x115F, 0x120C, 0x12A7, 0x131D, 0x1352,
    0x1346, 0x131D, 0x12E8, 0x12A3, 0x1255, 0x1206, 0x11BC, 0x117E, 0x1154, 0x1144, 0x961D, 0x956F, 0x939B, 0x90EE, 0x8DB8, 0x8A46,
    0x86E6, 0x83E7, 0x8198, 0x7FE7, 0x7F75, 0x8198, 0x8666, 0x8CA0, 0x93A4, 0x9ACF, 0xA17E, 0xA70D, 0xAADB, 0xAC44, 0xCEBC, 0xCEF2,
    0xCF75, 0xD016, 0xD0A9, 0xD0FE, 0xD0E6, 0xD035, 0xCEBC, 0xC8B3, 0xBF3D, 0xB98C, 0xB8B7, 0xB8DB, 0xB9B4, 0xBAFE, 0xBC75, 0xBDD5,
    0xBEDA, 0xBF40, 0x0710, 0x090A, 0x0E60, 0x162F, 0x1F95, 0x29B0, 0x339C, 0x3C76, 0x435D, 0x46E6, 0x470A, 0x44FE, 0x4187, 0x3CF2,
    0x37BA, 0x325D, 0x2D57, 0x2927, 0x2647, 0x2537, 0xF169, 0xF1B0, 0xF271, 0xF38B, 0xF4DD, 0xF649, 0xF7AC, 0xF8E8, 0xF9DB, 0xFAEB,
    0xFB77, 0xF9DB, 0xF5DA, 0xF0AA, 0xEAD0, 0xE4D7, 0xDF45, 0xDAA3, 0xD777, 0xD64A, 0xF279, 0xF24D, 0xF1D5, 0xF125, 0xF052, 0xEF70,
    0xEE93, 0xEDCE, 0xED37, 0xED05, 0xED26, 0xED37, 0xED1B, 0xECF7, 0xECCF, 0xECA5, 0xEC7F, 0xEC5F, 0xEC49, 0xEC41, 0x973B, 0x9686,
    0x949E, 0x91D4, 0x8E7A, 0x8AE2, 0x875D, 0x843E, 0x81D5, 0x7FEC, 0x7F4F, 0x81D5, 0x87AA, 0x8F38, 0x97BC, 0xA06F, 0xA88B, 0xAF4B,
    0xB3E8, 0xB59E, 0x9524, 0x9524, 0x9524, 0x9524, 0x9524, 0x9524, 0x9524, 0x9524, 0x9524, 0x9524, 0x9524, 0x9524, 0x93FC, 0x912D,
    0x8DB5, 0x8A91, 0x876E, 0x83F5, 0x8127, 0x7FFF, 0x5D21, 0x5D21, 0x5D21, 0x5D21, 0x5D21, 0x5D21, 0x5D21, 0x5D21, 0x5D21, 0x5D21,
    0x5D21, 0x5D21, 0x5F0A, 0x63AB, 0x6963, 0x6E90, 0x73BD, 0x7975, 0x7E16, 0x7FFF, 0x475E, 0x475E, 0x475E, 0x475E, 0x475E, 0x475E,
    0x475E, 0x475E, 0x475E, 0x475E, 0x475E, 0x475E, 0x470B, 0x4641, 0x4548, 0x4467, 0x4386, 0x428D, 0x41C4, 0x4171, 0xBF5F, 0x90BE,
    0x90BE, 0x90BE, 0x90BE, 0x90BE, 0x90BE, 0x90BE, 0x90BE, 0x90BE, 0x90BE, 0x90BE, 0x90BE, 0x8FD3, 0x8D9A, 0x8ADA, 0x885E, 0x85E2,
    0x8322, 0x80E9, 0x7FFF, 0x7987, 0x7987, 0x7987, 0x7987, 0x7987, 0x7987, 0x7987, 0x7987, 0x7987, 0x7987, 0x7987, 0x7987, 0x79E1,
    0x7ABD, 0x7BCD, 0x7CC3, 0x7DB8, 0x7EC8, 0x7FA4, 0x7FFF, 0x4B8C, 0x4B8C, 0x4B8C, 0x4B8C, 0x4B8C, 0x4B8C, 0x4B8C, 0x4B8C, 0x4B8C,
    0x4B8C, 0x4B8C, 0x4B8C, 0x4AFF, 0x49A7, 0x47FE, 0x467E, 0x44FE, 0x4356, 0x41FE, 0x4171, 0xBF5F, 0xFD80, 0xFDA5, 0xFE03, 0xFE87,
    0xFF19, 0xFFA6, 0x0017, 0x0058, 0x0073, 0x0081, 0x0083, 0x007D, 0x0070, 0x005F, 0x004A, 0x0035, 0x0020, 0x000F, 0x0004, 0x0000,
    0xFEF8, 0xFEDF, 0xFEA0, 0xFE4B, 0xFDF0, 0xFD9F, 0xFD68, 0xFD5B, 0xFD74, 0xFDA1, 0xFDDC, 0xFE24, 0xFE72, 0xFEC3, 0xFF13, 0xFF5D,
    0xFF9E, 0xFFD2, 0xFFF4, 0x0000, 0x26DC, 0x2434, 0x1D4C, 0x13B5, 0x0902, 0xFEC9, 0xF699, 0xF207, 0xF05A, 0xEFB0, 0xEFDF, 0xF0BD,
    0xF21E, 0xF3DA, 0xF5C5, 0xF7B6, 0xF982, 0xFAFE, 0xFC02, 0xFC62, 0xFF6C, 0xFF6F, 0xFF78, 0xFF84, 0xFF92, 0xFFA1, 0xFFAE, 0xFFB7,
    0xFFBF, 0xFFC8, 0xFFD0, 0xFFD8, 0xFFE0, 0xFFE8, 0xFFEF, 0xFFF5, 0xFFF9, 0xFFFD, 0x0000, 0x0000, 0x00A3, 0x00A7, 0x00AF, 0x00BB,
    0x00C7, 0x00D0, 0x00D4, 0x00D0, 0x00C5, 0x00B4, 0x00A1, 0x008B, 0x0073, 0x005B, 0x0043, 0x002E, 0x001B, 0x000D, 0x0003, 0x0000,
    0x0F98, 0x108B, 0x12FA, 0x1648, 0x19D8, 0x1D0B, 0x1F44, 0x1FE5, 0x1F1F, 0x1DA5, 0x1B9D, 0x192B, 0x1677, 0x13A5, 0x10DB, 0x0E3F,
    0x0BF5, 0x0A24, 0x08F2, 0x0884, 0x2968, 0x2968, 0x2968, 0x2968, 0x2968, 0x2968, 0x2968, 0x2968, 0x2968, 0x32C3, 0x4489, 0x4F4C,
    0x5048, 0x4F61, 0x4D21, 0x4A13, 0x46C1, 0x43B6, 0x417D, 0x40A1,
};

static const u16 anim_C9_indices[] = {
    0x0015, 0x0001, 0x0015, 0x0016, 0x0015, 0x002B, 0x0001, 0x0000, 0x0001, 0x0040, 0x0001, 0x0000, 0x0015, 0x038B, 0x0015, 0x03A0,
    0x0015, 0x03B5, 0x0015, 0x034C, 0x0015, 0x0361, 0x0015, 0x0376, 0x0015, 0x030D, 0x0015, 0x0322, 0x0015, 0x0337, 0x0015, 0x02CD,
    0x0015, 0x02E2, 0x0015, 0x02F7, 0x0015, 0x0095, 0x0015, 0x00AA, 0x0015, 0x00BF, 0x0001, 0x0000, 0x0001, 0x0000, 0x0015, 0x0080,
    0x0015, 0x0041, 0x0015, 0x0056, 0x0015, 0x006B, 0x0015, 0x028D, 0x0015, 0x02A2, 0x0015, 0x02B7, 0x0015, 0x0128, 0x0015, 0x013D,
    0x0015, 0x0152, 0x0001, 0x0000, 0x0001, 0x0000, 0x0015, 0x0113, 0x0015, 0x00D4, 0x0015, 0x00E9, 0x0015, 0x00FE, 0x0001, 0x0000,
    0x0001, 0x0000, 0x0001, 0x02CC, 0x0015, 0x024E, 0x0015, 0x0263, 0x0015, 0x0278, 0x0001, 0x0000, 0x0001, 0x0000, 0x0015, 0x0239,
    0x0015, 0x01FA, 0x0015, 0x020F, 0x0015, 0x0224, 0x0001, 0x0000, 0x0001, 0x0000, 0x0001, 0x030C, 0x0015, 0x01BB, 0x0015, 0x01D0,
    0x0015, 0x01E5, 0x0001, 0x0000, 0x0001, 0x0000, 0x0015, 0x01A6, 0x0015, 0x0167, 0x0015, 0x017C, 0x0015, 0x0191,
};

static const s16 anim_C9_values[] = {
    0x0000, 0x0000, 0x0000, 0x0000, 0x0000, 0x0000, 0x0000, 0x0000, 0x0000, 0xFFFF, 0xFFFC, 0xFFF9, 0xFFF7, 0xFFF6, 0xFFF6, 0xFFF7,
    0xFFF8, 0xFFFA, 0xFFFC, 0xFFFE, 0x0000, 0x0000, 0x0066, 0x0067, 0x0068, 0x0068, 0x0066, 0x005F, 0x0055, 0x0051, 0x0054, 0x0059,
    0x0061, 0x0068, 0x006F, 0x0075, 0x007B, 0x0082, 0x0089, 0x0092, 0x009D, 0x00A6, 0x00AA, 0xFF5A, 0xFF59, 0xFF58, 0xFF58, 0xFF5A,
    0xFF5E, 0xFF65, 0xFF6E, 0xFF7B, 0xFF89, 0xFF99, 0xFFA8, 0xFFB5, 0xFFC0, 0xFFCA, 0xFFD4, 0xFFDE, 0xFFE8, 0xFFF3, 0xFFFB, 0xFFFF,
    0x3FFF, 0xF772, 0xF709, 0xF65B, 0xF638, 0xF772, 0xFBD2, 0x01FB, 0x0609, 0x0748, 0x07B1, 0x0763, 0x0679, 0x0512, 0x022B, 0xFDD2,
    0xF9B7, 0xF78D, 0xF875, 0xFB4D, 0xFE60, 0xFFFD, 0xF00D, 0xEFB6, 0xEF25, 0xEF08, 0xF00D, 0xF3A9, 0xF8C1, 0xFC2F, 0xFD66, 0xFDFD,
    0xFDFD, 0xFD73, 0xFC68, 0xF9ED, 0xF617, 0xF27B, 0xF0AF, 0xF1CC, 0xF4BD, 0xF7DA, 0xF978, 0xE2ED, 0xE287, 0xE1DC, 0xE1BA, 0xE2ED,
    0xE72E, 0xED2D, 0xF133, 0xF284, 0xF301, 0xF2D6, 0xF232, 0xF141, 0xEF4D, 0xEC4C, 0xE970, 0xE7EA, 0xE87F, 0xEA64, 0xEC74, 0xED89,
    0xC0C8, 0xC028, 0xBF1F, 0xBEE9, 0xC0C8, 0xC71E, 0xD02D, 0xD6F8, 0xD847, 0xD716, 0xD7B0, 0xDF91, 0xE5A3, 0xE30F, 0xDDF2, 0xD828,
    0xD390, 0xD040, 0xCD55, 0xCB38, 0xCA51, 0x7347, 0x7423, 0x74EE, 0x74E6, 0x7347, 0x6EDE, 0x6816, 0x6096, 0x5BE2, 0x5677, 0x476F,
    0x1913, 0xEE94, 0xE590, 0xE57A, 0xE98B, 0xECFE, 0xEFFE, 0xF49E, 0xF8F4, 0xFB18, 0x88D4, 0x87CF, 0x8743, 0x8780, 0x88D4, 0x8B9C,
    0x9027, 0x96A9, 0xA15A, 0xAE03, 0xB638, 0xB08D, 0xA9DA, 0xAD81, 0xB3BB, 0xBAC7, 0xC0E5, 0xC67A, 0xCC37, 0xD0C7, 0xD2D7, 0x5E7C,
    0x5E53, 0x5E60, 0x5E7A, 0x5E7C, 0x5D9D, 0x5CAA, 0x5DDC, 0x5F10, 0x626A, 0x7086, 0xA03E, 0xCDAA, 0xD9A3, 0xDCEF, 0xDC00, 0xDB47,
    0xDACB, 0xD890, 0xD60D, 0xD4B7, 0xF852, 0xF6AD, 0xF3A0, 0xF00C, 0xECD2, 0xEABD, 0xE8F5, 0xE5E3, 0xDDF4, 0xD88D, 0xE028, 0xE9BF,
    0xEE1B, 0xF1BC, 0xF4CF, 0xF782, 0xF9FF, 0xFC4B, 0xFE2D, 0xFF78, 0xFFFF, 0x1329, 0x107B, 0x0BAA, 0x075C, 0x0636, 0x0B97, 0x14EC,
    0x1BF4, 0x1BDB, 0x1850, 0x12AF, 0x0D1F, 0x0A70, 0x0843, 0x0675, 0x04E6, 0x0372, 0x021B, 0x0107, 0x004C, 0x0000, 0xC27F, 0xC841,
    0xD2C8, 0xDDC5, 0xE4E7, 0xE52E, 0xE0E6, 0xDBB5, 0xD441, 0xCFC0, 0xD865, 0xE2AA, 0xE6CD, 0xE9FF, 0xEC84, 0xEEA6, 0xF0A9, 0xF286,
    0xF3F7, 0xF4E9, 0xF549, 0xC6F6, 0xC666, 0xC575, 0xC545, 0xC6F6, 0xCD52, 0xD624, 0xDB18, 0xD1E2, 0xCB49, 0xE133, 0xF861, 0xEC6C,
    0xE2EE, 0xD967, 0xD106, 0xCAF5, 0xC7EA, 0xC71A, 0xC771, 0xC7DC, 0x7A64, 0x6F06, 0x59F3, 0x4186, 0x2C17, 0x1BA9, 0x0E0D, 0x0356,
    0xFF59, 0xFFFD, 0x011F, 0x036E, 0x0645, 0x09A4, 0x0CE6, 0x0F68, 0x1085, 0x0EF5, 0x0B36, 0x0752, 0x0550, 0x3394, 0x2C36, 0x1E8F,
    0x0EBA, 0x00D5, 0xF528, 0xEB4C, 0xE662, 0xEE3E, 0xFA2C, 0x00CF, 0x0691, 0x0B6D, 0x1013, 0x1488, 0x18D4, 0x1CFD, 0x218D, 0x264C,
    0x2A19, 0x2BD2, 0x0265, 0x0084, 0xFD13, 0xF972, 0xF702, 0xF670, 0xF744, 0xF925, 0xFFA8, 0x01F1, 0xEE8E, 0xDBC6, 0xD93F, 0xDA43,
    0xDCE7, 0xDF3E, 0xDF5D, 0xDBAE, 0xD5A2, 0xCFDC, 0xCCFD, 0xFFEF, 0xFFFE, 0x0019, 0x0035, 0x0046, 0x0041, 0x002E, 0x001C, 0xFFF7,
    0xFFD0, 0xFFF8, 0x012B, 0x027B, 0x0314, 0x0388, 0x03BE, 0x039E, 0x02E5, 0x01B4, 0x0091, 0x0001, 0xFF31, 0xFF33, 0xFF37, 0xFF3A,
    0xFF3C, 0xFF3A, 0xFF35, 0xFF31, 0xFF30, 0xFF2F, 0xFF2F, 0xFF2C, 0xFF2F, 0xFF43, 0xFF5D, 0xFF74, 0xFF7E, 0xFF72, 0xFF58, 0xFF3E,
    0xFF30, 0xCD1B, 0xCA0F, 0xC482, 0xBEE0, 0xBB95, 0xBCBD, 0xC0B7, 0xC452, 0xC70B, 0xC9C1, 0xCB56, 0xCA4F, 0xC804, 0xC5BA, 0xC32F,
    0xC12B, 0xC07B, 0xC205, 0xC51F, 0xC83E, 0xC9D4, 0x4D24, 0x4DE6, 0x4F29, 0x4F69, 0x4D24, 0x448F, 0x38AD, 0x322A, 0x3365, 0x37B9,
    0x3D57, 0x426C, 0x4527, 0x4516, 0x4332, 0x3FCE, 0x3B3E, 0x3407, 0x2AA2, 0x2251, 0x1E53, 0x01C0, 0x017F, 0x00FA, 0xFFF3, 0xFE2C,
    0xFA8C, 0xF5E5, 0xF2D4, 0xF18C, 0xF0A0, 0xF049, 0xF0BB, 0xF22F, 0xF572, 0xFA86, 0x006A, 0x0623, 0x0C4B, 0x12FE, 0x187C, 0x1B03,
    0x089B, 0x071C, 0x0484, 0x030A, 0x04E7, 0x0E7D, 0x1C63, 0x2526, 0x26AD, 0x25D8, 0x23A1, 0x2106, 0x1F01, 0x1D6F, 0x1B9D, 0x19B2,
    0x17D5, 0x15D5, 0x13BB, 0x120B, 0x1146, 0x9AAE, 0x9698, 0x8F03, 0x8624, 0x7E2F, 0x7733, 0x7107, 0x6D9B, 0x6CA0, 0x6C87, 0x6D60,
    0x6F3B, 0x722A, 0x7736, 0x7E88, 0x86DF, 0x8EF3, 0x97A5, 0xA10A, 0xA8B6, 0xAC3C, 0x0000, 0x0000, 0x0000, 0x0000, 0x0000, 0x0025,
    0x004B, 0x0000, 0xFF0A, 0xFDB0, 0xFC3E, 0xFB04, 0xFA4E, 0xFA58, 0xFAF3, 0xFBD4, 0xFCAE, 0xFD9A, 0xFEAB, 0xFF93, 0x0000, 0x0000,
    0x0000, 0x0000, 0x0000, 0x0000, 0x0001, 0x0003, 0x0000, 0xFFF4, 0xFFE3, 0xFFD0, 0xFFC1, 0xFFB8, 0xFFB8, 0xFFC0, 0xFFCB, 0xFFD6,
    0xFFE2, 0xFFEF, 0xFFFB, 0x0000, 0xD266, 0xD0A0, 0xCD97, 0xCA83, 0xC89F, 0xC955, 0xCB7D, 0xCC75, 0xCB7B, 0xC9CC, 0xC7CA, 0xC5D6,
    0xC451, 0xC34D, 0xC286, 0xC1E0, 0xC13F, 0xC092, 0xBFF1, 0xBF76, 0xBF41, 0x4224, 0x4240, 0x41F9, 0x41C8, 0x4224, 0x441E, 0x46BD,
    0x4770, 0x457A, 0x424E, 0x3E9F, 0x3B1F, 0x3881, 0x3752, 0x36FC, 0x3682, 0x34E7, 0x3120, 0x2C06, 0x2772, 0x253C, 0xD9F3, 0xD6E5,
    0xD177, 0xCD11, 0xCD17, 0xD65A, 0xE53A, 0xF076, 0xF681, 0xFBBF, 0xFFE0, 0x028E, 0x037B, 0x017B, 0xFC94, 0xF638, 0xEFDE, 0xE8B1,
    0xE076, 0xD98C, 0xD652, 0x087E, 0x076E, 0x057D, 0x0292, 0xFE96, 0xF7EA, 0xEFB9, 0xEA15, 0xE7B1, 0xE64D, 0xE593, 0xE52F, 0xE4CC,
    0xE46B, 0xE454, 0xE49B, 0xE553, 0xE6EA, 0xE92C, 0xEB3D, 0xEC3E, 0xC0C7, 0xC085, 0xBFFD, 0xBE46, 0xBA76, 0xB1A4, 0xA5FF, 0x9E47,
    0x9BCD, 0x9AFC, 0x9B35, 0x9BDA, 0x9C4D, 0x9C49, 0x9C66, 0x9D4C, 0x9FA4, 0xA4CE, 0xABF6, 0xB272, 0xB597, 0x9527, 0x9527, 0x9527,
    0x9527, 0x9527, 0x9555, 0x9583, 0x9527, 0x936E, 0x9142, 0x8F21, 0x8CEB, 0x8B00, 0x8917, 0x873E, 0x8585, 0x83FC, 0x8294, 0x8152,
    0x8067, 0x8002, 0x5D21, 0x5D21, 0x5D21, 0x5D21, 0x5D21, 0x5CD5, 0x5C88, 0x5D21, 0x5FF7, 0x638D, 0x670F, 0x6AB5, 0x6DDE, 0x7105,
    0x7411, 0x76E8, 0x796F, 0x7BC1, 0x7DD3, 0x7F57, 0x7FFD, 0x475E, 0x475E, 0x475E, 0x475E, 0x475E, 0x476B, 0x4778, 0x475E, 0x46E2,
    0x4646, 0x45AE, 0x450F, 0x4485, 0x43FC, 0x4378, 0x42FC, 0x428E, 0x4229, 0x41CF, 0x418D, 0x4171, 0xBF5F, 0x90C1, 0x90C1, 0x90C1,
    0x90C1, 0x90C1, 0x90F6, 0x912A, 0x90C1, 0x8FA0, 0x8E2F, 0x8C90, 0x8AE6, 0x8955, 0x87CB, 0x8639, 0x84BB, 0x8371, 0x8245, 0x812E,
    0x805D, 0x8002, 0x7987, 0x7987, 0x7987, 0x7987, 0x7987, 0x7972, 0x795E, 0x7987, 0x79F6, 0x7A85, 0x7B25, 0x7BC9, 0x7C65, 0x7CFC,
    0x7D98, 0x7E2B, 0x7EAB, 0x7F1F, 0x7F8A, 0x7FDB, 0x7FFE, 0x4B8C, 0x4B8C, 0x4B8C, 0x4B8C, 0x4B8C, 0x4BAC, 0x4BCC, 0x4B8C, 0x4ADE,
    0x49FF, 0x4905, 0x4804, 0x4711, 0x4624, 0x4531, 0x444B, 0x4384, 0x42CE, 0x4226, 0x41A8, 0x4171, 0xBF5F, 0xFC93, 0xFC5B, 0xFB1C,
    0xF961, 0xF7B8, 0xF508, 0xF23D, 0xF2EB, 0xF7C4, 0xFE77, 0x0607, 0x0D7A, 0x13D5, 0x181D, 0x1757, 0x1231, 0x0D2D, 0x092E, 0x04DD,
    0x0169, 0x0000, 0xFCBF, 0xFA75, 0xF5E4, 0xF148, 0xEEDC, 0xF0CB, 0xF556, 0xF8D7, 0xFA6D, 0xFBAF, 0xFCAE, 0xFD7D, 0xFE2D, 0xFED1,
    0xFF00, 0xFEB5, 0xFE95, 0xFEE6, 0xFF60, 0xFFD0, 0x0000, 0x1A73, 0x170A, 0x105C, 0x098B, 0x05B9, 0x0882, 0x0EDA, 0x11E2, 0x1041,
    0x0D6F, 0x09C9, 0x05AD, 0x0175, 0xFD81, 0xF885, 0xF31F, 0xF081, 0xF245, 0xF65D, 0xFA7F, 0xFC62, 0x1603, 0x15DF, 0x157E, 0x13D8,
    0x0FE8, 0x093F, 0x00D1, 0xF7AB, 0xEEDA, 0xE76D, 0xE2D8, 0xE02C, 0xDCDB, 0xD57B, 0xDB11, 0xE265, 0xEA85, 0xF27F, 0xF95E, 0xFE2F,
    0x0000, 0xFC95, 0xFA18, 0xF5B9, 0xF1B0, 0xF035, 0xF1B5, 0xF4BF, 0xF8BB, 0xFD11, 0x0129, 0x0596, 0x0A71, 0x0E71, 0x0DBE, 0x0BA7,
    0x092D, 0x0690, 0x0415, 0x01FC, 0x008A, 0x0000, 0x1A0F, 0x1955, 0x1798, 0x14BF, 0x10B5, 0x0A66, 0x0225, 0xF9FB, 0xF3EA, 0xF1F9,
    0xF9D6, 0x0969, 0x1716, 0x1807, 0x15D5, 0x1318, 0x1023, 0x0D48, 0x0AD9, 0x0927, 0x0884, 0xB079, 0xB910, 0xC912, 0xDC52, 0xEEA3,
    0x0148, 0x1396, 0x1E70, 0x2121, 0x2085, 0x1DE1, 0x1A76, 0x1788, 0x14CE, 0x115D, 0x0D8A, 0x09A8, 0x0609, 0x0301, 0x00E3, 0x0001,
    0x3A85, 0x3A0B, 0x390F, 0x3710, 0x338C, 0x2CE4, 0x2426, 0x1CD2, 0x1728, 0x116B, 0x0C18, 0x07AE, 0x04AB, 0x02D3, 0x0185, 0x00AB,
    0x002E, 0xFFF6, 0xFFEB, 0xFFF6, 0x0000, 0xEE75, 0xF837, 0x0A30, 0x1E0C, 0x2D76, 0x3480, 0x3699, 0x387A, 0x3C5B, 0x40D0, 0x4519,
    0x4876, 0x4A27, 0x4A38, 0x4962, 0x47EB, 0x4619, 0x4430, 0x4275, 0x412F, 0x40A2,
};

/* 0x01: anim_01_02.inc.c */
static const struct Animation anim_01_static = {
    1, 189, 0, 0, 80, 20,
    anim_01_02_values, anim_01_02_indices, 0
};

/* 0x03: anim_03.inc.c */
static const struct Animation anim_03_static = {
    1, 189, 0, 0, 64, 20,
    anim_03_values, anim_03_indices, 0
};

/* 0x04: anim_04.inc.c */
static const struct Animation anim_04_static = {
    1, 189, 0, 0, 33, 20,
    anim_04_values, anim_04_indices, 0
};

/* 0x0F: anim_0F_10.inc.c */
static const struct Animation anim_0F_static = {
    1, 189, 0, 0, 1, 20,
    anim_0F_10_values, anim_0F_10_indices, 0
};

/* 0x10: anim_0F_10.inc.c */
static const struct Animation anim_10_static = {
    1, 189, 1, 0, 18, 20,
    anim_0F_10_values, anim_0F_10_indices, 0
};

/* 0x11: anim_11.inc.c */
static const struct Animation anim_11_static = {
    1, 189, 0, 0, 16, 20,
    anim_11_values, anim_11_indices, 0
};

/* 0x12: anim_12.inc.c */
static const struct Animation anim_12_static = {
    1, 189, 0, 0, 18, 20,
    anim_12_values, anim_12_indices, 0
};

/* 0x13: anim_13.inc.c */
static const struct Animation anim_13_static = {
    1, 189, 0, 0, 23, 20,
    anim_13_values, anim_13_indices, 0
};

/* 0x14: anim_14.inc.c */
static const struct Animation anim_14_static = {
    1, 189, 0, 0, 15, 20,
    anim_14_values, anim_14_indices, 0
};

/* 0x2C: anim_2C_2D.inc.c */
static const struct Animation anim_2C_static = {
    1, 189, 0, 0, 80, 20,
    anim_2C_2D_values, anim_2C_2D_indices, 0
};

/* 0x2E: anim_2E.inc.c */
static const struct Animation anim_2E_static = {
    1, 189, 0, 0, 47, 20,
    anim_2E_values, anim_2E_indices, 0
};

/* 0x3A: anim_3A.inc.c */
static const struct Animation anim_3A_static = {
    1, 189, 0, 0, 6, 20,
    anim_3A_values, anim_3A_indices, 0
};

/* 0x3C: anim_3C_3D.inc.c */
static const struct Animation anim_3C_static = {
    1, 189, 0, 0, 11, 20,
    anim_3C_3D_values, anim_3C_3D_indices, 0
};

/* 0x3D: anim_3C_3D.inc.c */
static const struct Animation anim_3D_static = {
    1, 189, 10, 0, 11, 20,
    anim_3C_3D_values, anim_3C_3D_indices, 0
};

/* 0x48: anim_48.inc.c */
static const struct Animation anim_48_static = {
    0, 189, 0, 0, 77, 20,
    anim_48_values, anim_48_indices, 0
};

/* 0x4B: anim_4B.inc.c */
static const struct Animation anim_4B_static = {
    1, 189, 0, 0, 18, 20,
    anim_4B_values, anim_4B_indices, 0
};

/* 0x4C: anim_4C.inc.c */
static const struct Animation anim_4C_static = {
    1, 189, 0, 0, 9, 20,
    anim_4C_values, anim_4C_indices, 0
};

/* 0x4D: anim_4D_4E.inc.c */
static const struct Animation anim_4D_static = {
    1, 189, 0, 0, 12, 20,
    anim_4D_4E_values, anim_4D_4E_indices, 0
};

/* 0x4E: anim_4D_4E.inc.c */
static const struct Animation anim_4E_static = {
    1, 189, 22, 0, 38, 20,
    anim_4D_4E_values, anim_4D_4E_indices, 0
};

/* 0x4F: anim_4F.inc.c */
static const struct Animation anim_4F_static = {
    1, 189, 0, 0, 21, 20,
    anim_4F_values, anim_4F_indices, 0
};

/* 0x50: anim_50.inc.c */
static const struct Animation anim_50_static = {
    1, 189, 0, 0, 6, 20,
    anim_50_values, anim_50_indices, 0
};

/* 0x53: anim_53.inc.c */
static const struct Animation anim_53_static = {
    1, 189, 0, 0, 25, 20,
    anim_53_values, anim_53_indices, 0
};

/* 0x56: anim_56_57.inc.c */
static const struct Animation anim_56_static = {
    1, 189, 0, 0, 1, 20,
    anim_56_57_values, anim_56_57_indices, 0
};

/* 0x57: anim_56_57.inc.c */
static const struct Animation anim_57_static = {
    1, 189, 9, 0, 24, 20,
    anim_56_57_values, anim_56_57_indices, 0
};

/* 0x5A: anim_5A.inc.c */
static const struct Animation anim_5A_static = {
    1, 189, 0, 0, 38, 20,
    anim_5A_values, anim_5A_indices, 0
};

/* 0x66: anim_66.inc.c */
static const struct Animation anim_66_static = {
    1, 189, 0, 0, 26, 20,
    anim_66_values, anim_66_indices, 0
};

/* 0x67: anim_67.inc.c */
static const struct Animation anim_67_static = {
    1, 189, 0, 0, 5, 20,
    anim_67_values, anim_67_indices, 0
};

/* 0x68: anim_68.inc.c */
static const struct Animation anim_68_static = {
    1, 189, 0, 0, 4, 20,
    anim_68_values, anim_68_indices, 0
};

/* 0x69: anim_69.inc.c */
static const struct Animation anim_69_static = {
    1, 189, 0, 0, 10, 20,
    anim_69_values, anim_69_indices, 0
};

/* 0x6A: anim_6A.inc.c */
static const struct Animation anim_6A_static = {
    1, 189, 0, 0, 13, 20,
    anim_6A_values, anim_6A_indices, 0
};

/* 0x6F: anim_6F_70.inc.c */
static const struct Animation anim_6F_static = {
    0, 189, 0, 0, 10, 20,
    anim_6F_70_values, anim_6F_70_indices, 0
};

/* 0x71: anim_71.inc.c */
static const struct Animation anim_71_static = {
    1, 189, 0, 0, 24, 20,
    anim_71_values, anim_71_indices, 0
};

/* 0x72: anim_72_73.inc.c */
static const struct Animation anim_72_static = {
    0, 189, 0, 0, 72, 20,
    anim_72_73_values, anim_72_73_indices, 0
};

/* 0x81: anim_81.inc.c */
static const struct Animation anim_81_static = {
    1, 189, 0, 0, 50, 20,
    anim_81_values, anim_81_indices, 0
};

/* 0x82: anim_82.inc.c */
static const struct Animation anim_82_static = {
    1, 189, 0, 0, 67, 20,
    anim_82_values, anim_82_indices, 0
};

/* 0x83: anim_83.inc.c */
static const struct Animation anim_83_static = {
    1, 189, 0, 0, 59, 20,
    anim_83_values, anim_83_indices, 0
};

/* 0x84: anim_84.inc.c */
static const struct Animation anim_84_static = {
    1, 189, 0, 0, 64, 20,
    anim_84_values, anim_84_indices, 0
};

/* 0x85: anim_85.inc.c */
static const struct Animation anim_85_static = {
    0, 189, 0, 0, 40, 20,
    anim_85_values, anim_85_indices, 0
};

/* 0x86: anim_86.inc.c */
static const struct Animation anim_86_static = {
    1, 189, 0, 0, 40, 20,
    anim_86_values, anim_86_indices, 0
};

/* 0x87: anim_87.inc.c */
static const struct Animation anim_87_static = {
    0, 189, 0, 0, 50, 20,
    anim_87_values, anim_87_indices, 0
};

/* 0x88: anim_88_89.inc.c */
static const struct Animation anim_88_static = {
    1, 189, 0, 0, 20, 20,
    anim_88_89_values, anim_88_89_indices, 0
};

/* 0x8C: anim_8C.inc.c */
static const struct Animation anim_8C_static = {
    1, 189, 0, 0, 8, 20,
    anim_8C_values, anim_8C_indices, 0
};

/* 0x8F: anim_8E_8F.inc.c */
static const struct Animation anim_8F_static = {
    1, 189, 1, 0, 20, 20,
    anim_8E_8F_values, anim_8E_8F_indices, 0
};

/* 0x96: anim_96.inc.c */
static const struct Animation anim_96_static = {
    1, 189, 0, 0, 10, 20,
    anim_96_values, anim_96_indices, 0
};

/* 0x97: anim_97.inc.c */
static const struct Animation anim_97_static = {
    1, 189, 0, 0, 6, 20,
    anim_97_values, anim_97_indices, 0
};

/* 0x98: anim_98.inc.c */
static const struct Animation anim_98_static = {
    0, 189, 0, 0, 90, 20,
    anim_98_values, anim_98_indices, 0
};

/* 0x99: anim_99.inc.c */
static const struct Animation anim_99_static = {
    0, 189, 0, 0, 92, 20,
    anim_99_values, anim_99_indices, 0
};

/* 0x9A: anim_9A.inc.c */
static const struct Animation anim_9A_static = {
    1, 189, 0, 0, 8, 20,
    anim_9A_values, anim_9A_indices, 0
};

/* 0x9B: anim_9B.inc.c */
static const struct Animation anim_9B_static = {
    1, 189, 0, 0, 8, 20,
    anim_9B_values, anim_9B_indices, 0
};

/* 0xBC: anim_BC_BD.inc.c */
static const struct Animation anim_BC_static = {
    1, 189, 0, 0, 1, 20,
    anim_BC_BD_values, anim_BC_BD_indices, 0
};

/* 0xBD: anim_BC_BD.inc.c */
static const struct Animation anim_BD_static = {
    1, 189, 1, 0, 18, 20,
    anim_BC_BD_values, anim_BC_BD_indices, 0
};

/* 0xBF: anim_BF.inc.c */
static const struct Animation anim_BF_static = {
    1, 189, 0, 0, 24, 20,
    anim_BF_values, anim_BF_indices, 0
};

/* 0xC0: anim_C0.inc.c */
static const struct Animation anim_C0_static = {
    1, 189, 0, 0, 32, 20,
    anim_C0_values, anim_C0_indices, 0
};

/* 0xC1: anim_C1.inc.c */
static const struct Animation anim_C1_static = {
    1, 189, 0, 0, 36, 20,
    anim_C1_values, anim_C1_indices, 0
};

/* 0xC3: anim_C3.inc.c */
static const struct Animation anim_C3_static = {
    1, 189, 0, 0, 30, 20,
    anim_C3_values, anim_C3_indices, 0
};

/* 0xC4: anim_C4.inc.c */
static const struct Animation anim_C4_static = {
    1, 189, 0, 0, 30, 20,
    anim_C4_values, anim_C4_indices, 0
};

/* 0xC5: anim_C5.inc.c */
static const struct Animation anim_C5_static = {
    1, 189, 0, 0, 30, 20,
    anim_C5_values, anim_C5_indices, 0
};

/* 0xC8: anim_C8.inc.c */
static const struct Animation anim_C8_static = {
    1, 189, 6, 0, 20, 20,
    anim_C8_values, anim_C8_indices, 0
};

/* 0xC9: anim_C9.inc.c */
static const struct Animation anim_C9_static = {
    1, 189, 0, 0, 21, 20,
    anim_C9_values, anim_C9_indices, 0
};

const struct Animation *sm64_get_static_anim(int id) {
    switch(id) {
        case 1: return &anim_01_static;
        case 3: return &anim_03_static;
        case 4: return &anim_04_static;
        case 15: return &anim_0F_static;
        case 16: return &anim_10_static;
        case 17: return &anim_11_static;
        case 18: return &anim_12_static;
        case 19: return &anim_13_static;
        case 20: return &anim_14_static;
        case 44: return &anim_2C_static;
        case 46: return &anim_2E_static;
        case 58: return &anim_3A_static;
        case 60: return &anim_3C_static;
        case 61: return &anim_3D_static;
        case 72: return &anim_48_static;
        case 75: return &anim_4B_static;
        case 76: return &anim_4C_static;
        case 77: return &anim_4D_static;
        case 78: return &anim_4E_static;
        case 79: return &anim_4F_static;
        case 80: return &anim_50_static;
        case 83: return &anim_53_static;
        case 86: return &anim_56_static;
        case 87: return &anim_57_static;
        case 90: return &anim_5A_static;
        case 102: return &anim_66_static;
        case 103: return &anim_67_static;
        case 104: return &anim_68_static;
        case 105: return &anim_69_static;
        case 106: return &anim_6A_static;
        case 111: return &anim_6F_static;
        case 113: return &anim_71_static;
        case 114: return &anim_72_static;
        case 129: return &anim_81_static;
        case 130: return &anim_82_static;
        case 131: return &anim_83_static;
        case 132: return &anim_84_static;
        case 133: return &anim_85_static;
        case 134: return &anim_86_static;
        case 135: return &anim_87_static;
        case 136: return &anim_88_static;
        case 140: return &anim_8C_static;
        case 143: return &anim_8F_static;
        case 150: return &anim_96_static;
        case 151: return &anim_97_static;
        case 152: return &anim_98_static;
        case 153: return &anim_99_static;
        case 154: return &anim_9A_static;
        case 155: return &anim_9B_static;
        case 188: return &anim_BC_static;
        case 189: return &anim_BD_static;
        case 191: return &anim_BF_static;
        case 192: return &anim_C0_static;
        case 193: return &anim_C1_static;
        case 195: return &anim_C3_static;
        case 196: return &anim_C4_static;
        case 197: return &anim_C5_static;
        case 200: return &anim_C8_static;
        case 201: return &anim_C9_static;
        default: return &anim_C3_static;
    }
}
